split,person_id,label,source_file,recording_name,chunk_index,feature_path,mfcc_height,mfcc_width,padded
train,Abe Burrows,dementia,dementia/Abe Burrows/AbeBurrows_5.wav,AbeBurrows_5,1,C:\Users\sricb\OneDrive\Desktop\AI dementia dection\AI-Powered-Multimodal-Dementia-System\data\audio\features\mfcc\train\Abe Burrows\AbeBurrows_5_chunk_001.npy,40,313,False
train,Abe Burrows,dementia,dementia/Abe Burrows/AbeBurrows_5.wav,AbeBurrows_5,2,C:\Users\sricb\OneDrive\Desktop\AI dementia dection\AI-Powered-Multimodal-Dementia-System\data\audio\features\mfcc\train\Abe Burrows\AbeBurrows_5_chunk_002.npy,40,313,False
train,Abe Burrows,dementia,dementia/Abe Burrows/AbeBurrows_5.wav,AbeBurrows_5,3,C:\Users\sricb\OneDrive\Desktop\AI dementia dection\AI-Powered-Multimodal-Dementia-System\data\audio\features\mfcc\train\Abe Burrows\AbeBurrows_5_chunk_003.npy,40,313,False
train,Abe Burrows,dementia,dementia/Abe Burrows/AbeBurrows_5.wav,AbeBurrows_5,4,C:\Users\sricb\OneDrive\Desktop\AI dementia dection\AI-Powered-Multimodal-Dementia-System\data\audio\features\mfcc\train\Abe Burrows\AbeBurrows_5_chunk_004.npy,40,313,False
train,Abe Burrows,dementia,dementia/Abe Burrows/AbeBurrows_5.wav,AbeBurrows_5,5,C:\Users\sricb\OneDrive\Desktop\AI dementia dection\AI-Powered-Multimodal-Dementia-System\data\audio\features\mfcc\train\Abe Burrows\AbeBurrows_5_chunk_005.npy,40,313,False
train,Abe Burrows,dementia,dementia/Abe Burrows/AbeBurrows_5.wav,AbeBurrows_5,6,C:\Users\sricb\OneDrive\Desktop\AI dementia dection\AI-Powered-Multimodal-Dementia-System\data\audio\features\mfcc\train\Abe Burrows\AbeBurrows_5_chunk_006.npy,40,313,False
train,Abe Burrows,dementia,dementia/Abe Burrows/AbeBurrows_5.wav,AbeBurrows_5,7,C:\Users\sricb\OneDrive\Desktop\AI dementia dection\AI-Powered-Multimodal-Dementia-System\data\audio\features\mfcc\train\Abe Burrows\AbeBurrows_5_chunk_007.npy,40,313,False
train,Abe Burrows,dementia,dementia/Abe Burrows/AbeBurrows_5.wav,AbeBurrows_5,8,C:\Users\sricb\OneDrive\Desktop\AI dementia dection\AI-Powered-Multimodal-Dementia-System\data\audio\features\mfcc\train\Abe Burrows\AbeBurrows_5_chunk_008.npy,40,313,False
train,Abe Burrows,dementia,dementia/Abe Burrows/AbeBurrows_5.wav,AbeBurrows_5,9,C:\Users\sricb\OneDrive\Desktop\AI dementia dection\AI-Powered-Multimodal-Dementia-System\data\audio\features\mfcc\train\Abe Burrows\AbeBurrows_5_chunk_009.npy,40,313,False
train,Abe Burrows,dementia,dementia/Abe Burrows/AbeBurrows_5.wav,AbeBurrows_5,10,C:\Users\sricb\OneDrive\Desktop\AI dementia dection\AI-Powered-Multimodal-Dementia-System\data\audio\features\mfcc\train\Abe Burrows\AbeBurrows_5_chunk_010.npy,40,313,False
train,Abe Burrows,dementia,dementia/Abe Burrows/AbeBurrows_5.wav,AbeBurrows_5,11,C:\Users\sricb\OneDrive\Desktop\AI dementia dection\AI-Powered-Multimodal-Dementia-System\data\audio\features\mfcc\train\Abe Burrows\AbeBurrows_5_chunk_011.npy,40,313,False
train,Abe Burrows,dementia,dementia/Abe Burrows/AbeBurrows_5.wav,AbeBurrows_5,12,C:\Users\sricb\OneDrive\Desktop\AI dementia dection\AI-Powered-Multimodal-Dementia-System\data\audio\features\mfcc\train\Abe Burrows\AbeBurrows_5_chunk_012.npy,40,313,False
train,Abe Burrows,dementia,dementia/Abe Burrows/AbeBurrows_5.wav,AbeBurrows_5,13,C:\Users\sricb\OneDrive\Desktop\AI dementia dection\AI-Powered-Multimodal-Dementia-System\data\audio\features\mfcc\train\Abe Burrows\AbeBurrows_5_chunk_013.npy,40,313,False
train,Abe Burrows,dementia,dementia/Abe Burrows/AbeBurrows_5.wav,AbeBurrows_5,14,C:\Users\sricb\OneDrive\Desktop\AI dementia dection\AI-Powered-Multimodal-Dementia-System\data\audio\features\mfcc\train\Abe Burrows\AbeBurrows_5_chunk_014.npy,40,313,True
train,Abe Burrows,dementia,dementia/Abe Burrows/AbeBurrows_5.wav,AbeBurrows_5,15,C:\Users\sricb\OneDrive\Desktop\AI dementia dection\AI-Powered-Multimodal-Dementia-System\data\audio\features\mfcc\train\Abe Burrows\AbeBurrows_5_chunk_015.npy,40,313,True
train,Alan Ramsey,dementia,dementia/Alan Ramsey/alanramsey_10.wav,alanramsey_10,1,C:\Users\sricb\OneDrive\Desktop\AI dementia dection\AI-Powered-Multimodal-Dementia-System\data\audio\features\mfcc\train\Alan Ramsey\alanramsey_10_chunk_001.npy,40,313,False
train,Alan Ramsey,dementia,dementia/Alan Ramsey/alanramsey_10.wav,alanramsey_10,2,C:\Users\sricb\OneDrive\Desktop\AI dementia dection\AI-Powered-Multimodal-Dementia-System\data\audio\features\mfcc\train\Alan Ramsey\alanramsey_10_chunk_002.npy,40,313,False
train,Alan Ramsey,dementia,dementia/Alan Ramsey/alanramsey_10.wav,alanramsey_10,3,C:\Users\sricb\OneDrive\Desktop\AI dementia dection\AI-Powered-Multimodal-Dementia-System\data\audio\features\mfcc\train\Alan Ramsey\alanramsey_10_chunk_003.npy,40,313,False
train,Alan Ramsey,dementia,dementia/Alan Ramsey/alanramsey_10.wav,alanramsey_10,4,C:\Users\sricb\OneDrive\Desktop\AI dementia dection\AI-Powered-Multimodal-Dementia-System\data\audio\features\mfcc\train\Alan Ramsey\alanramsey_10_chunk_004.npy,40,313,False
train,Alan Ramsey,dementia,dementia/Alan Ramsey/alanramsey_10.wav,alanramsey_10,5,C:\Users\sricb\OneDrive\Desktop\AI dementia dection\AI-Powered-Multimodal-Dementia-System\data\audio\features\mfcc\train\Alan Ramsey\alanramsey_10_chunk_005.npy,40,313,False
train,Alan Ramsey,dementia,dementia/Alan Ramsey/alanramsey_10.wav,alanramsey_10,6,C:\Users\sricb\OneDrive\Desktop\AI dementia dection\AI-Powered-Multimodal-Dementia-System\data\audio\features\mfcc\train\Alan Ramsey\alanramsey_10_chunk_006.npy,40,313,False
train,Alan Ramsey,dementia,dementia/Alan Ramsey/alanramsey_10.wav,alanramsey_10,7,C:\Users\sricb\OneDrive\Desktop\AI dementia dection\AI-Powered-Multimodal-Dementia-System\data\audio\features\mfcc\train\Alan Ramsey\alanramsey_10_chunk_007.npy,40,313,False
train,Alan Ramsey,dementia,dementia/Alan Ramsey/alanramsey_10.wav,alanramsey_10,8,C:\Users\sricb\OneDrive\Desktop\AI dementia dection\AI-Powered-Multimodal-Dementia-System\data\audio\features\mfcc\train\Alan Ramsey\alanramsey_10_chunk_008.npy,40,313,False
train,Alan Ramsey,dementia,dementia/Alan Ramsey/alanramsey_10.wav,alanramsey_10,9,C:\Users\sricb\OneDrive\Desktop\AI dementia dection\AI-Powered-Multimodal-Dementia-System\data\audio\features\mfcc\train\Alan Ramsey\alanramsey_10_chunk_009.npy,40,313,False
train,Alan Ramsey,dementia,dementia/Alan Ramsey/alanramsey_10.wav,alanramsey_10,10,C:\Users\sricb\OneDrive\Desktop\AI dementia dection\AI-Powered-Multimodal-Dementia-System\data\audio\features\mfcc\train\Alan Ramsey\alanramsey_10_chunk_010.npy,40,313,False
train,Alan Ramsey,dementia,dementia/Alan Ramsey/alanramsey_10.wav,alanramsey_10,11,C:\Users\sricb\OneDrive\Desktop\AI dementia dection\AI-Powered-Multimodal-Dementia-System\data\audio\features\mfcc\train\Alan Ramsey\alanramsey_10_chunk_011.npy,40,313,True
train,Allan Burns,dementia,dementia/Allan Burns/AllanBurns_5.wav,AllanBurns_5,1,C:\Users\sricb\OneDrive\Desktop\AI dementia dection\AI-Powered-Multimodal-Dementia-System\data\audio\features\mfcc\train\Allan Burns\AllanBurns_5_chunk_001.npy,40,313,False
train,Allan Burns,dementia,dementia/Allan Burns/AllanBurns_5.wav,AllanBurns_5,2,C:\Users\sricb\OneDrive\Desktop\AI dementia dection\AI-Powered-Multimodal-Dementia-System\data\audio\features\mfcc\train\Allan Burns\AllanBurns_5_chunk_002.npy,40,313,False
train,Allan Burns,dementia,dementia/Allan Burns/AllanBurns_5.wav,AllanBurns_5,3,C:\Users\sricb\OneDrive\Desktop\AI dementia dection\AI-Powered-Multimodal-Dementia-System\data\audio\features\mfcc\train\Allan Burns\AllanBurns_5_chunk_003.npy,40,313,False
train,Allan Burns,dementia,dementia/Allan Burns/AllanBurns_5.wav,AllanBurns_5,4,C:\Users\sricb\OneDrive\Desktop\AI dementia dection\AI-Powered-Multimodal-Dementia-System\data\audio\features\mfcc\train\Allan Burns\AllanBurns_5_chunk_004.npy,40,313,False
train,Allan Burns,dementia,dementia/Allan Burns/AllanBurns_5.wav,AllanBurns_5,5,C:\Users\sricb\OneDrive\Desktop\AI dementia dection\AI-Powered-Multimodal-Dementia-System\data\audio\features\mfcc\train\Allan Burns\AllanBurns_5_chunk_005.npy,40,313,False
train,Allan Burns,dementia,dementia/Allan Burns/AllanBurns_5.wav,AllanBurns_5,6,C:\Users\sricb\OneDrive\Desktop\AI dementia dection\AI-Powered-Multimodal-Dementia-System\data\audio\features\mfcc\train\Allan Burns\AllanBurns_5_chunk_006.npy,40,313,False
train,Allan Burns,dementia,dementia/Allan Burns/AllanBurns_5.wav,AllanBurns_5,7,C:\Users\sricb\OneDrive\Desktop\AI dementia dection\AI-Powered-Multimodal-Dementia-System\data\audio\features\mfcc\train\Allan Burns\AllanBurns_5_chunk_007.npy,40,313,False
train,Allan Burns,dementia,dementia/Allan Burns/AllanBurns_5.wav,AllanBurns_5,8,C:\Users\sricb\OneDrive\Desktop\AI dementia dection\AI-Powered-Multimodal-Dementia-System\data\audio\features\mfcc\train\Allan Burns\AllanBurns_5_chunk_008.npy,40,313,False
train,Allan Burns,dementia,dementia/Allan Burns/AllanBurns_5.wav,AllanBurns_5,9,C:\Users\sricb\OneDrive\Desktop\AI dementia dection\AI-Powered-Multimodal-Dementia-System\data\audio\features\mfcc\train\Allan Burns\AllanBurns_5_chunk_009.npy,40,313,False
train,Allan Burns,dementia,dementia/Allan Burns/AllanBurns_5.wav,AllanBurns_5,10,C:\Users\sricb\OneDrive\Desktop\AI dementia dection\AI-Powered-Multimodal-Dementia-System\data\audio\features\mfcc\train\Allan Burns\AllanBurns_5_chunk_010.npy,40,313,False
train,Allan Burns,dementia,dementia/Allan Burns/AllanBurns_5.wav,AllanBurns_5,11,C:\Users\sricb\OneDrive\Desktop\AI dementia dection\AI-Powered-Multimodal-Dementia-System\data\audio\features\mfcc\train\Allan Burns\AllanBurns_5_chunk_011.npy,40,313,False
train,Allan Burns,dementia,dementia/Allan Burns/AllanBurns_5.wav,AllanBurns_5,12,C:\Users\sricb\OneDrive\Desktop\AI dementia dection\AI-Powered-Multimodal-Dementia-System\data\audio\features\mfcc\train\Allan Burns\AllanBurns_5_chunk_012.npy,40,313,False
train,Allan Burns,dementia,dementia/Allan Burns/AllanBurns_5.wav,AllanBurns_5,13,C:\Users\sricb\OneDrive\Desktop\AI dementia dection\AI-Powered-Multimodal-Dementia-System\data\audio\features\mfcc\train\Allan Burns\AllanBurns_5_chunk_013.npy,40,313,False
train,Allan Burns,dementia,dementia/Allan Burns/AllanBurns_5.wav,AllanBurns_5,14,C:\Users\sricb\OneDrive\Desktop\AI dementia dection\AI-Powered-Multimodal-Dementia-System\data\audio\features\mfcc\train\Allan Burns\AllanBurns_5_chunk_014.npy,40,313,False
train,Allan Burns,dementia,dementia/Allan Burns/AllanBurns_5.wav,AllanBurns_5,15,C:\Users\sricb\OneDrive\Desktop\AI dementia dection\AI-Powered-Multimodal-Dementia-System\data\audio\features\mfcc\train\Allan Burns\AllanBurns_5_chunk_015.npy,40,313,False
train,Allan Burns,dementia,dementia/Allan Burns/AllanBurns_5.wav,AllanBurns_5,16,C:\Users\sricb\OneDrive\Desktop\AI dementia dection\AI-Powered-Multimodal-Dementia-System\data\audio\features\mfcc\train\Allan Burns\AllanBurns_5_chunk_016.npy,40,313,False
train,Allan Burns,dementia,dementia/Allan Burns/AllanBurns_5.wav,AllanBurns_5,17,C:\Users\sricb\OneDrive\Desktop\AI dementia dection\AI-Powered-Multimodal-Dementia-System\data\audio\features\mfcc\train\Allan Burns\AllanBurns_5_chunk_017.npy,40,313,False
train,Allan Burns,dementia,dementia/Allan Burns/AllanBurns_5.wav,AllanBurns_5,18,C:\Users\sricb\OneDrive\Desktop\AI dementia dection\AI-Powered-Multimodal-Dementia-System\data\audio\features\mfcc\train\Allan Burns\AllanBurns_5_chunk_018.npy,40,313,True
train,Allan Burns,dementia,dementia/Allan Burns/AllanBurns_5.wav,AllanBurns_5,19,C:\Users\sricb\OneDrive\Desktop\AI dementia dection\AI-Powered-Multimodal-Dementia-System\data\audio\features\mfcc\train\Allan Burns\AllanBurns_5_chunk_019.npy,40,313,True
train,Andrew Sachs,dementia,dementia/Andrew Sachs/andrewsachs_10.wav,andrewsachs_10,1,C:\Users\sricb\OneDrive\Desktop\AI dementia dection\AI-Powered-Multimodal-Dementia-System\data\audio\features\mfcc\train\Andrew Sachs\andrewsachs_10_chunk_001.npy,40,313,False
train,Andrew Sachs,dementia,dementia/Andrew Sachs/andrewsachs_10.wav,andrewsachs_10,2,C:\Users\sricb\OneDrive\Desktop\AI dementia dection\AI-Powered-Multimodal-Dementia-System\data\audio\features\mfcc\train\Andrew Sachs\andrewsachs_10_chunk_002.npy,40,313,False
train,Andrew Sachs,dementia,dementia/Andrew Sachs/andrewsachs_10.wav,andrewsachs_10,3,C:\Users\sricb\OneDrive\Desktop\AI dementia dection\AI-Powered-Multimodal-Dementia-System\data\audio\features\mfcc\train\Andrew Sachs\andrewsachs_10_chunk_003.npy,40,313,False
train,Andrew Sachs,dementia,dementia/Andrew Sachs/andrewsachs_10.wav,andrewsachs_10,4,C:\Users\sricb\OneDrive\Desktop\AI dementia dection\AI-Powered-Multimodal-Dementia-System\data\audio\features\mfcc\train\Andrew Sachs\andrewsachs_10_chunk_004.npy,40,313,False
train,Andrew Sachs,dementia,dementia/Andrew Sachs/andrewsachs_10.wav,andrewsachs_10,5,C:\Users\sricb\OneDrive\Desktop\AI dementia dection\AI-Powered-Multimodal-Dementia-System\data\audio\features\mfcc\train\Andrew Sachs\andrewsachs_10_chunk_005.npy,40,313,False
train,Andrew Sachs,dementia,dementia/Andrew Sachs/andrewsachs_10.wav,andrewsachs_10,6,C:\Users\sricb\OneDrive\Desktop\AI dementia dection\AI-Powered-Multimodal-Dementia-System\data\audio\features\mfcc\train\Andrew Sachs\andrewsachs_10_chunk_006.npy,40,313,False
train,Andrew Sachs,dementia,dementia/Andrew Sachs/andrewsachs_10.wav,andrewsachs_10,7,C:\Users\sricb\OneDrive\Desktop\AI dementia dection\AI-Powered-Multimodal-Dementia-System\data\audio\features\mfcc\train\Andrew Sachs\andrewsachs_10_chunk_007.npy,40,313,False
train,Andrew Sachs,dementia,dementia/Andrew Sachs/andrewsachs_10.wav,andrewsachs_10,8,C:\Users\sricb\OneDrive\Desktop\AI dementia dection\AI-Powered-Multimodal-Dementia-System\data\audio\features\mfcc\train\Andrew Sachs\andrewsachs_10_chunk_008.npy,40,313,False
train,Andrew Sachs,dementia,dementia/Andrew Sachs/andrewsachs_10.wav,andrewsachs_10,9,C:\Users\sricb\OneDrive\Desktop\AI dementia dection\AI-Powered-Multimodal-Dementia-System\data\audio\features\mfcc\train\Andrew Sachs\andrewsachs_10_chunk_009.npy,40,313,False
train,Andrew Sachs,dementia,dementia/Andrew Sachs/andrewsachs_10.wav,andrewsachs_10,10,C:\Users\sricb\OneDrive\Desktop\AI dementia dection\AI-Powered-Multimodal-Dementia-System\data\audio\features\mfcc\train\Andrew Sachs\andrewsachs_10_chunk_010.npy,40,313,False
train,Andrew Sachs,dementia,dementia/Andrew Sachs/andrewsachs_10.wav,andrewsachs_10,11,C:\Users\sricb\OneDrive\Desktop\AI dementia dection\AI-Powered-Multimodal-Dementia-System\data\audio\features\mfcc\train\Andrew Sachs\andrewsachs_10_chunk_011.npy,40,313,False
train,Andrew Sachs,dementia,dementia/Andrew Sachs/andrewsachs_10.wav,andrewsachs_10,12,C:\Users\sricb\OneDrive\Desktop\AI dementia dection\AI-Powered-Multimodal-Dementia-System\data\audio\features\mfcc\train\Andrew Sachs\andrewsachs_10_chunk_012.npy,40,313,False
train,Andrew Sachs,dementia,dementia/Andrew Sachs/andrewsachs_10.wav,andrewsachs_10,13,C:\Users\sricb\OneDrive\Desktop\AI dementia dection\AI-Powered-Multimodal-Dementia-System\data\audio\features\mfcc\train\Andrew Sachs\andrewsachs_10_chunk_013.npy,40,313,False
train,Andrew Sachs,dementia,dementia/Andrew Sachs/andrewsachs_10.wav,andrewsachs_10,14,C:\Users\sricb\OneDrive\Desktop\AI dementia dection\AI-Powered-Multimodal-Dementia-System\data\audio\features\mfcc\train\Andrew Sachs\andrewsachs_10_chunk_014.npy,40,313,False
train,Andrew Sachs,dementia,dementia/Andrew Sachs/andrewsachs_10.wav,andrewsachs_10,15,C:\Users\sricb\OneDrive\Desktop\AI dementia dection\AI-Powered-Multimodal-Dementia-System\data\audio\features\mfcc\train\Andrew Sachs\andrewsachs_10_chunk_015.npy,40,313,True
train,Andrew Sachs,dementia,dementia/Andrew Sachs/andrewsachs_10.wav,andrewsachs_10,16,C:\Users\sricb\OneDrive\Desktop\AI dementia dection\AI-Powered-Multimodal-Dementia-System\data\audio\features\mfcc\train\Andrew Sachs\andrewsachs_10_chunk_016.npy,40,313,True
train,Andrew Sachs,dementia,dementia/Andrew Sachs/andrewsachs_15.wav,andrewsachs_15,1,C:\Users\sricb\OneDrive\Desktop\AI dementia dection\AI-Powered-Multimodal-Dementia-System\data\audio\features\mfcc\train\Andrew Sachs\andrewsachs_15_chunk_001.npy,40,313,False
train,Andrew Sachs,dementia,dementia/Andrew Sachs/andrewsachs_15.wav,andrewsachs_15,2,C:\Users\sricb\OneDrive\Desktop\AI dementia dection\AI-Powered-Multimodal-Dementia-System\data\audio\features\mfcc\train\Andrew Sachs\andrewsachs_15_chunk_002.npy,40,313,False
train,Andrew Sachs,dementia,dementia/Andrew Sachs/andrewsachs_15.wav,andrewsachs_15,3,C:\Users\sricb\OneDrive\Desktop\AI dementia dection\AI-Powered-Multimodal-Dementia-System\data\audio\features\mfcc\train\Andrew Sachs\andrewsachs_15_chunk_003.npy,40,313,False
train,Andrew Sachs,dementia,dementia/Andrew Sachs/andrewsachs_15.wav,andrewsachs_15,4,C:\Users\sricb\OneDrive\Desktop\AI dementia dection\AI-Powered-Multimodal-Dementia-System\data\audio\features\mfcc\train\Andrew Sachs\andrewsachs_15_chunk_004.npy,40,313,False
train,Andrew Sachs,dementia,dementia/Andrew Sachs/andrewsachs_15.wav,andrewsachs_15,5,C:\Users\sricb\OneDrive\Desktop\AI dementia dection\AI-Powered-Multimodal-Dementia-System\data\audio\features\mfcc\train\Andrew Sachs\andrewsachs_15_chunk_005.npy,40,313,False
train,Andrew Sachs,dementia,dementia/Andrew Sachs/andrewsachs_15.wav,andrewsachs_15,6,C:\Users\sricb\OneDrive\Desktop\AI dementia dection\AI-Powered-Multimodal-Dementia-System\data\audio\features\mfcc\train\Andrew Sachs\andrewsachs_15_chunk_006.npy,40,313,False
train,Andrew Sachs,dementia,dementia/Andrew Sachs/andrewsachs_15.wav,andrewsachs_15,7,C:\Users\sricb\OneDrive\Desktop\AI dementia dection\AI-Powered-Multimodal-Dementia-System\data\audio\features\mfcc\train\Andrew Sachs\andrewsachs_15_chunk_007.npy,40,313,False
train,Andrew Sachs,dementia,dementia/Andrew Sachs/andrewsachs_15.wav,andrewsachs_15,8,C:\Users\sricb\OneDrive\Desktop\AI dementia dection\AI-Powered-Multimodal-Dementia-System\data\audio\features\mfcc\train\Andrew Sachs\andrewsachs_15_chunk_008.npy,40,313,False
train,Andrew Sachs,dementia,dementia/Andrew Sachs/andrewsachs_15.wav,andrewsachs_15,9,C:\Users\sricb\OneDrive\Desktop\AI dementia dection\AI-Powered-Multimodal-Dementia-System\data\audio\features\mfcc\train\Andrew Sachs\andrewsachs_15_chunk_009.npy,40,313,False
train,Andrew Sachs,dementia,dementia/Andrew Sachs/andrewsachs_15.wav,andrewsachs_15,10,C:\Users\sricb\OneDrive\Desktop\AI dementia dection\AI-Powered-Multimodal-Dementia-System\data\audio\features\mfcc\train\Andrew Sachs\andrewsachs_15_chunk_010.npy,40,313,False
train,Andrew Sachs,dementia,dementia/Andrew Sachs/andrewsachs_15.wav,andrewsachs_15,11,C:\Users\sricb\OneDrive\Desktop\AI dementia dection\AI-Powered-Multimodal-Dementia-System\data\audio\features\mfcc\train\Andrew Sachs\andrewsachs_15_chunk_011.npy,40,313,False
train,Andrew Sachs,dementia,dementia/Andrew Sachs/andrewsachs_15.wav,andrewsachs_15,12,C:\Users\sricb\OneDrive\Desktop\AI dementia dection\AI-Powered-Multimodal-Dementia-System\data\audio\features\mfcc\train\Andrew Sachs\andrewsachs_15_chunk_012.npy,40,313,False
train,Andrew Sachs,dementia,dementia/Andrew Sachs/andrewsachs_15.wav,andrewsachs_15,13,C:\Users\sricb\OneDrive\Desktop\AI dementia dection\AI-Powered-Multimodal-Dementia-System\data\audio\features\mfcc\train\Andrew Sachs\andrewsachs_15_chunk_013.npy,40,313,False
train,Andrew Sachs,dementia,dementia/Andrew Sachs/andrewsachs_15.wav,andrewsachs_15,14,C:\Users\sricb\OneDrive\Desktop\AI dementia dection\AI-Powered-Multimodal-Dementia-System\data\audio\features\mfcc\train\Andrew Sachs\andrewsachs_15_chunk_014.npy,40,313,False
train,Andrew Sachs,dementia,dementia/Andrew Sachs/andrewsachs_15.wav,andrewsachs_15,15,C:\Users\sricb\OneDrive\Desktop\AI dementia dection\AI-Powered-Multimodal-Dementia-System\data\audio\features\mfcc\train\Andrew Sachs\andrewsachs_15_chunk_015.npy,40,313,False
train,Andrew Sachs,dementia,dementia/Andrew Sachs/andrewsachs_15.wav,andrewsachs_15,16,C:\Users\sricb\OneDrive\Desktop\AI dementia dection\AI-Powered-Multimodal-Dementia-System\data\audio\features\mfcc\train\Andrew Sachs\andrewsachs_15_chunk_016.npy,40,313,False
train,Andrew Sachs,dementia,dementia/Andrew Sachs/andrewsachs_15.wav,andrewsachs_15,17,C:\Users\sricb\OneDrive\Desktop\AI dementia dection\AI-Powered-Multimodal-Dementia-System\data\audio\features\mfcc\train\Andrew Sachs\andrewsachs_15_chunk_017.npy,40,313,False
train,Andrew Sachs,dementia,dementia/Andrew Sachs/andrewsachs_15.wav,andrewsachs_15,18,C:\Users\sricb\OneDrive\Desktop\AI dementia dection\AI-Powered-Multimodal-Dementia-System\data\audio\features\mfcc\train\Andrew Sachs\andrewsachs_15_chunk_018.npy,40,313,True
train,Annette Michelson,dementia,dementia/Annette Michelson/annettemichelson_15.wav,annettemichelson_15,1,C:\Users\sricb\OneDrive\Desktop\AI dementia dection\AI-Powered-Multimodal-Dementia-System\data\audio\features\mfcc\train\Annette Michelson\annettemichelson_15_chunk_001.npy,40,313,False
train,Annette Michelson,dementia,dementia/Annette Michelson/annettemichelson_15.wav,annettemichelson_15,2,C:\Users\sricb\OneDrive\Desktop\AI dementia dection\AI-Powered-Multimodal-Dementia-System\data\audio\features\mfcc\train\Annette Michelson\annettemichelson_15_chunk_002.npy,40,313,False
train,Annette Michelson,dementia,dementia/Annette Michelson/annettemichelson_15.wav,annettemichelson_15,3,C:\Users\sricb\OneDrive\Desktop\AI dementia dection\AI-Powered-Multimodal-Dementia-System\data\audio\features\mfcc\train\Annette Michelson\annettemichelson_15_chunk_003.npy,40,313,False
train,Annette Michelson,dementia,dementia/Annette Michelson/annettemichelson_15.wav,annettemichelson_15,4,C:\Users\sricb\OneDrive\Desktop\AI dementia dection\AI-Powered-Multimodal-Dementia-System\data\audio\features\mfcc\train\Annette Michelson\annettemichelson_15_chunk_004.npy,40,313,False
train,Annette Michelson,dementia,dementia/Annette Michelson/annettemichelson_15.wav,annettemichelson_15,5,C:\Users\sricb\OneDrive\Desktop\AI dementia dection\AI-Powered-Multimodal-Dementia-System\data\audio\features\mfcc\train\Annette Michelson\annettemichelson_15_chunk_005.npy,40,313,False
train,Annette Michelson,dementia,dementia/Annette Michelson/annettemichelson_15.wav,annettemichelson_15,6,C:\Users\sricb\OneDrive\Desktop\AI dementia dection\AI-Powered-Multimodal-Dementia-System\data\audio\features\mfcc\train\Annette Michelson\annettemichelson_15_chunk_006.npy,40,313,False
train,Annette Michelson,dementia,dementia/Annette Michelson/annettemichelson_15.wav,annettemichelson_15,7,C:\Users\sricb\OneDrive\Desktop\AI dementia dection\AI-Powered-Multimodal-Dementia-System\data\audio\features\mfcc\train\Annette Michelson\annettemichelson_15_chunk_007.npy,40,313,False
train,Annette Michelson,dementia,dementia/Annette Michelson/annettemichelson_15.wav,annettemichelson_15,8,C:\Users\sricb\OneDrive\Desktop\AI dementia dection\AI-Powered-Multimodal-Dementia-System\data\audio\features\mfcc\train\Annette Michelson\annettemichelson_15_chunk_008.npy,40,313,False
train,Annette Michelson,dementia,dementia/Annette Michelson/annettemichelson_15.wav,annettemichelson_15,9,C:\Users\sricb\OneDrive\Desktop\AI dementia dection\AI-Powered-Multimodal-Dementia-System\data\audio\features\mfcc\train\Annette Michelson\annettemichelson_15_chunk_009.npy,40,313,False
train,Annette Michelson,dementia,dementia/Annette Michelson/annettemichelson_15.wav,annettemichelson_15,10,C:\Users\sricb\OneDrive\Desktop\AI dementia dection\AI-Powered-Multimodal-Dementia-System\data\audio\features\mfcc\train\Annette Michelson\annettemichelson_15_chunk_010.npy,40,313,False
train,Annette Michelson,dementia,dementia/Annette Michelson/annettemichelson_15.wav,annettemichelson_15,11,C:\Users\sricb\OneDrive\Desktop\AI dementia dection\AI-Powered-Multimodal-Dementia-System\data\audio\features\mfcc\train\Annette Michelson\annettemichelson_15_chunk_011.npy,40,313,False
train,Annette Michelson,dementia,dementia/Annette Michelson/annettemichelson_15.wav,annettemichelson_15,12,C:\Users\sricb\OneDrive\Desktop\AI dementia dection\AI-Powered-Multimodal-Dementia-System\data\audio\features\mfcc\train\Annette Michelson\annettemichelson_15_chunk_012.npy,40,313,False
train,Annette Michelson,dementia,dementia/Annette Michelson/annettemichelson_15.wav,annettemichelson_15,13,C:\Users\sricb\OneDrive\Desktop\AI dementia dection\AI-Powered-Multimodal-Dementia-System\data\audio\features\mfcc\train\Annette Michelson\annettemichelson_15_chunk_013.npy,40,313,False
train,Annette Michelson,dementia,dementia/Annette Michelson/annettemichelson_15.wav,annettemichelson_15,14,C:\Users\sricb\OneDrive\Desktop\AI dementia dection\AI-Powered-Multimodal-Dementia-System\data\audio\features\mfcc\train\Annette Michelson\annettemichelson_15_chunk_014.npy,40,313,False
train,Annette Michelson,dementia,dementia/Annette Michelson/annettemichelson_15.wav,annettemichelson_15,15,C:\Users\sricb\OneDrive\Desktop\AI dementia dection\AI-Powered-Multimodal-Dementia-System\data\audio\features\mfcc\train\Annette Michelson\annettemichelson_15_chunk_015.npy,40,313,False
train,Annette Michelson,dementia,dementia/Annette Michelson/annettemichelson_15.wav,annettemichelson_15,16,C:\Users\sricb\OneDrive\Desktop\AI dementia dection\AI-Powered-Multimodal-Dementia-System\data\audio\features\mfcc\train\Annette Michelson\annettemichelson_15_chunk_016.npy,40,313,False
train,Annette Michelson,dementia,dementia/Annette Michelson/annettemichelson_15.wav,annettemichelson_15,17,C:\Users\sricb\OneDrive\Desktop\AI dementia dection\AI-Powered-Multimodal-Dementia-System\data\audio\features\mfcc\train\Annette Michelson\annettemichelson_15_chunk_017.npy,40,313,False
train,Annette Michelson,dementia,dementia/Annette Michelson/annettemichelson_15.wav,annettemichelson_15,18,C:\Users\sricb\OneDrive\Desktop\AI dementia dection\AI-Powered-Multimodal-Dementia-System\data\audio\features\mfcc\train\Annette Michelson\annettemichelson_15_chunk_018.npy,40,313,True
train,Barry Cohen,dementia,dementia/Barry Cohen/BarryCohen_5.wav,BarryCohen_5,1,C:\Users\sricb\OneDrive\Desktop\AI dementia dection\AI-Powered-Multimodal-Dementia-System\data\audio\features\mfcc\train\Barry Cohen\BarryCohen_5_chunk_001.npy,40,313,False
train,Barry Cohen,dementia,dementia/Barry Cohen/BarryCohen_5.wav,BarryCohen_5,2,C:\Users\sricb\OneDrive\Desktop\AI dementia dection\AI-Powered-Multimodal-Dementia-System\data\audio\features\mfcc\train\Barry Cohen\BarryCohen_5_chunk_002.npy,40,313,False
train,Barry Cohen,dementia,dementia/Barry Cohen/BarryCohen_5.wav,BarryCohen_5,3,C:\Users\sricb\OneDrive\Desktop\AI dementia dection\AI-Powered-Multimodal-Dementia-System\data\audio\features\mfcc\train\Barry Cohen\BarryCohen_5_chunk_003.npy,40,313,False
train,Barry Cohen,dementia,dementia/Barry Cohen/BarryCohen_5.wav,BarryCohen_5,4,C:\Users\sricb\OneDrive\Desktop\AI dementia dection\AI-Powered-Multimodal-Dementia-System\data\audio\features\mfcc\train\Barry Cohen\BarryCohen_5_chunk_004.npy,40,313,False
train,Barry Cohen,dementia,dementia/Barry Cohen/BarryCohen_5.wav,BarryCohen_5,5,C:\Users\sricb\OneDrive\Desktop\AI dementia dection\AI-Powered-Multimodal-Dementia-System\data\audio\features\mfcc\train\Barry Cohen\BarryCohen_5_chunk_005.npy,40,313,False
train,Barry Cohen,dementia,dementia/Barry Cohen/BarryCohen_5.wav,BarryCohen_5,6,C:\Users\sricb\OneDrive\Desktop\AI dementia dection\AI-Powered-Multimodal-Dementia-System\data\audio\features\mfcc\train\Barry Cohen\BarryCohen_5_chunk_006.npy,40,313,False
train,Barry Cohen,dementia,dementia/Barry Cohen/BarryCohen_5.wav,BarryCohen_5,7,C:\Users\sricb\OneDrive\Desktop\AI dementia dection\AI-Powered-Multimodal-Dementia-System\data\audio\features\mfcc\train\Barry Cohen\BarryCohen_5_chunk_007.npy,40,313,False
train,Barry Cohen,dementia,dementia/Barry Cohen/BarryCohen_5.wav,BarryCohen_5,8,C:\Users\sricb\OneDrive\Desktop\AI dementia dection\AI-Powered-Multimodal-Dementia-System\data\audio\features\mfcc\train\Barry Cohen\BarryCohen_5_chunk_008.npy,40,313,False
train,Barry Cohen,dementia,dementia/Barry Cohen/BarryCohen_5.wav,BarryCohen_5,9,C:\Users\sricb\OneDrive\Desktop\AI dementia dection\AI-Powered-Multimodal-Dementia-System\data\audio\features\mfcc\train\Barry Cohen\BarryCohen_5_chunk_009.npy,40,313,False
train,Barry Cohen,dementia,dementia/Barry Cohen/BarryCohen_5.wav,BarryCohen_5,10,C:\Users\sricb\OneDrive\Desktop\AI dementia dection\AI-Powered-Multimodal-Dementia-System\data\audio\features\mfcc\train\Barry Cohen\BarryCohen_5_chunk_010.npy,40,313,True
train,Barry Cohen,dementia,dementia/Barry Cohen/BarryCohen_5.wav,BarryCohen_5,11,C:\Users\sricb\OneDrive\Desktop\AI dementia dection\AI-Powered-Multimodal-Dementia-System\data\audio\features\mfcc\train\Barry Cohen\BarryCohen_5_chunk_011.npy,40,313,True
train,Bobby Womack,dementia,dementia/Bobby Womack/BobbyWomack_0.wav,BobbyWomack_0,1,C:\Users\sricb\OneDrive\Desktop\AI dementia dection\AI-Powered-Multimodal-Dementia-System\data\audio\features\mfcc\train\Bobby Womack\BobbyWomack_0_chunk_001.npy,40,313,False
train,Bobby Womack,dementia,dementia/Bobby Womack/BobbyWomack_0.wav,BobbyWomack_0,2,C:\Users\sricb\OneDrive\Desktop\AI dementia dection\AI-Powered-Multimodal-Dementia-System\data\audio\features\mfcc\train\Bobby Womack\BobbyWomack_0_chunk_002.npy,40,313,False
train,Bobby Womack,dementia,dementia/Bobby Womack/BobbyWomack_0.wav,BobbyWomack_0,3,C:\Users\sricb\OneDrive\Desktop\AI dementia dection\AI-Powered-Multimodal-Dementia-System\data\audio\features\mfcc\train\Bobby Womack\BobbyWomack_0_chunk_003.npy,40,313,False
train,Bobby Womack,dementia,dementia/Bobby Womack/BobbyWomack_0.wav,BobbyWomack_0,4,C:\Users\sricb\OneDrive\Desktop\AI dementia dection\AI-Powered-Multimodal-Dementia-System\data\audio\features\mfcc\train\Bobby Womack\BobbyWomack_0_chunk_004.npy,40,313,False
train,Bobby Womack,dementia,dementia/Bobby Womack/BobbyWomack_0.wav,BobbyWomack_0,5,C:\Users\sricb\OneDrive\Desktop\AI dementia dection\AI-Powered-Multimodal-Dementia-System\data\audio\features\mfcc\train\Bobby Womack\BobbyWomack_0_chunk_005.npy,40,313,False
train,Bobby Womack,dementia,dementia/Bobby Womack/BobbyWomack_0.wav,BobbyWomack_0,6,C:\Users\sricb\OneDrive\Desktop\AI dementia dection\AI-Powered-Multimodal-Dementia-System\data\audio\features\mfcc\train\Bobby Womack\BobbyWomack_0_chunk_006.npy,40,313,False
train,Bobby Womack,dementia,dementia/Bobby Womack/BobbyWomack_0.wav,BobbyWomack_0,7,C:\Users\sricb\OneDrive\Desktop\AI dementia dection\AI-Powered-Multimodal-Dementia-System\data\audio\features\mfcc\train\Bobby Womack\BobbyWomack_0_chunk_007.npy,40,313,True
train,Bobby Womack,dementia,dementia/Bobby Womack/BobbyWomack_0.wav,BobbyWomack_0,8,C:\Users\sricb\OneDrive\Desktop\AI dementia dection\AI-Powered-Multimodal-Dementia-System\data\audio\features\mfcc\train\Bobby Womack\BobbyWomack_0_chunk_008.npy,40,313,True
train,Charles Bronson,dementia,dementia/Charles Bronson/CharlesBronson_10.wav,CharlesBronson_10,1,C:\Users\sricb\OneDrive\Desktop\AI dementia dection\AI-Powered-Multimodal-Dementia-System\data\audio\features\mfcc\train\Charles Bronson\CharlesBronson_10_chunk_001.npy,40,313,False
train,Charles Bronson,dementia,dementia/Charles Bronson/CharlesBronson_10.wav,CharlesBronson_10,2,C:\Users\sricb\OneDrive\Desktop\AI dementia dection\AI-Powered-Multimodal-Dementia-System\data\audio\features\mfcc\train\Charles Bronson\CharlesBronson_10_chunk_002.npy,40,313,False
train,Charles Bronson,dementia,dementia/Charles Bronson/CharlesBronson_10.wav,CharlesBronson_10,3,C:\Users\sricb\OneDrive\Desktop\AI dementia dection\AI-Powered-Multimodal-Dementia-System\data\audio\features\mfcc\train\Charles Bronson\CharlesBronson_10_chunk_003.npy,40,313,False
train,Charles Bronson,dementia,dementia/Charles Bronson/CharlesBronson_10.wav,CharlesBronson_10,4,C:\Users\sricb\OneDrive\Desktop\AI dementia dection\AI-Powered-Multimodal-Dementia-System\data\audio\features\mfcc\train\Charles Bronson\CharlesBronson_10_chunk_004.npy,40,313,False
train,Charles Bronson,dementia,dementia/Charles Bronson/CharlesBronson_10.wav,CharlesBronson_10,5,C:\Users\sricb\OneDrive\Desktop\AI dementia dection\AI-Powered-Multimodal-Dementia-System\data\audio\features\mfcc\train\Charles Bronson\CharlesBronson_10_chunk_005.npy,40,313,False
train,Charles Bronson,dementia,dementia/Charles Bronson/CharlesBronson_10.wav,CharlesBronson_10,6,C:\Users\sricb\OneDrive\Desktop\AI dementia dection\AI-Powered-Multimodal-Dementia-System\data\audio\features\mfcc\train\Charles Bronson\CharlesBronson_10_chunk_006.npy,40,313,False
train,Charles Bronson,dementia,dementia/Charles Bronson/CharlesBronson_10.wav,CharlesBronson_10,7,C:\Users\sricb\OneDrive\Desktop\AI dementia dection\AI-Powered-Multimodal-Dementia-System\data\audio\features\mfcc\train\Charles Bronson\CharlesBronson_10_chunk_007.npy,40,313,True
train,Charles Bronson,dementia,dementia/Charles Bronson/CharlesBronson_10.wav,CharlesBronson_10,8,C:\Users\sricb\OneDrive\Desktop\AI dementia dection\AI-Powered-Multimodal-Dementia-System\data\audio\features\mfcc\train\Charles Bronson\CharlesBronson_10_chunk_008.npy,40,313,True
train,Charles Bronson,dementia,dementia/Charles Bronson/CharlesBronson_15.wav,CharlesBronson_15,1,C:\Users\sricb\OneDrive\Desktop\AI dementia dection\AI-Powered-Multimodal-Dementia-System\data\audio\features\mfcc\train\Charles Bronson\CharlesBronson_15_chunk_001.npy,40,313,False
train,Charles Bronson,dementia,dementia/Charles Bronson/CharlesBronson_15.wav,CharlesBronson_15,2,C:\Users\sricb\OneDrive\Desktop\AI dementia dection\AI-Powered-Multimodal-Dementia-System\data\audio\features\mfcc\train\Charles Bronson\CharlesBronson_15_chunk_002.npy,40,313,False
train,Charles Bronson,dementia,dementia/Charles Bronson/CharlesBronson_15.wav,CharlesBronson_15,3,C:\Users\sricb\OneDrive\Desktop\AI dementia dection\AI-Powered-Multimodal-Dementia-System\data\audio\features\mfcc\train\Charles Bronson\CharlesBronson_15_chunk_003.npy,40,313,False
train,Charles Bronson,dementia,dementia/Charles Bronson/CharlesBronson_15.wav,CharlesBronson_15,4,C:\Users\sricb\OneDrive\Desktop\AI dementia dection\AI-Powered-Multimodal-Dementia-System\data\audio\features\mfcc\train\Charles Bronson\CharlesBronson_15_chunk_004.npy,40,313,True
train,Charles Bronson,dementia,dementia/Charles Bronson/CharlesBronson_15.wav,CharlesBronson_15,5,C:\Users\sricb\OneDrive\Desktop\AI dementia dection\AI-Powered-Multimodal-Dementia-System\data\audio\features\mfcc\train\Charles Bronson\CharlesBronson_15_chunk_005.npy,40,313,True
train,Charles K Kao,dementia,dementia/Charles K Kao/CharlesKKao_0.wav,CharlesKKao_0,1,C:\Users\sricb\OneDrive\Desktop\AI dementia dection\AI-Powered-Multimodal-Dementia-System\data\audio\features\mfcc\train\Charles K Kao\CharlesKKao_0_chunk_001.npy,40,313,False
train,Charles K Kao,dementia,dementia/Charles K Kao/CharlesKKao_0.wav,CharlesKKao_0,2,C:\Users\sricb\OneDrive\Desktop\AI dementia dection\AI-Powered-Multimodal-Dementia-System\data\audio\features\mfcc\train\Charles K Kao\CharlesKKao_0_chunk_002.npy,40,313,False
train,Charles K Kao,dementia,dementia/Charles K Kao/CharlesKKao_0.wav,CharlesKKao_0,3,C:\Users\sricb\OneDrive\Desktop\AI dementia dection\AI-Powered-Multimodal-Dementia-System\data\audio\features\mfcc\train\Charles K Kao\CharlesKKao_0_chunk_003.npy,40,313,False
train,Charles K Kao,dementia,dementia/Charles K Kao/CharlesKKao_0.wav,CharlesKKao_0,4,C:\Users\sricb\OneDrive\Desktop\AI dementia dection\AI-Powered-Multimodal-Dementia-System\data\audio\features\mfcc\train\Charles K Kao\CharlesKKao_0_chunk_004.npy,40,313,False
train,Charles K Kao,dementia,dementia/Charles K Kao/CharlesKKao_0.wav,CharlesKKao_0,5,C:\Users\sricb\OneDrive\Desktop\AI dementia dection\AI-Powered-Multimodal-Dementia-System\data\audio\features\mfcc\train\Charles K Kao\CharlesKKao_0_chunk_005.npy,40,313,False
train,Charles K Kao,dementia,dementia/Charles K Kao/CharlesKKao_0.wav,CharlesKKao_0,6,C:\Users\sricb\OneDrive\Desktop\AI dementia dection\AI-Powered-Multimodal-Dementia-System\data\audio\features\mfcc\train\Charles K Kao\CharlesKKao_0_chunk_006.npy,40,313,False
train,Charles K Kao,dementia,dementia/Charles K Kao/CharlesKKao_0.wav,CharlesKKao_0,7,C:\Users\sricb\OneDrive\Desktop\AI dementia dection\AI-Powered-Multimodal-Dementia-System\data\audio\features\mfcc\train\Charles K Kao\CharlesKKao_0_chunk_007.npy,40,313,False
train,Charles K Kao,dementia,dementia/Charles K Kao/CharlesKKao_0.wav,CharlesKKao_0,8,C:\Users\sricb\OneDrive\Desktop\AI dementia dection\AI-Powered-Multimodal-Dementia-System\data\audio\features\mfcc\train\Charles K Kao\CharlesKKao_0_chunk_008.npy,40,313,False
train,Charles K Kao,dementia,dementia/Charles K Kao/CharlesKKao_0.wav,CharlesKKao_0,9,C:\Users\sricb\OneDrive\Desktop\AI dementia dection\AI-Powered-Multimodal-Dementia-System\data\audio\features\mfcc\train\Charles K Kao\CharlesKKao_0_chunk_009.npy,40,313,False
train,Charles K Kao,dementia,dementia/Charles K Kao/CharlesKKao_0.wav,CharlesKKao_0,10,C:\Users\sricb\OneDrive\Desktop\AI dementia dection\AI-Powered-Multimodal-Dementia-System\data\audio\features\mfcc\train\Charles K Kao\CharlesKKao_0_chunk_010.npy,40,313,False
train,Charles K Kao,dementia,dementia/Charles K Kao/CharlesKKao_0.wav,CharlesKKao_0,11,C:\Users\sricb\OneDrive\Desktop\AI dementia dection\AI-Powered-Multimodal-Dementia-System\data\audio\features\mfcc\train\Charles K Kao\CharlesKKao_0_chunk_011.npy,40,313,False
train,Charles K Kao,dementia,dementia/Charles K Kao/CharlesKKao_0.wav,CharlesKKao_0,12,C:\Users\sricb\OneDrive\Desktop\AI dementia dection\AI-Powered-Multimodal-Dementia-System\data\audio\features\mfcc\train\Charles K Kao\CharlesKKao_0_chunk_012.npy,40,313,False
train,Charles K Kao,dementia,dementia/Charles K Kao/CharlesKKao_0.wav,CharlesKKao_0,13,C:\Users\sricb\OneDrive\Desktop\AI dementia dection\AI-Powered-Multimodal-Dementia-System\data\audio\features\mfcc\train\Charles K Kao\CharlesKKao_0_chunk_013.npy,40,313,False
train,Charles K Kao,dementia,dementia/Charles K Kao/CharlesKKao_0.wav,CharlesKKao_0,14,C:\Users\sricb\OneDrive\Desktop\AI dementia dection\AI-Powered-Multimodal-Dementia-System\data\audio\features\mfcc\train\Charles K Kao\CharlesKKao_0_chunk_014.npy,40,313,True
train,Charles K Kao,dementia,dementia/Charles K Kao/CharlesKKao_0.wav,CharlesKKao_0,15,C:\Users\sricb\OneDrive\Desktop\AI dementia dection\AI-Powered-Multimodal-Dementia-System\data\audio\features\mfcc\train\Charles K Kao\CharlesKKao_0_chunk_015.npy,40,313,True
train,Dan Ingram,dementia,dementia/Dan Ingram/daningram_15.wav,daningram_15,1,C:\Users\sricb\OneDrive\Desktop\AI dementia dection\AI-Powered-Multimodal-Dementia-System\data\audio\features\mfcc\train\Dan Ingram\daningram_15_chunk_001.npy,40,313,False
train,Dan Ingram,dementia,dementia/Dan Ingram/daningram_15.wav,daningram_15,2,C:\Users\sricb\OneDrive\Desktop\AI dementia dection\AI-Powered-Multimodal-Dementia-System\data\audio\features\mfcc\train\Dan Ingram\daningram_15_chunk_002.npy,40,313,False
train,Dan Ingram,dementia,dementia/Dan Ingram/daningram_15.wav,daningram_15,3,C:\Users\sricb\OneDrive\Desktop\AI dementia dection\AI-Powered-Multimodal-Dementia-System\data\audio\features\mfcc\train\Dan Ingram\daningram_15_chunk_003.npy,40,313,False
train,Dan Ingram,dementia,dementia/Dan Ingram/daningram_15.wav,daningram_15,4,C:\Users\sricb\OneDrive\Desktop\AI dementia dection\AI-Powered-Multimodal-Dementia-System\data\audio\features\mfcc\train\Dan Ingram\daningram_15_chunk_004.npy,40,313,False
train,Dan Ingram,dementia,dementia/Dan Ingram/daningram_15.wav,daningram_15,5,C:\Users\sricb\OneDrive\Desktop\AI dementia dection\AI-Powered-Multimodal-Dementia-System\data\audio\features\mfcc\train\Dan Ingram\daningram_15_chunk_005.npy,40,313,False
train,Dan Ingram,dementia,dementia/Dan Ingram/daningram_15.wav,daningram_15,6,C:\Users\sricb\OneDrive\Desktop\AI dementia dection\AI-Powered-Multimodal-Dementia-System\data\audio\features\mfcc\train\Dan Ingram\daningram_15_chunk_006.npy,40,313,False
train,Dan Ingram,dementia,dementia/Dan Ingram/daningram_15.wav,daningram_15,7,C:\Users\sricb\OneDrive\Desktop\AI dementia dection\AI-Powered-Multimodal-Dementia-System\data\audio\features\mfcc\train\Dan Ingram\daningram_15_chunk_007.npy,40,313,False
train,Dan Ingram,dementia,dementia/Dan Ingram/daningram_15.wav,daningram_15,8,C:\Users\sricb\OneDrive\Desktop\AI dementia dection\AI-Powered-Multimodal-Dementia-System\data\audio\features\mfcc\train\Dan Ingram\daningram_15_chunk_008.npy,40,313,False
train,Dan Ingram,dementia,dementia/Dan Ingram/daningram_15.wav,daningram_15,9,C:\Users\sricb\OneDrive\Desktop\AI dementia dection\AI-Powered-Multimodal-Dementia-System\data\audio\features\mfcc\train\Dan Ingram\daningram_15_chunk_009.npy,40,313,True
train,Dan Ingram,dementia,dementia/Dan Ingram/daningram_15.wav,daningram_15,10,C:\Users\sricb\OneDrive\Desktop\AI dementia dection\AI-Powered-Multimodal-Dementia-System\data\audio\features\mfcc\train\Dan Ingram\daningram_15_chunk_010.npy,40,313,True
train,David Milch,dementia,dementia/David Milch/DavidMilch_10.wav,DavidMilch_10,1,C:\Users\sricb\OneDrive\Desktop\AI dementia dection\AI-Powered-Multimodal-Dementia-System\data\audio\features\mfcc\train\David Milch\DavidMilch_10_chunk_001.npy,40,313,False
train,David Milch,dementia,dementia/David Milch/DavidMilch_10.wav,DavidMilch_10,2,C:\Users\sricb\OneDrive\Desktop\AI dementia dection\AI-Powered-Multimodal-Dementia-System\data\audio\features\mfcc\train\David Milch\DavidMilch_10_chunk_002.npy,40,313,False
train,David Milch,dementia,dementia/David Milch/DavidMilch_10.wav,DavidMilch_10,3,C:\Users\sricb\OneDrive\Desktop\AI dementia dection\AI-Powered-Multimodal-Dementia-System\data\audio\features\mfcc\train\David Milch\DavidMilch_10_chunk_003.npy,40,313,False
train,David Milch,dementia,dementia/David Milch/DavidMilch_10.wav,DavidMilch_10,4,C:\Users\sricb\OneDrive\Desktop\AI dementia dection\AI-Powered-Multimodal-Dementia-System\data\audio\features\mfcc\train\David Milch\DavidMilch_10_chunk_004.npy,40,313,False
train,David Milch,dementia,dementia/David Milch/DavidMilch_10.wav,DavidMilch_10,5,C:\Users\sricb\OneDrive\Desktop\AI dementia dection\AI-Powered-Multimodal-Dementia-System\data\audio\features\mfcc\train\David Milch\DavidMilch_10_chunk_005.npy,40,313,False
train,David Milch,dementia,dementia/David Milch/DavidMilch_10.wav,DavidMilch_10,6,C:\Users\sricb\OneDrive\Desktop\AI dementia dection\AI-Powered-Multimodal-Dementia-System\data\audio\features\mfcc\train\David Milch\DavidMilch_10_chunk_006.npy,40,313,False
train,David Milch,dementia,dementia/David Milch/DavidMilch_10.wav,DavidMilch_10,7,C:\Users\sricb\OneDrive\Desktop\AI dementia dection\AI-Powered-Multimodal-Dementia-System\data\audio\features\mfcc\train\David Milch\DavidMilch_10_chunk_007.npy,40,313,False
train,David Milch,dementia,dementia/David Milch/DavidMilch_10.wav,DavidMilch_10,8,C:\Users\sricb\OneDrive\Desktop\AI dementia dection\AI-Powered-Multimodal-Dementia-System\data\audio\features\mfcc\train\David Milch\DavidMilch_10_chunk_008.npy,40,313,False
train,David Milch,dementia,dementia/David Milch/DavidMilch_10.wav,DavidMilch_10,9,C:\Users\sricb\OneDrive\Desktop\AI dementia dection\AI-Powered-Multimodal-Dementia-System\data\audio\features\mfcc\train\David Milch\DavidMilch_10_chunk_009.npy,40,313,False
train,David Milch,dementia,dementia/David Milch/DavidMilch_10.wav,DavidMilch_10,10,C:\Users\sricb\OneDrive\Desktop\AI dementia dection\AI-Powered-Multimodal-Dementia-System\data\audio\features\mfcc\train\David Milch\DavidMilch_10_chunk_010.npy,40,313,False
train,David Milch,dementia,dementia/David Milch/DavidMilch_10.wav,DavidMilch_10,11,C:\Users\sricb\OneDrive\Desktop\AI dementia dection\AI-Powered-Multimodal-Dementia-System\data\audio\features\mfcc\train\David Milch\DavidMilch_10_chunk_011.npy,40,313,False
train,David Milch,dementia,dementia/David Milch/DavidMilch_10.wav,DavidMilch_10,12,C:\Users\sricb\OneDrive\Desktop\AI dementia dection\AI-Powered-Multimodal-Dementia-System\data\audio\features\mfcc\train\David Milch\DavidMilch_10_chunk_012.npy,40,313,False
train,David Milch,dementia,dementia/David Milch/DavidMilch_10.wav,DavidMilch_10,13,C:\Users\sricb\OneDrive\Desktop\AI dementia dection\AI-Powered-Multimodal-Dementia-System\data\audio\features\mfcc\train\David Milch\DavidMilch_10_chunk_013.npy,40,313,False
train,David Milch,dementia,dementia/David Milch/DavidMilch_10.wav,DavidMilch_10,14,C:\Users\sricb\OneDrive\Desktop\AI dementia dection\AI-Powered-Multimodal-Dementia-System\data\audio\features\mfcc\train\David Milch\DavidMilch_10_chunk_014.npy,40,313,False
train,David Milch,dementia,dementia/David Milch/DavidMilch_10.wav,DavidMilch_10,15,C:\Users\sricb\OneDrive\Desktop\AI dementia dection\AI-Powered-Multimodal-Dementia-System\data\audio\features\mfcc\train\David Milch\DavidMilch_10_chunk_015.npy,40,313,False
train,David Milch,dementia,dementia/David Milch/DavidMilch_10.wav,DavidMilch_10,16,C:\Users\sricb\OneDrive\Desktop\AI dementia dection\AI-Powered-Multimodal-Dementia-System\data\audio\features\mfcc\train\David Milch\DavidMilch_10_chunk_016.npy,40,313,False
train,David Milch,dementia,dementia/David Milch/DavidMilch_10.wav,DavidMilch_10,17,C:\Users\sricb\OneDrive\Desktop\AI dementia dection\AI-Powered-Multimodal-Dementia-System\data\audio\features\mfcc\train\David Milch\DavidMilch_10_chunk_017.npy,40,313,False
train,David Milch,dementia,dementia/David Milch/DavidMilch_10.wav,DavidMilch_10,18,C:\Users\sricb\OneDrive\Desktop\AI dementia dection\AI-Powered-Multimodal-Dementia-System\data\audio\features\mfcc\train\David Milch\DavidMilch_10_chunk_018.npy,40,313,True
train,David Milch,dementia,dementia/David Milch/DavidMilch_10.wav,DavidMilch_10,19,C:\Users\sricb\OneDrive\Desktop\AI dementia dection\AI-Powered-Multimodal-Dementia-System\data\audio\features\mfcc\train\David Milch\DavidMilch_10_chunk_019.npy,40,313,True
train,David Milch,dementia,dementia/David Milch/DavidMilch_15.wav,DavidMilch_15,1,C:\Users\sricb\OneDrive\Desktop\AI dementia dection\AI-Powered-Multimodal-Dementia-System\data\audio\features\mfcc\train\David Milch\DavidMilch_15_chunk_001.npy,40,313,False
train,David Milch,dementia,dementia/David Milch/DavidMilch_15.wav,DavidMilch_15,2,C:\Users\sricb\OneDrive\Desktop\AI dementia dection\AI-Powered-Multimodal-Dementia-System\data\audio\features\mfcc\train\David Milch\DavidMilch_15_chunk_002.npy,40,313,False
train,David Milch,dementia,dementia/David Milch/DavidMilch_15.wav,DavidMilch_15,3,C:\Users\sricb\OneDrive\Desktop\AI dementia dection\AI-Powered-Multimodal-Dementia-System\data\audio\features\mfcc\train\David Milch\DavidMilch_15_chunk_003.npy,40,313,False
train,David Milch,dementia,dementia/David Milch/DavidMilch_15.wav,DavidMilch_15,4,C:\Users\sricb\OneDrive\Desktop\AI dementia dection\AI-Powered-Multimodal-Dementia-System\data\audio\features\mfcc\train\David Milch\DavidMilch_15_chunk_004.npy,40,313,False
train,David Milch,dementia,dementia/David Milch/DavidMilch_15.wav,DavidMilch_15,5,C:\Users\sricb\OneDrive\Desktop\AI dementia dection\AI-Powered-Multimodal-Dementia-System\data\audio\features\mfcc\train\David Milch\DavidMilch_15_chunk_005.npy,40,313,False
train,David Milch,dementia,dementia/David Milch/DavidMilch_15.wav,DavidMilch_15,6,C:\Users\sricb\OneDrive\Desktop\AI dementia dection\AI-Powered-Multimodal-Dementia-System\data\audio\features\mfcc\train\David Milch\DavidMilch_15_chunk_006.npy,40,313,False
train,David Milch,dementia,dementia/David Milch/DavidMilch_15.wav,DavidMilch_15,7,C:\Users\sricb\OneDrive\Desktop\AI dementia dection\AI-Powered-Multimodal-Dementia-System\data\audio\features\mfcc\train\David Milch\DavidMilch_15_chunk_007.npy,40,313,False
train,David Milch,dementia,dementia/David Milch/DavidMilch_15.wav,DavidMilch_15,8,C:\Users\sricb\OneDrive\Desktop\AI dementia dection\AI-Powered-Multimodal-Dementia-System\data\audio\features\mfcc\train\David Milch\DavidMilch_15_chunk_008.npy,40,313,False
train,David Milch,dementia,dementia/David Milch/DavidMilch_15.wav,DavidMilch_15,9,C:\Users\sricb\OneDrive\Desktop\AI dementia dection\AI-Powered-Multimodal-Dementia-System\data\audio\features\mfcc\train\David Milch\DavidMilch_15_chunk_009.npy,40,313,False
train,David Milch,dementia,dementia/David Milch/DavidMilch_15.wav,DavidMilch_15,10,C:\Users\sricb\OneDrive\Desktop\AI dementia dection\AI-Powered-Multimodal-Dementia-System\data\audio\features\mfcc\train\David Milch\DavidMilch_15_chunk_010.npy,40,313,False
train,David Milch,dementia,dementia/David Milch/DavidMilch_15.wav,DavidMilch_15,11,C:\Users\sricb\OneDrive\Desktop\AI dementia dection\AI-Powered-Multimodal-Dementia-System\data\audio\features\mfcc\train\David Milch\DavidMilch_15_chunk_011.npy,40,313,False
train,David Milch,dementia,dementia/David Milch/DavidMilch_15.wav,DavidMilch_15,12,C:\Users\sricb\OneDrive\Desktop\AI dementia dection\AI-Powered-Multimodal-Dementia-System\data\audio\features\mfcc\train\David Milch\DavidMilch_15_chunk_012.npy,40,313,False
train,David Milch,dementia,dementia/David Milch/DavidMilch_15.wav,DavidMilch_15,13,C:\Users\sricb\OneDrive\Desktop\AI dementia dection\AI-Powered-Multimodal-Dementia-System\data\audio\features\mfcc\train\David Milch\DavidMilch_15_chunk_013.npy,40,313,False
train,David Milch,dementia,dementia/David Milch/DavidMilch_15.wav,DavidMilch_15,14,C:\Users\sricb\OneDrive\Desktop\AI dementia dection\AI-Powered-Multimodal-Dementia-System\data\audio\features\mfcc\train\David Milch\DavidMilch_15_chunk_014.npy,40,313,False
train,David Milch,dementia,dementia/David Milch/DavidMilch_15.wav,DavidMilch_15,15,C:\Users\sricb\OneDrive\Desktop\AI dementia dection\AI-Powered-Multimodal-Dementia-System\data\audio\features\mfcc\train\David Milch\DavidMilch_15_chunk_015.npy,40,313,False
train,David Milch,dementia,dementia/David Milch/DavidMilch_15.wav,DavidMilch_15,16,C:\Users\sricb\OneDrive\Desktop\AI dementia dection\AI-Powered-Multimodal-Dementia-System\data\audio\features\mfcc\train\David Milch\DavidMilch_15_chunk_016.npy,40,313,False
train,David Milch,dementia,dementia/David Milch/DavidMilch_15.wav,DavidMilch_15,17,C:\Users\sricb\OneDrive\Desktop\AI dementia dection\AI-Powered-Multimodal-Dementia-System\data\audio\features\mfcc\train\David Milch\DavidMilch_15_chunk_017.npy,40,313,False
train,David Milch,dementia,dementia/David Milch/DavidMilch_15.wav,DavidMilch_15,18,C:\Users\sricb\OneDrive\Desktop\AI dementia dection\AI-Powered-Multimodal-Dementia-System\data\audio\features\mfcc\train\David Milch\DavidMilch_15_chunk_018.npy,40,313,True
train,David Milch,dementia,dementia/David Milch/DavidMilch_15.wav,DavidMilch_15,19,C:\Users\sricb\OneDrive\Desktop\AI dementia dection\AI-Powered-Multimodal-Dementia-System\data\audio\features\mfcc\train\David Milch\DavidMilch_15_chunk_019.npy,40,313,True
train,Dennis Moore,dementia,dementia/Dennis Moore/DennisMoore_5.wav,DennisMoore_5,1,C:\Users\sricb\OneDrive\Desktop\AI dementia dection\AI-Powered-Multimodal-Dementia-System\data\audio\features\mfcc\train\Dennis Moore\DennisMoore_5_chunk_001.npy,40,313,False
train,Dennis Moore,dementia,dementia/Dennis Moore/DennisMoore_5.wav,DennisMoore_5,2,C:\Users\sricb\OneDrive\Desktop\AI dementia dection\AI-Powered-Multimodal-Dementia-System\data\audio\features\mfcc\train\Dennis Moore\DennisMoore_5_chunk_002.npy,40,313,False
train,Dennis Moore,dementia,dementia/Dennis Moore/DennisMoore_5.wav,DennisMoore_5,3,C:\Users\sricb\OneDrive\Desktop\AI dementia dection\AI-Powered-Multimodal-Dementia-System\data\audio\features\mfcc\train\Dennis Moore\DennisMoore_5_chunk_003.npy,40,313,False
train,Dennis Moore,dementia,dementia/Dennis Moore/DennisMoore_5.wav,DennisMoore_5,4,C:\Users\sricb\OneDrive\Desktop\AI dementia dection\AI-Powered-Multimodal-Dementia-System\data\audio\features\mfcc\train\Dennis Moore\DennisMoore_5_chunk_004.npy,40,313,False
train,Dennis Moore,dementia,dementia/Dennis Moore/DennisMoore_5.wav,DennisMoore_5,5,C:\Users\sricb\OneDrive\Desktop\AI dementia dection\AI-Powered-Multimodal-Dementia-System\data\audio\features\mfcc\train\Dennis Moore\DennisMoore_5_chunk_005.npy,40,313,False
train,Dennis Moore,dementia,dementia/Dennis Moore/DennisMoore_5.wav,DennisMoore_5,6,C:\Users\sricb\OneDrive\Desktop\AI dementia dection\AI-Powered-Multimodal-Dementia-System\data\audio\features\mfcc\train\Dennis Moore\DennisMoore_5_chunk_006.npy,40,313,False
train,Dennis Moore,dementia,dementia/Dennis Moore/DennisMoore_5.wav,DennisMoore_5,7,C:\Users\sricb\OneDrive\Desktop\AI dementia dection\AI-Powered-Multimodal-Dementia-System\data\audio\features\mfcc\train\Dennis Moore\DennisMoore_5_chunk_007.npy,40,313,False
train,Dennis Moore,dementia,dementia/Dennis Moore/DennisMoore_5.wav,DennisMoore_5,8,C:\Users\sricb\OneDrive\Desktop\AI dementia dection\AI-Powered-Multimodal-Dementia-System\data\audio\features\mfcc\train\Dennis Moore\DennisMoore_5_chunk_008.npy,40,313,False
train,Dennis Moore,dementia,dementia/Dennis Moore/DennisMoore_5.wav,DennisMoore_5,9,C:\Users\sricb\OneDrive\Desktop\AI dementia dection\AI-Powered-Multimodal-Dementia-System\data\audio\features\mfcc\train\Dennis Moore\DennisMoore_5_chunk_009.npy,40,313,False
train,Dennis Moore,dementia,dementia/Dennis Moore/DennisMoore_5.wav,DennisMoore_5,10,C:\Users\sricb\OneDrive\Desktop\AI dementia dection\AI-Powered-Multimodal-Dementia-System\data\audio\features\mfcc\train\Dennis Moore\DennisMoore_5_chunk_010.npy,40,313,False
train,Dennis Moore,dementia,dementia/Dennis Moore/DennisMoore_5.wav,DennisMoore_5,11,C:\Users\sricb\OneDrive\Desktop\AI dementia dection\AI-Powered-Multimodal-Dementia-System\data\audio\features\mfcc\train\Dennis Moore\DennisMoore_5_chunk_011.npy,40,313,False
train,Dennis Moore,dementia,dementia/Dennis Moore/DennisMoore_5.wav,DennisMoore_5,12,C:\Users\sricb\OneDrive\Desktop\AI dementia dection\AI-Powered-Multimodal-Dementia-System\data\audio\features\mfcc\train\Dennis Moore\DennisMoore_5_chunk_012.npy,40,313,False
train,Dennis Moore,dementia,dementia/Dennis Moore/DennisMoore_5.wav,DennisMoore_5,13,C:\Users\sricb\OneDrive\Desktop\AI dementia dection\AI-Powered-Multimodal-Dementia-System\data\audio\features\mfcc\train\Dennis Moore\DennisMoore_5_chunk_013.npy,40,313,False
train,Dennis Moore,dementia,dementia/Dennis Moore/DennisMoore_5.wav,DennisMoore_5,14,C:\Users\sricb\OneDrive\Desktop\AI dementia dection\AI-Powered-Multimodal-Dementia-System\data\audio\features\mfcc\train\Dennis Moore\DennisMoore_5_chunk_014.npy,40,313,False
train,Dennis Moore,dementia,dementia/Dennis Moore/DennisMoore_5.wav,DennisMoore_5,15,C:\Users\sricb\OneDrive\Desktop\AI dementia dection\AI-Powered-Multimodal-Dementia-System\data\audio\features\mfcc\train\Dennis Moore\DennisMoore_5_chunk_015.npy,40,313,False
train,Dennis Moore,dementia,dementia/Dennis Moore/DennisMoore_5.wav,DennisMoore_5,16,C:\Users\sricb\OneDrive\Desktop\AI dementia dection\AI-Powered-Multimodal-Dementia-System\data\audio\features\mfcc\train\Dennis Moore\DennisMoore_5_chunk_016.npy,40,313,False
train,Dennis Moore,dementia,dementia/Dennis Moore/DennisMoore_5.wav,DennisMoore_5,17,C:\Users\sricb\OneDrive\Desktop\AI dementia dection\AI-Powered-Multimodal-Dementia-System\data\audio\features\mfcc\train\Dennis Moore\DennisMoore_5_chunk_017.npy,40,313,False
train,Dennis Moore,dementia,dementia/Dennis Moore/DennisMoore_5.wav,DennisMoore_5,18,C:\Users\sricb\OneDrive\Desktop\AI dementia dection\AI-Powered-Multimodal-Dementia-System\data\audio\features\mfcc\train\Dennis Moore\DennisMoore_5_chunk_018.npy,40,313,True
train,Dennis Moore,dementia,dementia/Dennis Moore/DennisMoore_5.wav,DennisMoore_5,19,C:\Users\sricb\OneDrive\Desktop\AI dementia dection\AI-Powered-Multimodal-Dementia-System\data\audio\features\mfcc\train\Dennis Moore\DennisMoore_5_chunk_019.npy,40,313,True
train,Don Lane,dementia,dementia/Don Lane/DonLane_0.wav,DonLane_0,1,C:\Users\sricb\OneDrive\Desktop\AI dementia dection\AI-Powered-Multimodal-Dementia-System\data\audio\features\mfcc\train\Don Lane\DonLane_0_chunk_001.npy,40,313,False
train,Don Lane,dementia,dementia/Don Lane/DonLane_0.wav,DonLane_0,2,C:\Users\sricb\OneDrive\Desktop\AI dementia dection\AI-Powered-Multimodal-Dementia-System\data\audio\features\mfcc\train\Don Lane\DonLane_0_chunk_002.npy,40,313,False
train,Don Lane,dementia,dementia/Don Lane/DonLane_0.wav,DonLane_0,3,C:\Users\sricb\OneDrive\Desktop\AI dementia dection\AI-Powered-Multimodal-Dementia-System\data\audio\features\mfcc\train\Don Lane\DonLane_0_chunk_003.npy,40,313,False
train,Don Lane,dementia,dementia/Don Lane/DonLane_0.wav,DonLane_0,4,C:\Users\sricb\OneDrive\Desktop\AI dementia dection\AI-Powered-Multimodal-Dementia-System\data\audio\features\mfcc\train\Don Lane\DonLane_0_chunk_004.npy,40,313,False
train,Don Lane,dementia,dementia/Don Lane/DonLane_0.wav,DonLane_0,5,C:\Users\sricb\OneDrive\Desktop\AI dementia dection\AI-Powered-Multimodal-Dementia-System\data\audio\features\mfcc\train\Don Lane\DonLane_0_chunk_005.npy,40,313,False
train,Don Lane,dementia,dementia/Don Lane/DonLane_0.wav,DonLane_0,6,C:\Users\sricb\OneDrive\Desktop\AI dementia dection\AI-Powered-Multimodal-Dementia-System\data\audio\features\mfcc\train\Don Lane\DonLane_0_chunk_006.npy,40,313,False
train,Don Lane,dementia,dementia/Don Lane/DonLane_0.wav,DonLane_0,7,C:\Users\sricb\OneDrive\Desktop\AI dementia dection\AI-Powered-Multimodal-Dementia-System\data\audio\features\mfcc\train\Don Lane\DonLane_0_chunk_007.npy,40,313,True
train,Don Lane,dementia,dementia/Don Lane/DonLane_0.wav,DonLane_0,8,C:\Users\sricb\OneDrive\Desktop\AI dementia dection\AI-Powered-Multimodal-Dementia-System\data\audio\features\mfcc\train\Don Lane\DonLane_0_chunk_008.npy,40,313,True
train,Donald Sterling,dementia,dementia/Donald Sterling/DonaldSterling_5.wav,DonaldSterling_5,1,C:\Users\sricb\OneDrive\Desktop\AI dementia dection\AI-Powered-Multimodal-Dementia-System\data\audio\features\mfcc\train\Donald Sterling\DonaldSterling_5_chunk_001.npy,40,313,False
train,Donald Sterling,dementia,dementia/Donald Sterling/DonaldSterling_5.wav,DonaldSterling_5,2,C:\Users\sricb\OneDrive\Desktop\AI dementia dection\AI-Powered-Multimodal-Dementia-System\data\audio\features\mfcc\train\Donald Sterling\DonaldSterling_5_chunk_002.npy,40,313,False
train,Donald Sterling,dementia,dementia/Donald Sterling/DonaldSterling_5.wav,DonaldSterling_5,3,C:\Users\sricb\OneDrive\Desktop\AI dementia dection\AI-Powered-Multimodal-Dementia-System\data\audio\features\mfcc\train\Donald Sterling\DonaldSterling_5_chunk_003.npy,40,313,False
train,Donald Sterling,dementia,dementia/Donald Sterling/DonaldSterling_5.wav,DonaldSterling_5,4,C:\Users\sricb\OneDrive\Desktop\AI dementia dection\AI-Powered-Multimodal-Dementia-System\data\audio\features\mfcc\train\Donald Sterling\DonaldSterling_5_chunk_004.npy,40,313,False
train,Donald Sterling,dementia,dementia/Donald Sterling/DonaldSterling_5.wav,DonaldSterling_5,5,C:\Users\sricb\OneDrive\Desktop\AI dementia dection\AI-Powered-Multimodal-Dementia-System\data\audio\features\mfcc\train\Donald Sterling\DonaldSterling_5_chunk_005.npy,40,313,False
train,Donald Sterling,dementia,dementia/Donald Sterling/DonaldSterling_5.wav,DonaldSterling_5,6,C:\Users\sricb\OneDrive\Desktop\AI dementia dection\AI-Powered-Multimodal-Dementia-System\data\audio\features\mfcc\train\Donald Sterling\DonaldSterling_5_chunk_006.npy,40,313,False
train,Donald Sterling,dementia,dementia/Donald Sterling/DonaldSterling_5.wav,DonaldSterling_5,7,C:\Users\sricb\OneDrive\Desktop\AI dementia dection\AI-Powered-Multimodal-Dementia-System\data\audio\features\mfcc\train\Donald Sterling\DonaldSterling_5_chunk_007.npy,40,313,False
train,Donald Sterling,dementia,dementia/Donald Sterling/DonaldSterling_5.wav,DonaldSterling_5,8,C:\Users\sricb\OneDrive\Desktop\AI dementia dection\AI-Powered-Multimodal-Dementia-System\data\audio\features\mfcc\train\Donald Sterling\DonaldSterling_5_chunk_008.npy,40,313,False
train,Donald Sterling,dementia,dementia/Donald Sterling/DonaldSterling_5.wav,DonaldSterling_5,9,C:\Users\sricb\OneDrive\Desktop\AI dementia dection\AI-Powered-Multimodal-Dementia-System\data\audio\features\mfcc\train\Donald Sterling\DonaldSterling_5_chunk_009.npy,40,313,False
train,Donald Sterling,dementia,dementia/Donald Sterling/DonaldSterling_5.wav,DonaldSterling_5,10,C:\Users\sricb\OneDrive\Desktop\AI dementia dection\AI-Powered-Multimodal-Dementia-System\data\audio\features\mfcc\train\Donald Sterling\DonaldSterling_5_chunk_010.npy,40,313,False
train,Donald Sterling,dementia,dementia/Donald Sterling/DonaldSterling_5.wav,DonaldSterling_5,11,C:\Users\sricb\OneDrive\Desktop\AI dementia dection\AI-Powered-Multimodal-Dementia-System\data\audio\features\mfcc\train\Donald Sterling\DonaldSterling_5_chunk_011.npy,40,313,True
train,Donald Sterling,dementia,dementia/Donald Sterling/DonaldSterling_5.wav,DonaldSterling_5,12,C:\Users\sricb\OneDrive\Desktop\AI dementia dection\AI-Powered-Multimodal-Dementia-System\data\audio\features\mfcc\train\Donald Sterling\DonaldSterling_5_chunk_012.npy,40,313,True
train,Emile Griffith,dementia,dementia/Emile Griffith/emilegriffith_5.wav,emilegriffith_5,1,C:\Users\sricb\OneDrive\Desktop\AI dementia dection\AI-Powered-Multimodal-Dementia-System\data\audio\features\mfcc\train\Emile Griffith\emilegriffith_5_chunk_001.npy,40,313,True
train,Ernie Sigley,dementia,dementia/Ernie Sigley/ErnieSigley_15.wav,ErnieSigley_15,1,C:\Users\sricb\OneDrive\Desktop\AI dementia dection\AI-Powered-Multimodal-Dementia-System\data\audio\features\mfcc\train\Ernie Sigley\ErnieSigley_15_chunk_001.npy,40,313,False
train,Ernie Sigley,dementia,dementia/Ernie Sigley/ErnieSigley_15.wav,ErnieSigley_15,2,C:\Users\sricb\OneDrive\Desktop\AI dementia dection\AI-Powered-Multimodal-Dementia-System\data\audio\features\mfcc\train\Ernie Sigley\ErnieSigley_15_chunk_002.npy,40,313,False
train,Ernie Sigley,dementia,dementia/Ernie Sigley/ErnieSigley_15.wav,ErnieSigley_15,3,C:\Users\sricb\OneDrive\Desktop\AI dementia dection\AI-Powered-Multimodal-Dementia-System\data\audio\features\mfcc\train\Ernie Sigley\ErnieSigley_15_chunk_003.npy,40,313,False
train,Ernie Sigley,dementia,dementia/Ernie Sigley/ErnieSigley_15.wav,ErnieSigley_15,4,C:\Users\sricb\OneDrive\Desktop\AI dementia dection\AI-Powered-Multimodal-Dementia-System\data\audio\features\mfcc\train\Ernie Sigley\ErnieSigley_15_chunk_004.npy,40,313,False
train,Ernie Sigley,dementia,dementia/Ernie Sigley/ErnieSigley_15.wav,ErnieSigley_15,5,C:\Users\sricb\OneDrive\Desktop\AI dementia dection\AI-Powered-Multimodal-Dementia-System\data\audio\features\mfcc\train\Ernie Sigley\ErnieSigley_15_chunk_005.npy,40,313,False
train,Ernie Sigley,dementia,dementia/Ernie Sigley/ErnieSigley_15.wav,ErnieSigley_15,6,C:\Users\sricb\OneDrive\Desktop\AI dementia dection\AI-Powered-Multimodal-Dementia-System\data\audio\features\mfcc\train\Ernie Sigley\ErnieSigley_15_chunk_006.npy,40,313,False
train,Ernie Sigley,dementia,dementia/Ernie Sigley/ErnieSigley_15.wav,ErnieSigley_15,7,C:\Users\sricb\OneDrive\Desktop\AI dementia dection\AI-Powered-Multimodal-Dementia-System\data\audio\features\mfcc\train\Ernie Sigley\ErnieSigley_15_chunk_007.npy,40,313,False
train,Ernie Sigley,dementia,dementia/Ernie Sigley/ErnieSigley_15.wav,ErnieSigley_15,8,C:\Users\sricb\OneDrive\Desktop\AI dementia dection\AI-Powered-Multimodal-Dementia-System\data\audio\features\mfcc\train\Ernie Sigley\ErnieSigley_15_chunk_008.npy,40,313,False
train,Ernie Sigley,dementia,dementia/Ernie Sigley/ErnieSigley_15.wav,ErnieSigley_15,9,C:\Users\sricb\OneDrive\Desktop\AI dementia dection\AI-Powered-Multimodal-Dementia-System\data\audio\features\mfcc\train\Ernie Sigley\ErnieSigley_15_chunk_009.npy,40,313,True
train,Ernie Sigley,dementia,dementia/Ernie Sigley/ErnieSigley_15.wav,ErnieSigley_15,10,C:\Users\sricb\OneDrive\Desktop\AI dementia dection\AI-Powered-Multimodal-Dementia-System\data\audio\features\mfcc\train\Ernie Sigley\ErnieSigley_15_chunk_010.npy,40,313,True
train,Estelle Getty,dementia,dementia/Estelle Getty/EstelleGetty_15.wav,EstelleGetty_15,1,C:\Users\sricb\OneDrive\Desktop\AI dementia dection\AI-Powered-Multimodal-Dementia-System\data\audio\features\mfcc\train\Estelle Getty\EstelleGetty_15_chunk_001.npy,40,313,True
train,Evelyn Keyes,dementia,dementia/Evelyn Keyes/EvelynKeyes_0.wav,EvelynKeyes_0,1,C:\Users\sricb\OneDrive\Desktop\AI dementia dection\AI-Powered-Multimodal-Dementia-System\data\audio\features\mfcc\train\Evelyn Keyes\EvelynKeyes_0_chunk_001.npy,40,313,False
train,Evelyn Keyes,dementia,dementia/Evelyn Keyes/EvelynKeyes_0.wav,EvelynKeyes_0,2,C:\Users\sricb\OneDrive\Desktop\AI dementia dection\AI-Powered-Multimodal-Dementia-System\data\audio\features\mfcc\train\Evelyn Keyes\EvelynKeyes_0_chunk_002.npy,40,313,False
train,Evelyn Keyes,dementia,dementia/Evelyn Keyes/EvelynKeyes_0.wav,EvelynKeyes_0,3,C:\Users\sricb\OneDrive\Desktop\AI dementia dection\AI-Powered-Multimodal-Dementia-System\data\audio\features\mfcc\train\Evelyn Keyes\EvelynKeyes_0_chunk_003.npy,40,313,False
train,Evelyn Keyes,dementia,dementia/Evelyn Keyes/EvelynKeyes_0.wav,EvelynKeyes_0,4,C:\Users\sricb\OneDrive\Desktop\AI dementia dection\AI-Powered-Multimodal-Dementia-System\data\audio\features\mfcc\train\Evelyn Keyes\EvelynKeyes_0_chunk_004.npy,40,313,False
train,Evelyn Keyes,dementia,dementia/Evelyn Keyes/EvelynKeyes_0.wav,EvelynKeyes_0,5,C:\Users\sricb\OneDrive\Desktop\AI dementia dection\AI-Powered-Multimodal-Dementia-System\data\audio\features\mfcc\train\Evelyn Keyes\EvelynKeyes_0_chunk_005.npy,40,313,False
train,Evelyn Keyes,dementia,dementia/Evelyn Keyes/EvelynKeyes_0.wav,EvelynKeyes_0,6,C:\Users\sricb\OneDrive\Desktop\AI dementia dection\AI-Powered-Multimodal-Dementia-System\data\audio\features\mfcc\train\Evelyn Keyes\EvelynKeyes_0_chunk_006.npy,40,313,True
train,Evelyn Keyes,dementia,dementia/Evelyn Keyes/EvelynKeyes_0.wav,EvelynKeyes_0,7,C:\Users\sricb\OneDrive\Desktop\AI dementia dection\AI-Powered-Multimodal-Dementia-System\data\audio\features\mfcc\train\Evelyn Keyes\EvelynKeyes_0_chunk_007.npy,40,313,True
train,Evelyn Keyes,dementia,dementia/Evelyn Keyes/EvelynKeyes_10.wav,EvelynKeyes_10,1,C:\Users\sricb\OneDrive\Desktop\AI dementia dection\AI-Powered-Multimodal-Dementia-System\data\audio\features\mfcc\train\Evelyn Keyes\EvelynKeyes_10_chunk_001.npy,40,313,False
train,Evelyn Keyes,dementia,dementia/Evelyn Keyes/EvelynKeyes_10.wav,EvelynKeyes_10,2,C:\Users\sricb\OneDrive\Desktop\AI dementia dection\AI-Powered-Multimodal-Dementia-System\data\audio\features\mfcc\train\Evelyn Keyes\EvelynKeyes_10_chunk_002.npy,40,313,False
train,Evelyn Keyes,dementia,dementia/Evelyn Keyes/EvelynKeyes_10.wav,EvelynKeyes_10,3,C:\Users\sricb\OneDrive\Desktop\AI dementia dection\AI-Powered-Multimodal-Dementia-System\data\audio\features\mfcc\train\Evelyn Keyes\EvelynKeyes_10_chunk_003.npy,40,313,False
train,Evelyn Keyes,dementia,dementia/Evelyn Keyes/EvelynKeyes_10.wav,EvelynKeyes_10,4,C:\Users\sricb\OneDrive\Desktop\AI dementia dection\AI-Powered-Multimodal-Dementia-System\data\audio\features\mfcc\train\Evelyn Keyes\EvelynKeyes_10_chunk_004.npy,40,313,False
train,Evelyn Keyes,dementia,dementia/Evelyn Keyes/EvelynKeyes_10.wav,EvelynKeyes_10,5,C:\Users\sricb\OneDrive\Desktop\AI dementia dection\AI-Powered-Multimodal-Dementia-System\data\audio\features\mfcc\train\Evelyn Keyes\EvelynKeyes_10_chunk_005.npy,40,313,False
train,Evelyn Keyes,dementia,dementia/Evelyn Keyes/EvelynKeyes_10.wav,EvelynKeyes_10,6,C:\Users\sricb\OneDrive\Desktop\AI dementia dection\AI-Powered-Multimodal-Dementia-System\data\audio\features\mfcc\train\Evelyn Keyes\EvelynKeyes_10_chunk_006.npy,40,313,False
train,Evelyn Keyes,dementia,dementia/Evelyn Keyes/EvelynKeyes_10.wav,EvelynKeyes_10,7,C:\Users\sricb\OneDrive\Desktop\AI dementia dection\AI-Powered-Multimodal-Dementia-System\data\audio\features\mfcc\train\Evelyn Keyes\EvelynKeyes_10_chunk_007.npy,40,313,False
train,Evelyn Keyes,dementia,dementia/Evelyn Keyes/EvelynKeyes_10.wav,EvelynKeyes_10,8,C:\Users\sricb\OneDrive\Desktop\AI dementia dection\AI-Powered-Multimodal-Dementia-System\data\audio\features\mfcc\train\Evelyn Keyes\EvelynKeyes_10_chunk_008.npy,40,313,False
train,Evelyn Keyes,dementia,dementia/Evelyn Keyes/EvelynKeyes_10.wav,EvelynKeyes_10,9,C:\Users\sricb\OneDrive\Desktop\AI dementia dection\AI-Powered-Multimodal-Dementia-System\data\audio\features\mfcc\train\Evelyn Keyes\EvelynKeyes_10_chunk_009.npy,40,313,False
train,Evelyn Keyes,dementia,dementia/Evelyn Keyes/EvelynKeyes_10.wav,EvelynKeyes_10,10,C:\Users\sricb\OneDrive\Desktop\AI dementia dection\AI-Powered-Multimodal-Dementia-System\data\audio\features\mfcc\train\Evelyn Keyes\EvelynKeyes_10_chunk_010.npy,40,313,False
train,Evelyn Keyes,dementia,dementia/Evelyn Keyes/EvelynKeyes_10.wav,EvelynKeyes_10,11,C:\Users\sricb\OneDrive\Desktop\AI dementia dection\AI-Powered-Multimodal-Dementia-System\data\audio\features\mfcc\train\Evelyn Keyes\EvelynKeyes_10_chunk_011.npy,40,313,False
train,Evelyn Keyes,dementia,dementia/Evelyn Keyes/EvelynKeyes_10.wav,EvelynKeyes_10,12,C:\Users\sricb\OneDrive\Desktop\AI dementia dection\AI-Powered-Multimodal-Dementia-System\data\audio\features\mfcc\train\Evelyn Keyes\EvelynKeyes_10_chunk_012.npy,40,313,True
train,Evelyn Keyes,dementia,dementia/Evelyn Keyes/EvelynKeyes_10.wav,EvelynKeyes_10,13,C:\Users\sricb\OneDrive\Desktop\AI dementia dection\AI-Powered-Multimodal-Dementia-System\data\audio\features\mfcc\train\Evelyn Keyes\EvelynKeyes_10_chunk_013.npy,40,313,True
train,George Robb,dementia,dementia/George Robb/georgerobb_10.wav,georgerobb_10,1,C:\Users\sricb\OneDrive\Desktop\AI dementia dection\AI-Powered-Multimodal-Dementia-System\data\audio\features\mfcc\train\George Robb\georgerobb_10_chunk_001.npy,40,313,False
train,George Robb,dementia,dementia/George Robb/georgerobb_10.wav,georgerobb_10,2,C:\Users\sricb\OneDrive\Desktop\AI dementia dection\AI-Powered-Multimodal-Dementia-System\data\audio\features\mfcc\train\George Robb\georgerobb_10_chunk_002.npy,40,313,False
train,George Robb,dementia,dementia/George Robb/georgerobb_10.wav,georgerobb_10,3,C:\Users\sricb\OneDrive\Desktop\AI dementia dection\AI-Powered-Multimodal-Dementia-System\data\audio\features\mfcc\train\George Robb\georgerobb_10_chunk_003.npy,40,313,False
train,George Robb,dementia,dementia/George Robb/georgerobb_10.wav,georgerobb_10,4,C:\Users\sricb\OneDrive\Desktop\AI dementia dection\AI-Powered-Multimodal-Dementia-System\data\audio\features\mfcc\train\George Robb\georgerobb_10_chunk_004.npy,40,313,True
train,George Robb,dementia,dementia/George Robb/georgerobb_10.wav,georgerobb_10,5,C:\Users\sricb\OneDrive\Desktop\AI dementia dection\AI-Powered-Multimodal-Dementia-System\data\audio\features\mfcc\train\George Robb\georgerobb_10_chunk_005.npy,40,313,True
train,Greg Fingers Taylor,dementia,dementia/Greg Fingers Taylor/GregFingersTaylor_10.wav,GregFingersTaylor_10,1,C:\Users\sricb\OneDrive\Desktop\AI dementia dection\AI-Powered-Multimodal-Dementia-System\data\audio\features\mfcc\train\Greg Fingers Taylor\GregFingersTaylor_10_chunk_001.npy,40,313,False
train,Greg Fingers Taylor,dementia,dementia/Greg Fingers Taylor/GregFingersTaylor_10.wav,GregFingersTaylor_10,2,C:\Users\sricb\OneDrive\Desktop\AI dementia dection\AI-Powered-Multimodal-Dementia-System\data\audio\features\mfcc\train\Greg Fingers Taylor\GregFingersTaylor_10_chunk_002.npy,40,313,False
train,Greg Fingers Taylor,dementia,dementia/Greg Fingers Taylor/GregFingersTaylor_10.wav,GregFingersTaylor_10,3,C:\Users\sricb\OneDrive\Desktop\AI dementia dection\AI-Powered-Multimodal-Dementia-System\data\audio\features\mfcc\train\Greg Fingers Taylor\GregFingersTaylor_10_chunk_003.npy,40,313,False
train,Greg Fingers Taylor,dementia,dementia/Greg Fingers Taylor/GregFingersTaylor_10.wav,GregFingersTaylor_10,4,C:\Users\sricb\OneDrive\Desktop\AI dementia dection\AI-Powered-Multimodal-Dementia-System\data\audio\features\mfcc\train\Greg Fingers Taylor\GregFingersTaylor_10_chunk_004.npy,40,313,False
train,Greg Fingers Taylor,dementia,dementia/Greg Fingers Taylor/GregFingersTaylor_10.wav,GregFingersTaylor_10,5,C:\Users\sricb\OneDrive\Desktop\AI dementia dection\AI-Powered-Multimodal-Dementia-System\data\audio\features\mfcc\train\Greg Fingers Taylor\GregFingersTaylor_10_chunk_005.npy,40,313,False
train,Greg Fingers Taylor,dementia,dementia/Greg Fingers Taylor/GregFingersTaylor_10.wav,GregFingersTaylor_10,6,C:\Users\sricb\OneDrive\Desktop\AI dementia dection\AI-Powered-Multimodal-Dementia-System\data\audio\features\mfcc\train\Greg Fingers Taylor\GregFingersTaylor_10_chunk_006.npy,40,313,False
train,Greg Fingers Taylor,dementia,dementia/Greg Fingers Taylor/GregFingersTaylor_10.wav,GregFingersTaylor_10,7,C:\Users\sricb\OneDrive\Desktop\AI dementia dection\AI-Powered-Multimodal-Dementia-System\data\audio\features\mfcc\train\Greg Fingers Taylor\GregFingersTaylor_10_chunk_007.npy,40,313,False
train,Greg Fingers Taylor,dementia,dementia/Greg Fingers Taylor/GregFingersTaylor_10.wav,GregFingersTaylor_10,8,C:\Users\sricb\OneDrive\Desktop\AI dementia dection\AI-Powered-Multimodal-Dementia-System\data\audio\features\mfcc\train\Greg Fingers Taylor\GregFingersTaylor_10_chunk_008.npy,40,313,False
train,Greg Fingers Taylor,dementia,dementia/Greg Fingers Taylor/GregFingersTaylor_10.wav,GregFingersTaylor_10,9,C:\Users\sricb\OneDrive\Desktop\AI dementia dection\AI-Powered-Multimodal-Dementia-System\data\audio\features\mfcc\train\Greg Fingers Taylor\GregFingersTaylor_10_chunk_009.npy,40,313,False
train,Greg Fingers Taylor,dementia,dementia/Greg Fingers Taylor/GregFingersTaylor_10.wav,GregFingersTaylor_10,10,C:\Users\sricb\OneDrive\Desktop\AI dementia dection\AI-Powered-Multimodal-Dementia-System\data\audio\features\mfcc\train\Greg Fingers Taylor\GregFingersTaylor_10_chunk_010.npy,40,313,False
train,Greg Fingers Taylor,dementia,dementia/Greg Fingers Taylor/GregFingersTaylor_10.wav,GregFingersTaylor_10,11,C:\Users\sricb\OneDrive\Desktop\AI dementia dection\AI-Powered-Multimodal-Dementia-System\data\audio\features\mfcc\train\Greg Fingers Taylor\GregFingersTaylor_10_chunk_011.npy,40,313,False
train,Greg Fingers Taylor,dementia,dementia/Greg Fingers Taylor/GregFingersTaylor_10.wav,GregFingersTaylor_10,12,C:\Users\sricb\OneDrive\Desktop\AI dementia dection\AI-Powered-Multimodal-Dementia-System\data\audio\features\mfcc\train\Greg Fingers Taylor\GregFingersTaylor_10_chunk_012.npy,40,313,False
train,Greg Fingers Taylor,dementia,dementia/Greg Fingers Taylor/GregFingersTaylor_10.wav,GregFingersTaylor_10,13,C:\Users\sricb\OneDrive\Desktop\AI dementia dection\AI-Powered-Multimodal-Dementia-System\data\audio\features\mfcc\train\Greg Fingers Taylor\GregFingersTaylor_10_chunk_013.npy,40,313,False
train,Greg Fingers Taylor,dementia,dementia/Greg Fingers Taylor/GregFingersTaylor_10.wav,GregFingersTaylor_10,14,C:\Users\sricb\OneDrive\Desktop\AI dementia dection\AI-Powered-Multimodal-Dementia-System\data\audio\features\mfcc\train\Greg Fingers Taylor\GregFingersTaylor_10_chunk_014.npy,40,313,False
train,Greg Fingers Taylor,dementia,dementia/Greg Fingers Taylor/GregFingersTaylor_10.wav,GregFingersTaylor_10,15,C:\Users\sricb\OneDrive\Desktop\AI dementia dection\AI-Powered-Multimodal-Dementia-System\data\audio\features\mfcc\train\Greg Fingers Taylor\GregFingersTaylor_10_chunk_015.npy,40,313,False
train,Greg Fingers Taylor,dementia,dementia/Greg Fingers Taylor/GregFingersTaylor_10.wav,GregFingersTaylor_10,16,C:\Users\sricb\OneDrive\Desktop\AI dementia dection\AI-Powered-Multimodal-Dementia-System\data\audio\features\mfcc\train\Greg Fingers Taylor\GregFingersTaylor_10_chunk_016.npy,40,313,False
train,Greg Fingers Taylor,dementia,dementia/Greg Fingers Taylor/GregFingersTaylor_10.wav,GregFingersTaylor_10,17,C:\Users\sricb\OneDrive\Desktop\AI dementia dection\AI-Powered-Multimodal-Dementia-System\data\audio\features\mfcc\train\Greg Fingers Taylor\GregFingersTaylor_10_chunk_017.npy,40,313,False
train,Greg Fingers Taylor,dementia,dementia/Greg Fingers Taylor/GregFingersTaylor_10.wav,GregFingersTaylor_10,18,C:\Users\sricb\OneDrive\Desktop\AI dementia dection\AI-Powered-Multimodal-Dementia-System\data\audio\features\mfcc\train\Greg Fingers Taylor\GregFingersTaylor_10_chunk_018.npy,40,313,True
train,Greg Fingers Taylor,dementia,dementia/Greg Fingers Taylor/GregFingersTaylor_10.wav,GregFingersTaylor_10,19,C:\Users\sricb\OneDrive\Desktop\AI dementia dection\AI-Powered-Multimodal-Dementia-System\data\audio\features\mfcc\train\Greg Fingers Taylor\GregFingersTaylor_10_chunk_019.npy,40,313,True
train,Ian Holm,dementia,dementia/Ian Holm/IanHolm_2.wav,IanHolm_2,1,C:\Users\sricb\OneDrive\Desktop\AI dementia dection\AI-Powered-Multimodal-Dementia-System\data\audio\features\mfcc\train\Ian Holm\IanHolm_2_chunk_001.npy,40,313,False
train,Ian Holm,dementia,dementia/Ian Holm/IanHolm_2.wav,IanHolm_2,2,C:\Users\sricb\OneDrive\Desktop\AI dementia dection\AI-Powered-Multimodal-Dementia-System\data\audio\features\mfcc\train\Ian Holm\IanHolm_2_chunk_002.npy,40,313,False
train,Ian Holm,dementia,dementia/Ian Holm/IanHolm_2.wav,IanHolm_2,3,C:\Users\sricb\OneDrive\Desktop\AI dementia dection\AI-Powered-Multimodal-Dementia-System\data\audio\features\mfcc\train\Ian Holm\IanHolm_2_chunk_003.npy,40,313,False
train,Ian Holm,dementia,dementia/Ian Holm/IanHolm_2.wav,IanHolm_2,4,C:\Users\sricb\OneDrive\Desktop\AI dementia dection\AI-Powered-Multimodal-Dementia-System\data\audio\features\mfcc\train\Ian Holm\IanHolm_2_chunk_004.npy,40,313,False
train,Ian Holm,dementia,dementia/Ian Holm/IanHolm_2.wav,IanHolm_2,5,C:\Users\sricb\OneDrive\Desktop\AI dementia dection\AI-Powered-Multimodal-Dementia-System\data\audio\features\mfcc\train\Ian Holm\IanHolm_2_chunk_005.npy,40,313,False
train,Ian Holm,dementia,dementia/Ian Holm/IanHolm_2.wav,IanHolm_2,6,C:\Users\sricb\OneDrive\Desktop\AI dementia dection\AI-Powered-Multimodal-Dementia-System\data\audio\features\mfcc\train\Ian Holm\IanHolm_2_chunk_006.npy,40,313,False
train,Ian Holm,dementia,dementia/Ian Holm/IanHolm_2.wav,IanHolm_2,7,C:\Users\sricb\OneDrive\Desktop\AI dementia dection\AI-Powered-Multimodal-Dementia-System\data\audio\features\mfcc\train\Ian Holm\IanHolm_2_chunk_007.npy,40,313,False
train,Ian Holm,dementia,dementia/Ian Holm/IanHolm_2.wav,IanHolm_2,8,C:\Users\sricb\OneDrive\Desktop\AI dementia dection\AI-Powered-Multimodal-Dementia-System\data\audio\features\mfcc\train\Ian Holm\IanHolm_2_chunk_008.npy,40,313,False
train,Ian Holm,dementia,dementia/Ian Holm/IanHolm_2.wav,IanHolm_2,9,C:\Users\sricb\OneDrive\Desktop\AI dementia dection\AI-Powered-Multimodal-Dementia-System\data\audio\features\mfcc\train\Ian Holm\IanHolm_2_chunk_009.npy,40,313,False
train,Ian Holm,dementia,dementia/Ian Holm/IanHolm_2.wav,IanHolm_2,10,C:\Users\sricb\OneDrive\Desktop\AI dementia dection\AI-Powered-Multimodal-Dementia-System\data\audio\features\mfcc\train\Ian Holm\IanHolm_2_chunk_010.npy,40,313,False
train,Ian Holm,dementia,dementia/Ian Holm/IanHolm_2.wav,IanHolm_2,11,C:\Users\sricb\OneDrive\Desktop\AI dementia dection\AI-Powered-Multimodal-Dementia-System\data\audio\features\mfcc\train\Ian Holm\IanHolm_2_chunk_011.npy,40,313,False
train,Ian Holm,dementia,dementia/Ian Holm/IanHolm_2.wav,IanHolm_2,12,C:\Users\sricb\OneDrive\Desktop\AI dementia dection\AI-Powered-Multimodal-Dementia-System\data\audio\features\mfcc\train\Ian Holm\IanHolm_2_chunk_012.npy,40,313,False
train,Ian Holm,dementia,dementia/Ian Holm/IanHolm_2.wav,IanHolm_2,13,C:\Users\sricb\OneDrive\Desktop\AI dementia dection\AI-Powered-Multimodal-Dementia-System\data\audio\features\mfcc\train\Ian Holm\IanHolm_2_chunk_013.npy,40,313,False
train,Ian Holm,dementia,dementia/Ian Holm/IanHolm_2.wav,IanHolm_2,14,C:\Users\sricb\OneDrive\Desktop\AI dementia dection\AI-Powered-Multimodal-Dementia-System\data\audio\features\mfcc\train\Ian Holm\IanHolm_2_chunk_014.npy,40,313,False
train,Ian Holm,dementia,dementia/Ian Holm/IanHolm_2.wav,IanHolm_2,15,C:\Users\sricb\OneDrive\Desktop\AI dementia dection\AI-Powered-Multimodal-Dementia-System\data\audio\features\mfcc\train\Ian Holm\IanHolm_2_chunk_015.npy,40,313,False
train,Ian Holm,dementia,dementia/Ian Holm/IanHolm_2.wav,IanHolm_2,16,C:\Users\sricb\OneDrive\Desktop\AI dementia dection\AI-Powered-Multimodal-Dementia-System\data\audio\features\mfcc\train\Ian Holm\IanHolm_2_chunk_016.npy,40,313,False
train,Ian Holm,dementia,dementia/Ian Holm/IanHolm_2.wav,IanHolm_2,17,C:\Users\sricb\OneDrive\Desktop\AI dementia dection\AI-Powered-Multimodal-Dementia-System\data\audio\features\mfcc\train\Ian Holm\IanHolm_2_chunk_017.npy,40,313,False
train,Ian Holm,dementia,dementia/Ian Holm/IanHolm_2.wav,IanHolm_2,18,C:\Users\sricb\OneDrive\Desktop\AI dementia dection\AI-Powered-Multimodal-Dementia-System\data\audio\features\mfcc\train\Ian Holm\IanHolm_2_chunk_018.npy,40,313,True
train,Ian McCaskill,dementia,dementia/Ian McCaskill/ianmccaskill_15.wav,ianmccaskill_15,1,C:\Users\sricb\OneDrive\Desktop\AI dementia dection\AI-Powered-Multimodal-Dementia-System\data\audio\features\mfcc\train\Ian McCaskill\ianmccaskill_15_chunk_001.npy,40,313,False
train,Ian McCaskill,dementia,dementia/Ian McCaskill/ianmccaskill_15.wav,ianmccaskill_15,2,C:\Users\sricb\OneDrive\Desktop\AI dementia dection\AI-Powered-Multimodal-Dementia-System\data\audio\features\mfcc\train\Ian McCaskill\ianmccaskill_15_chunk_002.npy,40,313,False
train,Ian McCaskill,dementia,dementia/Ian McCaskill/ianmccaskill_15.wav,ianmccaskill_15,3,C:\Users\sricb\OneDrive\Desktop\AI dementia dection\AI-Powered-Multimodal-Dementia-System\data\audio\features\mfcc\train\Ian McCaskill\ianmccaskill_15_chunk_003.npy,40,313,False
train,Ian McCaskill,dementia,dementia/Ian McCaskill/ianmccaskill_15.wav,ianmccaskill_15,4,C:\Users\sricb\OneDrive\Desktop\AI dementia dection\AI-Powered-Multimodal-Dementia-System\data\audio\features\mfcc\train\Ian McCaskill\ianmccaskill_15_chunk_004.npy,40,313,False
train,Ian McCaskill,dementia,dementia/Ian McCaskill/ianmccaskill_15.wav,ianmccaskill_15,5,C:\Users\sricb\OneDrive\Desktop\AI dementia dection\AI-Powered-Multimodal-Dementia-System\data\audio\features\mfcc\train\Ian McCaskill\ianmccaskill_15_chunk_005.npy,40,313,False
train,Ian McCaskill,dementia,dementia/Ian McCaskill/ianmccaskill_15.wav,ianmccaskill_15,6,C:\Users\sricb\OneDrive\Desktop\AI dementia dection\AI-Powered-Multimodal-Dementia-System\data\audio\features\mfcc\train\Ian McCaskill\ianmccaskill_15_chunk_006.npy,40,313,True
train,Ian McCaskill,dementia,dementia/Ian McCaskill/ianmccaskill_15.wav,ianmccaskill_15,7,C:\Users\sricb\OneDrive\Desktop\AI dementia dection\AI-Powered-Multimodal-Dementia-System\data\audio\features\mfcc\train\Ian McCaskill\ianmccaskill_15_chunk_007.npy,40,313,True
train,James Stewart,dementia,dementia/James Stewart/JamesStewart_5.wav,JamesStewart_5,1,C:\Users\sricb\OneDrive\Desktop\AI dementia dection\AI-Powered-Multimodal-Dementia-System\data\audio\features\mfcc\train\James Stewart\JamesStewart_5_chunk_001.npy,40,313,False
train,James Stewart,dementia,dementia/James Stewart/JamesStewart_5.wav,JamesStewart_5,2,C:\Users\sricb\OneDrive\Desktop\AI dementia dection\AI-Powered-Multimodal-Dementia-System\data\audio\features\mfcc\train\James Stewart\JamesStewart_5_chunk_002.npy,40,313,False
train,James Stewart,dementia,dementia/James Stewart/JamesStewart_5.wav,JamesStewart_5,3,C:\Users\sricb\OneDrive\Desktop\AI dementia dection\AI-Powered-Multimodal-Dementia-System\data\audio\features\mfcc\train\James Stewart\JamesStewart_5_chunk_003.npy,40,313,False
train,James Stewart,dementia,dementia/James Stewart/JamesStewart_5.wav,JamesStewart_5,4,C:\Users\sricb\OneDrive\Desktop\AI dementia dection\AI-Powered-Multimodal-Dementia-System\data\audio\features\mfcc\train\James Stewart\JamesStewart_5_chunk_004.npy,40,313,False
train,James Stewart,dementia,dementia/James Stewart/JamesStewart_5.wav,JamesStewart_5,5,C:\Users\sricb\OneDrive\Desktop\AI dementia dection\AI-Powered-Multimodal-Dementia-System\data\audio\features\mfcc\train\James Stewart\JamesStewart_5_chunk_005.npy,40,313,False
train,James Stewart,dementia,dementia/James Stewart/JamesStewart_5.wav,JamesStewart_5,6,C:\Users\sricb\OneDrive\Desktop\AI dementia dection\AI-Powered-Multimodal-Dementia-System\data\audio\features\mfcc\train\James Stewart\JamesStewart_5_chunk_006.npy,40,313,False
train,James Stewart,dementia,dementia/James Stewart/JamesStewart_5.wav,JamesStewart_5,7,C:\Users\sricb\OneDrive\Desktop\AI dementia dection\AI-Powered-Multimodal-Dementia-System\data\audio\features\mfcc\train\James Stewart\JamesStewart_5_chunk_007.npy,40,313,False
train,James Stewart,dementia,dementia/James Stewart/JamesStewart_5.wav,JamesStewart_5,8,C:\Users\sricb\OneDrive\Desktop\AI dementia dection\AI-Powered-Multimodal-Dementia-System\data\audio\features\mfcc\train\James Stewart\JamesStewart_5_chunk_008.npy,40,313,False
train,James Stewart,dementia,dementia/James Stewart/JamesStewart_5.wav,JamesStewart_5,9,C:\Users\sricb\OneDrive\Desktop\AI dementia dection\AI-Powered-Multimodal-Dementia-System\data\audio\features\mfcc\train\James Stewart\JamesStewart_5_chunk_009.npy,40,313,True
train,James Stewart,dementia,dementia/James Stewart/JamesStewart_5.wav,JamesStewart_5,10,C:\Users\sricb\OneDrive\Desktop\AI dementia dection\AI-Powered-Multimodal-Dementia-System\data\audio\features\mfcc\train\James Stewart\JamesStewart_5_chunk_010.npy,40,313,True
train,Jeanne Little,dementia,dementia/Jeanne Little/JeanneLittle_10.wav,JeanneLittle_10,1,C:\Users\sricb\OneDrive\Desktop\AI dementia dection\AI-Powered-Multimodal-Dementia-System\data\audio\features\mfcc\train\Jeanne Little\JeanneLittle_10_chunk_001.npy,40,313,False
train,Jeanne Little,dementia,dementia/Jeanne Little/JeanneLittle_10.wav,JeanneLittle_10,2,C:\Users\sricb\OneDrive\Desktop\AI dementia dection\AI-Powered-Multimodal-Dementia-System\data\audio\features\mfcc\train\Jeanne Little\JeanneLittle_10_chunk_002.npy,40,313,False
train,Jeanne Little,dementia,dementia/Jeanne Little/JeanneLittle_10.wav,JeanneLittle_10,3,C:\Users\sricb\OneDrive\Desktop\AI dementia dection\AI-Powered-Multimodal-Dementia-System\data\audio\features\mfcc\train\Jeanne Little\JeanneLittle_10_chunk_003.npy,40,313,False
train,Jeanne Little,dementia,dementia/Jeanne Little/JeanneLittle_10.wav,JeanneLittle_10,4,C:\Users\sricb\OneDrive\Desktop\AI dementia dection\AI-Powered-Multimodal-Dementia-System\data\audio\features\mfcc\train\Jeanne Little\JeanneLittle_10_chunk_004.npy,40,313,False
train,Jeanne Little,dementia,dementia/Jeanne Little/JeanneLittle_10.wav,JeanneLittle_10,5,C:\Users\sricb\OneDrive\Desktop\AI dementia dection\AI-Powered-Multimodal-Dementia-System\data\audio\features\mfcc\train\Jeanne Little\JeanneLittle_10_chunk_005.npy,40,313,False
train,Jeanne Little,dementia,dementia/Jeanne Little/JeanneLittle_10.wav,JeanneLittle_10,6,C:\Users\sricb\OneDrive\Desktop\AI dementia dection\AI-Powered-Multimodal-Dementia-System\data\audio\features\mfcc\train\Jeanne Little\JeanneLittle_10_chunk_006.npy,40,313,False
train,Jeanne Little,dementia,dementia/Jeanne Little/JeanneLittle_10.wav,JeanneLittle_10,7,C:\Users\sricb\OneDrive\Desktop\AI dementia dection\AI-Powered-Multimodal-Dementia-System\data\audio\features\mfcc\train\Jeanne Little\JeanneLittle_10_chunk_007.npy,40,313,False
train,Jeanne Little,dementia,dementia/Jeanne Little/JeanneLittle_10.wav,JeanneLittle_10,8,C:\Users\sricb\OneDrive\Desktop\AI dementia dection\AI-Powered-Multimodal-Dementia-System\data\audio\features\mfcc\train\Jeanne Little\JeanneLittle_10_chunk_008.npy,40,313,False
train,Jeanne Little,dementia,dementia/Jeanne Little/JeanneLittle_10.wav,JeanneLittle_10,9,C:\Users\sricb\OneDrive\Desktop\AI dementia dection\AI-Powered-Multimodal-Dementia-System\data\audio\features\mfcc\train\Jeanne Little\JeanneLittle_10_chunk_009.npy,40,313,True
train,Jeanne Little,dementia,dementia/Jeanne Little/JeanneLittle_10.wav,JeanneLittle_10,10,C:\Users\sricb\OneDrive\Desktop\AI dementia dection\AI-Powered-Multimodal-Dementia-System\data\audio\features\mfcc\train\Jeanne Little\JeanneLittle_10_chunk_010.npy,40,313,True
train,Jessejackson,dementia,dementia/Jessejackson/Jessejackson_0.wav,Jessejackson_0,1,C:\Users\sricb\OneDrive\Desktop\AI dementia dection\AI-Powered-Multimodal-Dementia-System\data\audio\features\mfcc\train\Jessejackson\Jessejackson_0_chunk_001.npy,40,313,False
train,Jessejackson,dementia,dementia/Jessejackson/Jessejackson_0.wav,Jessejackson_0,2,C:\Users\sricb\OneDrive\Desktop\AI dementia dection\AI-Powered-Multimodal-Dementia-System\data\audio\features\mfcc\train\Jessejackson\Jessejackson_0_chunk_002.npy,40,313,False
train,Jessejackson,dementia,dementia/Jessejackson/Jessejackson_0.wav,Jessejackson_0,3,C:\Users\sricb\OneDrive\Desktop\AI dementia dection\AI-Powered-Multimodal-Dementia-System\data\audio\features\mfcc\train\Jessejackson\Jessejackson_0_chunk_003.npy,40,313,False
train,Jessejackson,dementia,dementia/Jessejackson/Jessejackson_0.wav,Jessejackson_0,4,C:\Users\sricb\OneDrive\Desktop\AI dementia dection\AI-Powered-Multimodal-Dementia-System\data\audio\features\mfcc\train\Jessejackson\Jessejackson_0_chunk_004.npy,40,313,False
train,Jessejackson,dementia,dementia/Jessejackson/Jessejackson_0.wav,Jessejackson_0,5,C:\Users\sricb\OneDrive\Desktop\AI dementia dection\AI-Powered-Multimodal-Dementia-System\data\audio\features\mfcc\train\Jessejackson\Jessejackson_0_chunk_005.npy,40,313,False
train,Jessejackson,dementia,dementia/Jessejackson/Jessejackson_0.wav,Jessejackson_0,6,C:\Users\sricb\OneDrive\Desktop\AI dementia dection\AI-Powered-Multimodal-Dementia-System\data\audio\features\mfcc\train\Jessejackson\Jessejackson_0_chunk_006.npy,40,313,False
train,Jessejackson,dementia,dementia/Jessejackson/Jessejackson_0.wav,Jessejackson_0,7,C:\Users\sricb\OneDrive\Desktop\AI dementia dection\AI-Powered-Multimodal-Dementia-System\data\audio\features\mfcc\train\Jessejackson\Jessejackson_0_chunk_007.npy,40,313,False
train,Jessejackson,dementia,dementia/Jessejackson/Jessejackson_0.wav,Jessejackson_0,8,C:\Users\sricb\OneDrive\Desktop\AI dementia dection\AI-Powered-Multimodal-Dementia-System\data\audio\features\mfcc\train\Jessejackson\Jessejackson_0_chunk_008.npy,40,313,True
train,Jessejackson,dementia,dementia/Jessejackson/Jessejackson_0.wav,Jessejackson_0,9,C:\Users\sricb\OneDrive\Desktop\AI dementia dection\AI-Powered-Multimodal-Dementia-System\data\audio\features\mfcc\train\Jessejackson\Jessejackson_0_chunk_009.npy,40,313,True
train,Jim McLean,dementia,dementia/Jim McLean/jimmclean_10.wav,jimmclean_10,1,C:\Users\sricb\OneDrive\Desktop\AI dementia dection\AI-Powered-Multimodal-Dementia-System\data\audio\features\mfcc\train\Jim McLean\jimmclean_10_chunk_001.npy,40,313,False
train,Jim McLean,dementia,dementia/Jim McLean/jimmclean_10.wav,jimmclean_10,2,C:\Users\sricb\OneDrive\Desktop\AI dementia dection\AI-Powered-Multimodal-Dementia-System\data\audio\features\mfcc\train\Jim McLean\jimmclean_10_chunk_002.npy,40,313,False
train,Jim McLean,dementia,dementia/Jim McLean/jimmclean_10.wav,jimmclean_10,3,C:\Users\sricb\OneDrive\Desktop\AI dementia dection\AI-Powered-Multimodal-Dementia-System\data\audio\features\mfcc\train\Jim McLean\jimmclean_10_chunk_003.npy,40,313,False
train,Jim McLean,dementia,dementia/Jim McLean/jimmclean_10.wav,jimmclean_10,4,C:\Users\sricb\OneDrive\Desktop\AI dementia dection\AI-Powered-Multimodal-Dementia-System\data\audio\features\mfcc\train\Jim McLean\jimmclean_10_chunk_004.npy,40,313,False
train,Jim McLean,dementia,dementia/Jim McLean/jimmclean_10.wav,jimmclean_10,5,C:\Users\sricb\OneDrive\Desktop\AI dementia dection\AI-Powered-Multimodal-Dementia-System\data\audio\features\mfcc\train\Jim McLean\jimmclean_10_chunk_005.npy,40,313,False
train,Jim McLean,dementia,dementia/Jim McLean/jimmclean_10.wav,jimmclean_10,6,C:\Users\sricb\OneDrive\Desktop\AI dementia dection\AI-Powered-Multimodal-Dementia-System\data\audio\features\mfcc\train\Jim McLean\jimmclean_10_chunk_006.npy,40,313,False
train,Jim McLean,dementia,dementia/Jim McLean/jimmclean_10.wav,jimmclean_10,7,C:\Users\sricb\OneDrive\Desktop\AI dementia dection\AI-Powered-Multimodal-Dementia-System\data\audio\features\mfcc\train\Jim McLean\jimmclean_10_chunk_007.npy,40,313,False
train,Jim McLean,dementia,dementia/Jim McLean/jimmclean_10.wav,jimmclean_10,8,C:\Users\sricb\OneDrive\Desktop\AI dementia dection\AI-Powered-Multimodal-Dementia-System\data\audio\features\mfcc\train\Jim McLean\jimmclean_10_chunk_008.npy,40,313,False
train,Jim McLean,dementia,dementia/Jim McLean/jimmclean_10.wav,jimmclean_10,9,C:\Users\sricb\OneDrive\Desktop\AI dementia dection\AI-Powered-Multimodal-Dementia-System\data\audio\features\mfcc\train\Jim McLean\jimmclean_10_chunk_009.npy,40,313,False
train,Jim McLean,dementia,dementia/Jim McLean/jimmclean_10.wav,jimmclean_10,10,C:\Users\sricb\OneDrive\Desktop\AI dementia dection\AI-Powered-Multimodal-Dementia-System\data\audio\features\mfcc\train\Jim McLean\jimmclean_10_chunk_010.npy,40,313,False
train,Jim McLean,dementia,dementia/Jim McLean/jimmclean_10.wav,jimmclean_10,11,C:\Users\sricb\OneDrive\Desktop\AI dementia dection\AI-Powered-Multimodal-Dementia-System\data\audio\features\mfcc\train\Jim McLean\jimmclean_10_chunk_011.npy,40,313,False
train,Jim McLean,dementia,dementia/Jim McLean/jimmclean_10.wav,jimmclean_10,12,C:\Users\sricb\OneDrive\Desktop\AI dementia dection\AI-Powered-Multimodal-Dementia-System\data\audio\features\mfcc\train\Jim McLean\jimmclean_10_chunk_012.npy,40,313,False
train,Jim McLean,dementia,dementia/Jim McLean/jimmclean_10.wav,jimmclean_10,13,C:\Users\sricb\OneDrive\Desktop\AI dementia dection\AI-Powered-Multimodal-Dementia-System\data\audio\features\mfcc\train\Jim McLean\jimmclean_10_chunk_013.npy,40,313,False
train,Jim McLean,dementia,dementia/Jim McLean/jimmclean_10.wav,jimmclean_10,14,C:\Users\sricb\OneDrive\Desktop\AI dementia dection\AI-Powered-Multimodal-Dementia-System\data\audio\features\mfcc\train\Jim McLean\jimmclean_10_chunk_014.npy,40,313,False
train,Jim McLean,dementia,dementia/Jim McLean/jimmclean_10.wav,jimmclean_10,15,C:\Users\sricb\OneDrive\Desktop\AI dementia dection\AI-Powered-Multimodal-Dementia-System\data\audio\features\mfcc\train\Jim McLean\jimmclean_10_chunk_015.npy,40,313,False
train,Jim McLean,dementia,dementia/Jim McLean/jimmclean_10.wav,jimmclean_10,16,C:\Users\sricb\OneDrive\Desktop\AI dementia dection\AI-Powered-Multimodal-Dementia-System\data\audio\features\mfcc\train\Jim McLean\jimmclean_10_chunk_016.npy,40,313,False
train,Jim McLean,dementia,dementia/Jim McLean/jimmclean_10.wav,jimmclean_10,17,C:\Users\sricb\OneDrive\Desktop\AI dementia dection\AI-Powered-Multimodal-Dementia-System\data\audio\features\mfcc\train\Jim McLean\jimmclean_10_chunk_017.npy,40,313,False
train,Jim McLean,dementia,dementia/Jim McLean/jimmclean_10.wav,jimmclean_10,18,C:\Users\sricb\OneDrive\Desktop\AI dementia dection\AI-Powered-Multimodal-Dementia-System\data\audio\features\mfcc\train\Jim McLean\jimmclean_10_chunk_018.npy,40,313,True
train,Jimmy Calderwood,dementia,dementia/Jimmy Calderwood/JimmyCalderwood_5.wav,JimmyCalderwood_5,1,C:\Users\sricb\OneDrive\Desktop\AI dementia dection\AI-Powered-Multimodal-Dementia-System\data\audio\features\mfcc\train\Jimmy Calderwood\JimmyCalderwood_5_chunk_001.npy,40,313,False
train,Jimmy Calderwood,dementia,dementia/Jimmy Calderwood/JimmyCalderwood_5.wav,JimmyCalderwood_5,2,C:\Users\sricb\OneDrive\Desktop\AI dementia dection\AI-Powered-Multimodal-Dementia-System\data\audio\features\mfcc\train\Jimmy Calderwood\JimmyCalderwood_5_chunk_002.npy,40,313,True
train,Jimmy Calderwood,dementia,dementia/Jimmy Calderwood/JimmyCalderwood_5.wav,JimmyCalderwood_5,3,C:\Users\sricb\OneDrive\Desktop\AI dementia dection\AI-Powered-Multimodal-Dementia-System\data\audio\features\mfcc\train\Jimmy Calderwood\JimmyCalderwood_5_chunk_003.npy,40,313,True
train,Jimmy Fratianno,dementia,dementia/Jimmy Fratianno/JimmyFratianno_0.wav,JimmyFratianno_0,1,C:\Users\sricb\OneDrive\Desktop\AI dementia dection\AI-Powered-Multimodal-Dementia-System\data\audio\features\mfcc\train\Jimmy Fratianno\JimmyFratianno_0_chunk_001.npy,40,313,False
train,Jimmy Fratianno,dementia,dementia/Jimmy Fratianno/JimmyFratianno_0.wav,JimmyFratianno_0,2,C:\Users\sricb\OneDrive\Desktop\AI dementia dection\AI-Powered-Multimodal-Dementia-System\data\audio\features\mfcc\train\Jimmy Fratianno\JimmyFratianno_0_chunk_002.npy,40,313,False
train,Jimmy Fratianno,dementia,dementia/Jimmy Fratianno/JimmyFratianno_0.wav,JimmyFratianno_0,3,C:\Users\sricb\OneDrive\Desktop\AI dementia dection\AI-Powered-Multimodal-Dementia-System\data\audio\features\mfcc\train\Jimmy Fratianno\JimmyFratianno_0_chunk_003.npy,40,313,False
train,Jimmy Fratianno,dementia,dementia/Jimmy Fratianno/JimmyFratianno_0.wav,JimmyFratianno_0,4,C:\Users\sricb\OneDrive\Desktop\AI dementia dection\AI-Powered-Multimodal-Dementia-System\data\audio\features\mfcc\train\Jimmy Fratianno\JimmyFratianno_0_chunk_004.npy,40,313,False
train,Jimmy Fratianno,dementia,dementia/Jimmy Fratianno/JimmyFratianno_0.wav,JimmyFratianno_0,5,C:\Users\sricb\OneDrive\Desktop\AI dementia dection\AI-Powered-Multimodal-Dementia-System\data\audio\features\mfcc\train\Jimmy Fratianno\JimmyFratianno_0_chunk_005.npy,40,313,False
train,Jimmy Fratianno,dementia,dementia/Jimmy Fratianno/JimmyFratianno_0.wav,JimmyFratianno_0,6,C:\Users\sricb\OneDrive\Desktop\AI dementia dection\AI-Powered-Multimodal-Dementia-System\data\audio\features\mfcc\train\Jimmy Fratianno\JimmyFratianno_0_chunk_006.npy,40,313,False
train,Jimmy Fratianno,dementia,dementia/Jimmy Fratianno/JimmyFratianno_0.wav,JimmyFratianno_0,7,C:\Users\sricb\OneDrive\Desktop\AI dementia dection\AI-Powered-Multimodal-Dementia-System\data\audio\features\mfcc\train\Jimmy Fratianno\JimmyFratianno_0_chunk_007.npy,40,313,False
train,Jimmy Fratianno,dementia,dementia/Jimmy Fratianno/JimmyFratianno_0.wav,JimmyFratianno_0,8,C:\Users\sricb\OneDrive\Desktop\AI dementia dection\AI-Powered-Multimodal-Dementia-System\data\audio\features\mfcc\train\Jimmy Fratianno\JimmyFratianno_0_chunk_008.npy,40,313,False
train,Jimmy Fratianno,dementia,dementia/Jimmy Fratianno/JimmyFratianno_0.wav,JimmyFratianno_0,9,C:\Users\sricb\OneDrive\Desktop\AI dementia dection\AI-Powered-Multimodal-Dementia-System\data\audio\features\mfcc\train\Jimmy Fratianno\JimmyFratianno_0_chunk_009.npy,40,313,False
train,Jimmy Fratianno,dementia,dementia/Jimmy Fratianno/JimmyFratianno_0.wav,JimmyFratianno_0,10,C:\Users\sricb\OneDrive\Desktop\AI dementia dection\AI-Powered-Multimodal-Dementia-System\data\audio\features\mfcc\train\Jimmy Fratianno\JimmyFratianno_0_chunk_010.npy,40,313,False
train,Jimmy Fratianno,dementia,dementia/Jimmy Fratianno/JimmyFratianno_0.wav,JimmyFratianno_0,11,C:\Users\sricb\OneDrive\Desktop\AI dementia dection\AI-Powered-Multimodal-Dementia-System\data\audio\features\mfcc\train\Jimmy Fratianno\JimmyFratianno_0_chunk_011.npy,40,313,False
train,Jimmy Fratianno,dementia,dementia/Jimmy Fratianno/JimmyFratianno_0.wav,JimmyFratianno_0,12,C:\Users\sricb\OneDrive\Desktop\AI dementia dection\AI-Powered-Multimodal-Dementia-System\data\audio\features\mfcc\train\Jimmy Fratianno\JimmyFratianno_0_chunk_012.npy,40,313,False
train,Jimmy Fratianno,dementia,dementia/Jimmy Fratianno/JimmyFratianno_0.wav,JimmyFratianno_0,13,C:\Users\sricb\OneDrive\Desktop\AI dementia dection\AI-Powered-Multimodal-Dementia-System\data\audio\features\mfcc\train\Jimmy Fratianno\JimmyFratianno_0_chunk_013.npy,40,313,False
train,Jimmy Fratianno,dementia,dementia/Jimmy Fratianno/JimmyFratianno_0.wav,JimmyFratianno_0,14,C:\Users\sricb\OneDrive\Desktop\AI dementia dection\AI-Powered-Multimodal-Dementia-System\data\audio\features\mfcc\train\Jimmy Fratianno\JimmyFratianno_0_chunk_014.npy,40,313,False
train,Jimmy Fratianno,dementia,dementia/Jimmy Fratianno/JimmyFratianno_0.wav,JimmyFratianno_0,15,C:\Users\sricb\OneDrive\Desktop\AI dementia dection\AI-Powered-Multimodal-Dementia-System\data\audio\features\mfcc\train\Jimmy Fratianno\JimmyFratianno_0_chunk_015.npy,40,313,False
train,Jimmy Fratianno,dementia,dementia/Jimmy Fratianno/JimmyFratianno_0.wav,JimmyFratianno_0,16,C:\Users\sricb\OneDrive\Desktop\AI dementia dection\AI-Powered-Multimodal-Dementia-System\data\audio\features\mfcc\train\Jimmy Fratianno\JimmyFratianno_0_chunk_016.npy,40,313,False
train,Jimmy Fratianno,dementia,dementia/Jimmy Fratianno/JimmyFratianno_0.wav,JimmyFratianno_0,17,C:\Users\sricb\OneDrive\Desktop\AI dementia dection\AI-Powered-Multimodal-Dementia-System\data\audio\features\mfcc\train\Jimmy Fratianno\JimmyFratianno_0_chunk_017.npy,40,313,False
train,Jimmy Fratianno,dementia,dementia/Jimmy Fratianno/JimmyFratianno_0.wav,JimmyFratianno_0,18,C:\Users\sricb\OneDrive\Desktop\AI dementia dection\AI-Powered-Multimodal-Dementia-System\data\audio\features\mfcc\train\Jimmy Fratianno\JimmyFratianno_0_chunk_018.npy,40,313,False
train,Jimmy Fratianno,dementia,dementia/Jimmy Fratianno/JimmyFratianno_0.wav,JimmyFratianno_0,19,C:\Users\sricb\OneDrive\Desktop\AI dementia dection\AI-Powered-Multimodal-Dementia-System\data\audio\features\mfcc\train\Jimmy Fratianno\JimmyFratianno_0_chunk_019.npy,40,313,False
train,Jimmy Fratianno,dementia,dementia/Jimmy Fratianno/JimmyFratianno_0.wav,JimmyFratianno_0,20,C:\Users\sricb\OneDrive\Desktop\AI dementia dection\AI-Powered-Multimodal-Dementia-System\data\audio\features\mfcc\train\Jimmy Fratianno\JimmyFratianno_0_chunk_020.npy,40,313,True
train,Jimmy Fratianno,dementia,dementia/Jimmy Fratianno/JimmyFratianno_0.wav,JimmyFratianno_0,21,C:\Users\sricb\OneDrive\Desktop\AI dementia dection\AI-Powered-Multimodal-Dementia-System\data\audio\features\mfcc\train\Jimmy Fratianno\JimmyFratianno_0_chunk_021.npy,40,313,True
train,Joe Conley,dementia,dementia/Joe Conley/JoeConley_0.wav,JoeConley_0,1,C:\Users\sricb\OneDrive\Desktop\AI dementia dection\AI-Powered-Multimodal-Dementia-System\data\audio\features\mfcc\train\Joe Conley\JoeConley_0_chunk_001.npy,40,313,False
train,Joe Conley,dementia,dementia/Joe Conley/JoeConley_0.wav,JoeConley_0,2,C:\Users\sricb\OneDrive\Desktop\AI dementia dection\AI-Powered-Multimodal-Dementia-System\data\audio\features\mfcc\train\Joe Conley\JoeConley_0_chunk_002.npy,40,313,False
train,Joe Conley,dementia,dementia/Joe Conley/JoeConley_0.wav,JoeConley_0,3,C:\Users\sricb\OneDrive\Desktop\AI dementia dection\AI-Powered-Multimodal-Dementia-System\data\audio\features\mfcc\train\Joe Conley\JoeConley_0_chunk_003.npy,40,313,False
train,Joe Conley,dementia,dementia/Joe Conley/JoeConley_0.wav,JoeConley_0,4,C:\Users\sricb\OneDrive\Desktop\AI dementia dection\AI-Powered-Multimodal-Dementia-System\data\audio\features\mfcc\train\Joe Conley\JoeConley_0_chunk_004.npy,40,313,False
train,Joe Conley,dementia,dementia/Joe Conley/JoeConley_0.wav,JoeConley_0,5,C:\Users\sricb\OneDrive\Desktop\AI dementia dection\AI-Powered-Multimodal-Dementia-System\data\audio\features\mfcc\train\Joe Conley\JoeConley_0_chunk_005.npy,40,313,False
train,Joe Conley,dementia,dementia/Joe Conley/JoeConley_0.wav,JoeConley_0,6,C:\Users\sricb\OneDrive\Desktop\AI dementia dection\AI-Powered-Multimodal-Dementia-System\data\audio\features\mfcc\train\Joe Conley\JoeConley_0_chunk_006.npy,40,313,False
train,Joe Conley,dementia,dementia/Joe Conley/JoeConley_0.wav,JoeConley_0,7,C:\Users\sricb\OneDrive\Desktop\AI dementia dection\AI-Powered-Multimodal-Dementia-System\data\audio\features\mfcc\train\Joe Conley\JoeConley_0_chunk_007.npy,40,313,False
train,Joe Conley,dementia,dementia/Joe Conley/JoeConley_0.wav,JoeConley_0,8,C:\Users\sricb\OneDrive\Desktop\AI dementia dection\AI-Powered-Multimodal-Dementia-System\data\audio\features\mfcc\train\Joe Conley\JoeConley_0_chunk_008.npy,40,313,False
train,Joe Conley,dementia,dementia/Joe Conley/JoeConley_0.wav,JoeConley_0,9,C:\Users\sricb\OneDrive\Desktop\AI dementia dection\AI-Powered-Multimodal-Dementia-System\data\audio\features\mfcc\train\Joe Conley\JoeConley_0_chunk_009.npy,40,313,False
train,Joe Conley,dementia,dementia/Joe Conley/JoeConley_0.wav,JoeConley_0,10,C:\Users\sricb\OneDrive\Desktop\AI dementia dection\AI-Powered-Multimodal-Dementia-System\data\audio\features\mfcc\train\Joe Conley\JoeConley_0_chunk_010.npy,40,313,False
train,Joe Conley,dementia,dementia/Joe Conley/JoeConley_0.wav,JoeConley_0,11,C:\Users\sricb\OneDrive\Desktop\AI dementia dection\AI-Powered-Multimodal-Dementia-System\data\audio\features\mfcc\train\Joe Conley\JoeConley_0_chunk_011.npy,40,313,False
train,Joe Conley,dementia,dementia/Joe Conley/JoeConley_0.wav,JoeConley_0,12,C:\Users\sricb\OneDrive\Desktop\AI dementia dection\AI-Powered-Multimodal-Dementia-System\data\audio\features\mfcc\train\Joe Conley\JoeConley_0_chunk_012.npy,40,313,False
train,Joe Conley,dementia,dementia/Joe Conley/JoeConley_0.wav,JoeConley_0,13,C:\Users\sricb\OneDrive\Desktop\AI dementia dection\AI-Powered-Multimodal-Dementia-System\data\audio\features\mfcc\train\Joe Conley\JoeConley_0_chunk_013.npy,40,313,False
train,Joe Conley,dementia,dementia/Joe Conley/JoeConley_0.wav,JoeConley_0,14,C:\Users\sricb\OneDrive\Desktop\AI dementia dection\AI-Powered-Multimodal-Dementia-System\data\audio\features\mfcc\train\Joe Conley\JoeConley_0_chunk_014.npy,40,313,False
train,Joe Conley,dementia,dementia/Joe Conley/JoeConley_0.wav,JoeConley_0,15,C:\Users\sricb\OneDrive\Desktop\AI dementia dection\AI-Powered-Multimodal-Dementia-System\data\audio\features\mfcc\train\Joe Conley\JoeConley_0_chunk_015.npy,40,313,False
train,Joe Conley,dementia,dementia/Joe Conley/JoeConley_0.wav,JoeConley_0,16,C:\Users\sricb\OneDrive\Desktop\AI dementia dection\AI-Powered-Multimodal-Dementia-System\data\audio\features\mfcc\train\Joe Conley\JoeConley_0_chunk_016.npy,40,313,True
train,Joe Conley,dementia,dementia/Joe Conley/JoeConley_0.wav,JoeConley_0,17,C:\Users\sricb\OneDrive\Desktop\AI dementia dection\AI-Powered-Multimodal-Dementia-System\data\audio\features\mfcc\train\Joe Conley\JoeConley_0_chunk_017.npy,40,313,True
train,Jonathan Miller,dementia,dementia/Jonathan Miller/JonathanMiller_5.wav,JonathanMiller_5,1,C:\Users\sricb\OneDrive\Desktop\AI dementia dection\AI-Powered-Multimodal-Dementia-System\data\audio\features\mfcc\train\Jonathan Miller\JonathanMiller_5_chunk_001.npy,40,313,False
train,Jonathan Miller,dementia,dementia/Jonathan Miller/JonathanMiller_5.wav,JonathanMiller_5,2,C:\Users\sricb\OneDrive\Desktop\AI dementia dection\AI-Powered-Multimodal-Dementia-System\data\audio\features\mfcc\train\Jonathan Miller\JonathanMiller_5_chunk_002.npy,40,313,False
train,Jonathan Miller,dementia,dementia/Jonathan Miller/JonathanMiller_5.wav,JonathanMiller_5,3,C:\Users\sricb\OneDrive\Desktop\AI dementia dection\AI-Powered-Multimodal-Dementia-System\data\audio\features\mfcc\train\Jonathan Miller\JonathanMiller_5_chunk_003.npy,40,313,False
train,Jonathan Miller,dementia,dementia/Jonathan Miller/JonathanMiller_5.wav,JonathanMiller_5,4,C:\Users\sricb\OneDrive\Desktop\AI dementia dection\AI-Powered-Multimodal-Dementia-System\data\audio\features\mfcc\train\Jonathan Miller\JonathanMiller_5_chunk_004.npy,40,313,False
train,Jonathan Miller,dementia,dementia/Jonathan Miller/JonathanMiller_5.wav,JonathanMiller_5,5,C:\Users\sricb\OneDrive\Desktop\AI dementia dection\AI-Powered-Multimodal-Dementia-System\data\audio\features\mfcc\train\Jonathan Miller\JonathanMiller_5_chunk_005.npy,40,313,False
train,Jonathan Miller,dementia,dementia/Jonathan Miller/JonathanMiller_5.wav,JonathanMiller_5,6,C:\Users\sricb\OneDrive\Desktop\AI dementia dection\AI-Powered-Multimodal-Dementia-System\data\audio\features\mfcc\train\Jonathan Miller\JonathanMiller_5_chunk_006.npy,40,313,False
train,Jonathan Miller,dementia,dementia/Jonathan Miller/JonathanMiller_5.wav,JonathanMiller_5,7,C:\Users\sricb\OneDrive\Desktop\AI dementia dection\AI-Powered-Multimodal-Dementia-System\data\audio\features\mfcc\train\Jonathan Miller\JonathanMiller_5_chunk_007.npy,40,313,False
train,Jonathan Miller,dementia,dementia/Jonathan Miller/JonathanMiller_5.wav,JonathanMiller_5,8,C:\Users\sricb\OneDrive\Desktop\AI dementia dection\AI-Powered-Multimodal-Dementia-System\data\audio\features\mfcc\train\Jonathan Miller\JonathanMiller_5_chunk_008.npy,40,313,False
train,Jonathan Miller,dementia,dementia/Jonathan Miller/JonathanMiller_5.wav,JonathanMiller_5,9,C:\Users\sricb\OneDrive\Desktop\AI dementia dection\AI-Powered-Multimodal-Dementia-System\data\audio\features\mfcc\train\Jonathan Miller\JonathanMiller_5_chunk_009.npy,40,313,False
train,Jonathan Miller,dementia,dementia/Jonathan Miller/JonathanMiller_5.wav,JonathanMiller_5,10,C:\Users\sricb\OneDrive\Desktop\AI dementia dection\AI-Powered-Multimodal-Dementia-System\data\audio\features\mfcc\train\Jonathan Miller\JonathanMiller_5_chunk_010.npy,40,313,False
train,Jonathan Miller,dementia,dementia/Jonathan Miller/JonathanMiller_5.wav,JonathanMiller_5,11,C:\Users\sricb\OneDrive\Desktop\AI dementia dection\AI-Powered-Multimodal-Dementia-System\data\audio\features\mfcc\train\Jonathan Miller\JonathanMiller_5_chunk_011.npy,40,313,False
train,Jonathan Miller,dementia,dementia/Jonathan Miller/JonathanMiller_5.wav,JonathanMiller_5,12,C:\Users\sricb\OneDrive\Desktop\AI dementia dection\AI-Powered-Multimodal-Dementia-System\data\audio\features\mfcc\train\Jonathan Miller\JonathanMiller_5_chunk_012.npy,40,313,False
train,Jonathan Miller,dementia,dementia/Jonathan Miller/JonathanMiller_5.wav,JonathanMiller_5,13,C:\Users\sricb\OneDrive\Desktop\AI dementia dection\AI-Powered-Multimodal-Dementia-System\data\audio\features\mfcc\train\Jonathan Miller\JonathanMiller_5_chunk_013.npy,40,313,False
train,Jonathan Miller,dementia,dementia/Jonathan Miller/JonathanMiller_5.wav,JonathanMiller_5,14,C:\Users\sricb\OneDrive\Desktop\AI dementia dection\AI-Powered-Multimodal-Dementia-System\data\audio\features\mfcc\train\Jonathan Miller\JonathanMiller_5_chunk_014.npy,40,313,False
train,Jonathan Miller,dementia,dementia/Jonathan Miller/JonathanMiller_5.wav,JonathanMiller_5,15,C:\Users\sricb\OneDrive\Desktop\AI dementia dection\AI-Powered-Multimodal-Dementia-System\data\audio\features\mfcc\train\Jonathan Miller\JonathanMiller_5_chunk_015.npy,40,313,False
train,Jonathan Miller,dementia,dementia/Jonathan Miller/JonathanMiller_5.wav,JonathanMiller_5,16,C:\Users\sricb\OneDrive\Desktop\AI dementia dection\AI-Powered-Multimodal-Dementia-System\data\audio\features\mfcc\train\Jonathan Miller\JonathanMiller_5_chunk_016.npy,40,313,False
train,Jonathan Miller,dementia,dementia/Jonathan Miller/JonathanMiller_5.wav,JonathanMiller_5,17,C:\Users\sricb\OneDrive\Desktop\AI dementia dection\AI-Powered-Multimodal-Dementia-System\data\audio\features\mfcc\train\Jonathan Miller\JonathanMiller_5_chunk_017.npy,40,313,False
train,Jonathan Miller,dementia,dementia/Jonathan Miller/JonathanMiller_5.wav,JonathanMiller_5,18,C:\Users\sricb\OneDrive\Desktop\AI dementia dection\AI-Powered-Multimodal-Dementia-System\data\audio\features\mfcc\train\Jonathan Miller\JonathanMiller_5_chunk_018.npy,40,313,True
train,Jonathan Miller,dementia,dementia/Jonathan Miller/JonathanMiller_5.wav,JonathanMiller_5,19,C:\Users\sricb\OneDrive\Desktop\AI dementia dection\AI-Powered-Multimodal-Dementia-System\data\audio\features\mfcc\train\Jonathan Miller\JonathanMiller_5_chunk_019.npy,40,313,True
train,Leon Redbone,dementia,dementia/Leon Redbone/leonredbone_15.wav,leonredbone_15,1,C:\Users\sricb\OneDrive\Desktop\AI dementia dection\AI-Powered-Multimodal-Dementia-System\data\audio\features\mfcc\train\Leon Redbone\leonredbone_15_chunk_001.npy,40,313,False
train,Leon Redbone,dementia,dementia/Leon Redbone/leonredbone_15.wav,leonredbone_15,2,C:\Users\sricb\OneDrive\Desktop\AI dementia dection\AI-Powered-Multimodal-Dementia-System\data\audio\features\mfcc\train\Leon Redbone\leonredbone_15_chunk_002.npy,40,313,False
train,Leon Redbone,dementia,dementia/Leon Redbone/leonredbone_15.wav,leonredbone_15,3,C:\Users\sricb\OneDrive\Desktop\AI dementia dection\AI-Powered-Multimodal-Dementia-System\data\audio\features\mfcc\train\Leon Redbone\leonredbone_15_chunk_003.npy,40,313,False
train,Leon Redbone,dementia,dementia/Leon Redbone/leonredbone_15.wav,leonredbone_15,4,C:\Users\sricb\OneDrive\Desktop\AI dementia dection\AI-Powered-Multimodal-Dementia-System\data\audio\features\mfcc\train\Leon Redbone\leonredbone_15_chunk_004.npy,40,313,False
train,Leon Redbone,dementia,dementia/Leon Redbone/leonredbone_15.wav,leonredbone_15,5,C:\Users\sricb\OneDrive\Desktop\AI dementia dection\AI-Powered-Multimodal-Dementia-System\data\audio\features\mfcc\train\Leon Redbone\leonredbone_15_chunk_005.npy,40,313,False
train,Leon Redbone,dementia,dementia/Leon Redbone/leonredbone_15.wav,leonredbone_15,6,C:\Users\sricb\OneDrive\Desktop\AI dementia dection\AI-Powered-Multimodal-Dementia-System\data\audio\features\mfcc\train\Leon Redbone\leonredbone_15_chunk_006.npy,40,313,False
train,Leon Redbone,dementia,dementia/Leon Redbone/leonredbone_15.wav,leonredbone_15,7,C:\Users\sricb\OneDrive\Desktop\AI dementia dection\AI-Powered-Multimodal-Dementia-System\data\audio\features\mfcc\train\Leon Redbone\leonredbone_15_chunk_007.npy,40,313,False
train,Leon Redbone,dementia,dementia/Leon Redbone/leonredbone_15.wav,leonredbone_15,8,C:\Users\sricb\OneDrive\Desktop\AI dementia dection\AI-Powered-Multimodal-Dementia-System\data\audio\features\mfcc\train\Leon Redbone\leonredbone_15_chunk_008.npy,40,313,False
train,Leon Redbone,dementia,dementia/Leon Redbone/leonredbone_15.wav,leonredbone_15,9,C:\Users\sricb\OneDrive\Desktop\AI dementia dection\AI-Powered-Multimodal-Dementia-System\data\audio\features\mfcc\train\Leon Redbone\leonredbone_15_chunk_009.npy,40,313,True
train,Leon Redbone,dementia,dementia/Leon Redbone/leonredbone_15.wav,leonredbone_15,10,C:\Users\sricb\OneDrive\Desktop\AI dementia dection\AI-Powered-Multimodal-Dementia-System\data\audio\features\mfcc\train\Leon Redbone\leonredbone_15_chunk_010.npy,40,313,True
train,Lerone Bennett Jr,dementia,dementia/Lerone Bennett Jr/LeroneBennettJr_10.wav,LeroneBennettJr_10,1,C:\Users\sricb\OneDrive\Desktop\AI dementia dection\AI-Powered-Multimodal-Dementia-System\data\audio\features\mfcc\train\Lerone Bennett Jr\LeroneBennettJr_10_chunk_001.npy,40,313,False
train,Lerone Bennett Jr,dementia,dementia/Lerone Bennett Jr/LeroneBennettJr_10.wav,LeroneBennettJr_10,2,C:\Users\sricb\OneDrive\Desktop\AI dementia dection\AI-Powered-Multimodal-Dementia-System\data\audio\features\mfcc\train\Lerone Bennett Jr\LeroneBennettJr_10_chunk_002.npy,40,313,False
train,Lerone Bennett Jr,dementia,dementia/Lerone Bennett Jr/LeroneBennettJr_10.wav,LeroneBennettJr_10,3,C:\Users\sricb\OneDrive\Desktop\AI dementia dection\AI-Powered-Multimodal-Dementia-System\data\audio\features\mfcc\train\Lerone Bennett Jr\LeroneBennettJr_10_chunk_003.npy,40,313,False
train,Lerone Bennett Jr,dementia,dementia/Lerone Bennett Jr/LeroneBennettJr_10.wav,LeroneBennettJr_10,4,C:\Users\sricb\OneDrive\Desktop\AI dementia dection\AI-Powered-Multimodal-Dementia-System\data\audio\features\mfcc\train\Lerone Bennett Jr\LeroneBennettJr_10_chunk_004.npy,40,313,False
train,Lerone Bennett Jr,dementia,dementia/Lerone Bennett Jr/LeroneBennettJr_10.wav,LeroneBennettJr_10,5,C:\Users\sricb\OneDrive\Desktop\AI dementia dection\AI-Powered-Multimodal-Dementia-System\data\audio\features\mfcc\train\Lerone Bennett Jr\LeroneBennettJr_10_chunk_005.npy,40,313,False
train,Lerone Bennett Jr,dementia,dementia/Lerone Bennett Jr/LeroneBennettJr_10.wav,LeroneBennettJr_10,6,C:\Users\sricb\OneDrive\Desktop\AI dementia dection\AI-Powered-Multimodal-Dementia-System\data\audio\features\mfcc\train\Lerone Bennett Jr\LeroneBennettJr_10_chunk_006.npy,40,313,False
train,Lerone Bennett Jr,dementia,dementia/Lerone Bennett Jr/LeroneBennettJr_10.wav,LeroneBennettJr_10,7,C:\Users\sricb\OneDrive\Desktop\AI dementia dection\AI-Powered-Multimodal-Dementia-System\data\audio\features\mfcc\train\Lerone Bennett Jr\LeroneBennettJr_10_chunk_007.npy,40,313,False
train,Lerone Bennett Jr,dementia,dementia/Lerone Bennett Jr/LeroneBennettJr_10.wav,LeroneBennettJr_10,8,C:\Users\sricb\OneDrive\Desktop\AI dementia dection\AI-Powered-Multimodal-Dementia-System\data\audio\features\mfcc\train\Lerone Bennett Jr\LeroneBennettJr_10_chunk_008.npy,40,313,False
train,Lerone Bennett Jr,dementia,dementia/Lerone Bennett Jr/LeroneBennettJr_10.wav,LeroneBennettJr_10,9,C:\Users\sricb\OneDrive\Desktop\AI dementia dection\AI-Powered-Multimodal-Dementia-System\data\audio\features\mfcc\train\Lerone Bennett Jr\LeroneBennettJr_10_chunk_009.npy,40,313,False
train,Lerone Bennett Jr,dementia,dementia/Lerone Bennett Jr/LeroneBennettJr_10.wav,LeroneBennettJr_10,10,C:\Users\sricb\OneDrive\Desktop\AI dementia dection\AI-Powered-Multimodal-Dementia-System\data\audio\features\mfcc\train\Lerone Bennett Jr\LeroneBennettJr_10_chunk_010.npy,40,313,False
train,Lerone Bennett Jr,dementia,dementia/Lerone Bennett Jr/LeroneBennettJr_10.wav,LeroneBennettJr_10,11,C:\Users\sricb\OneDrive\Desktop\AI dementia dection\AI-Powered-Multimodal-Dementia-System\data\audio\features\mfcc\train\Lerone Bennett Jr\LeroneBennettJr_10_chunk_011.npy,40,313,False
train,Lerone Bennett Jr,dementia,dementia/Lerone Bennett Jr/LeroneBennettJr_10.wav,LeroneBennettJr_10,12,C:\Users\sricb\OneDrive\Desktop\AI dementia dection\AI-Powered-Multimodal-Dementia-System\data\audio\features\mfcc\train\Lerone Bennett Jr\LeroneBennettJr_10_chunk_012.npy,40,313,False
train,Lerone Bennett Jr,dementia,dementia/Lerone Bennett Jr/LeroneBennettJr_10.wav,LeroneBennettJr_10,13,C:\Users\sricb\OneDrive\Desktop\AI dementia dection\AI-Powered-Multimodal-Dementia-System\data\audio\features\mfcc\train\Lerone Bennett Jr\LeroneBennettJr_10_chunk_013.npy,40,313,False
train,Lerone Bennett Jr,dementia,dementia/Lerone Bennett Jr/LeroneBennettJr_10.wav,LeroneBennettJr_10,14,C:\Users\sricb\OneDrive\Desktop\AI dementia dection\AI-Powered-Multimodal-Dementia-System\data\audio\features\mfcc\train\Lerone Bennett Jr\LeroneBennettJr_10_chunk_014.npy,40,313,False
train,Lerone Bennett Jr,dementia,dementia/Lerone Bennett Jr/LeroneBennettJr_10.wav,LeroneBennettJr_10,15,C:\Users\sricb\OneDrive\Desktop\AI dementia dection\AI-Powered-Multimodal-Dementia-System\data\audio\features\mfcc\train\Lerone Bennett Jr\LeroneBennettJr_10_chunk_015.npy,40,313,False
train,Lerone Bennett Jr,dementia,dementia/Lerone Bennett Jr/LeroneBennettJr_10.wav,LeroneBennettJr_10,16,C:\Users\sricb\OneDrive\Desktop\AI dementia dection\AI-Powered-Multimodal-Dementia-System\data\audio\features\mfcc\train\Lerone Bennett Jr\LeroneBennettJr_10_chunk_016.npy,40,313,False
train,Lerone Bennett Jr,dementia,dementia/Lerone Bennett Jr/LeroneBennettJr_10.wav,LeroneBennettJr_10,17,C:\Users\sricb\OneDrive\Desktop\AI dementia dection\AI-Powered-Multimodal-Dementia-System\data\audio\features\mfcc\train\Lerone Bennett Jr\LeroneBennettJr_10_chunk_017.npy,40,313,False
train,Lerone Bennett Jr,dementia,dementia/Lerone Bennett Jr/LeroneBennettJr_10.wav,LeroneBennettJr_10,18,C:\Users\sricb\OneDrive\Desktop\AI dementia dection\AI-Powered-Multimodal-Dementia-System\data\audio\features\mfcc\train\Lerone Bennett Jr\LeroneBennettJr_10_chunk_018.npy,40,313,True
train,Lerone Bennett Jr,dementia,dementia/Lerone Bennett Jr/LeroneBennettJr_10.wav,LeroneBennettJr_10,19,C:\Users\sricb\OneDrive\Desktop\AI dementia dection\AI-Powered-Multimodal-Dementia-System\data\audio\features\mfcc\train\Lerone Bennett Jr\LeroneBennettJr_10_chunk_019.npy,40,313,True
train,Maureen Forrester,dementia,dementia/Maureen Forrester/maureenforrester_5.wav,maureenforrester_5,1,C:\Users\sricb\OneDrive\Desktop\AI dementia dection\AI-Powered-Multimodal-Dementia-System\data\audio\features\mfcc\train\Maureen Forrester\maureenforrester_5_chunk_001.npy,40,313,False
train,Maureen Forrester,dementia,dementia/Maureen Forrester/maureenforrester_5.wav,maureenforrester_5,2,C:\Users\sricb\OneDrive\Desktop\AI dementia dection\AI-Powered-Multimodal-Dementia-System\data\audio\features\mfcc\train\Maureen Forrester\maureenforrester_5_chunk_002.npy,40,313,False
train,Maureen Forrester,dementia,dementia/Maureen Forrester/maureenforrester_5.wav,maureenforrester_5,3,C:\Users\sricb\OneDrive\Desktop\AI dementia dection\AI-Powered-Multimodal-Dementia-System\data\audio\features\mfcc\train\Maureen Forrester\maureenforrester_5_chunk_003.npy,40,313,False
train,Maureen Forrester,dementia,dementia/Maureen Forrester/maureenforrester_5.wav,maureenforrester_5,4,C:\Users\sricb\OneDrive\Desktop\AI dementia dection\AI-Powered-Multimodal-Dementia-System\data\audio\features\mfcc\train\Maureen Forrester\maureenforrester_5_chunk_004.npy,40,313,False
train,Maureen Forrester,dementia,dementia/Maureen Forrester/maureenforrester_5.wav,maureenforrester_5,5,C:\Users\sricb\OneDrive\Desktop\AI dementia dection\AI-Powered-Multimodal-Dementia-System\data\audio\features\mfcc\train\Maureen Forrester\maureenforrester_5_chunk_005.npy,40,313,False
train,Maureen Forrester,dementia,dementia/Maureen Forrester/maureenforrester_5.wav,maureenforrester_5,6,C:\Users\sricb\OneDrive\Desktop\AI dementia dection\AI-Powered-Multimodal-Dementia-System\data\audio\features\mfcc\train\Maureen Forrester\maureenforrester_5_chunk_006.npy,40,313,False
train,Maureen Forrester,dementia,dementia/Maureen Forrester/maureenforrester_5.wav,maureenforrester_5,7,C:\Users\sricb\OneDrive\Desktop\AI dementia dection\AI-Powered-Multimodal-Dementia-System\data\audio\features\mfcc\train\Maureen Forrester\maureenforrester_5_chunk_007.npy,40,313,False
train,Maureen Forrester,dementia,dementia/Maureen Forrester/maureenforrester_5.wav,maureenforrester_5,8,C:\Users\sricb\OneDrive\Desktop\AI dementia dection\AI-Powered-Multimodal-Dementia-System\data\audio\features\mfcc\train\Maureen Forrester\maureenforrester_5_chunk_008.npy,40,313,False
train,Maureen Forrester,dementia,dementia/Maureen Forrester/maureenforrester_5.wav,maureenforrester_5,9,C:\Users\sricb\OneDrive\Desktop\AI dementia dection\AI-Powered-Multimodal-Dementia-System\data\audio\features\mfcc\train\Maureen Forrester\maureenforrester_5_chunk_009.npy,40,313,False
train,Maureen Forrester,dementia,dementia/Maureen Forrester/maureenforrester_5.wav,maureenforrester_5,10,C:\Users\sricb\OneDrive\Desktop\AI dementia dection\AI-Powered-Multimodal-Dementia-System\data\audio\features\mfcc\train\Maureen Forrester\maureenforrester_5_chunk_010.npy,40,313,False
train,Maureen Forrester,dementia,dementia/Maureen Forrester/maureenforrester_5.wav,maureenforrester_5,11,C:\Users\sricb\OneDrive\Desktop\AI dementia dection\AI-Powered-Multimodal-Dementia-System\data\audio\features\mfcc\train\Maureen Forrester\maureenforrester_5_chunk_011.npy,40,313,True
train,Maureen Forrester,dementia,dementia/Maureen Forrester/maureenforrester_5.wav,maureenforrester_5,12,C:\Users\sricb\OneDrive\Desktop\AI dementia dection\AI-Powered-Multimodal-Dementia-System\data\audio\features\mfcc\train\Maureen Forrester\maureenforrester_5_chunk_012.npy,40,313,True
train,Otis Chandler,dementia,dementia/Otis Chandler/OtisChandler_5.wav,OtisChandler_5,1,C:\Users\sricb\OneDrive\Desktop\AI dementia dection\AI-Powered-Multimodal-Dementia-System\data\audio\features\mfcc\train\Otis Chandler\OtisChandler_5_chunk_001.npy,40,313,False
train,Otis Chandler,dementia,dementia/Otis Chandler/OtisChandler_5.wav,OtisChandler_5,2,C:\Users\sricb\OneDrive\Desktop\AI dementia dection\AI-Powered-Multimodal-Dementia-System\data\audio\features\mfcc\train\Otis Chandler\OtisChandler_5_chunk_002.npy,40,313,False
train,Otis Chandler,dementia,dementia/Otis Chandler/OtisChandler_5.wav,OtisChandler_5,3,C:\Users\sricb\OneDrive\Desktop\AI dementia dection\AI-Powered-Multimodal-Dementia-System\data\audio\features\mfcc\train\Otis Chandler\OtisChandler_5_chunk_003.npy,40,313,False
train,Otis Chandler,dementia,dementia/Otis Chandler/OtisChandler_5.wav,OtisChandler_5,4,C:\Users\sricb\OneDrive\Desktop\AI dementia dection\AI-Powered-Multimodal-Dementia-System\data\audio\features\mfcc\train\Otis Chandler\OtisChandler_5_chunk_004.npy,40,313,False
train,Otis Chandler,dementia,dementia/Otis Chandler/OtisChandler_5.wav,OtisChandler_5,5,C:\Users\sricb\OneDrive\Desktop\AI dementia dection\AI-Powered-Multimodal-Dementia-System\data\audio\features\mfcc\train\Otis Chandler\OtisChandler_5_chunk_005.npy,40,313,False
train,Otis Chandler,dementia,dementia/Otis Chandler/OtisChandler_5.wav,OtisChandler_5,6,C:\Users\sricb\OneDrive\Desktop\AI dementia dection\AI-Powered-Multimodal-Dementia-System\data\audio\features\mfcc\train\Otis Chandler\OtisChandler_5_chunk_006.npy,40,313,False
train,Otis Chandler,dementia,dementia/Otis Chandler/OtisChandler_5.wav,OtisChandler_5,7,C:\Users\sricb\OneDrive\Desktop\AI dementia dection\AI-Powered-Multimodal-Dementia-System\data\audio\features\mfcc\train\Otis Chandler\OtisChandler_5_chunk_007.npy,40,313,False
train,Otis Chandler,dementia,dementia/Otis Chandler/OtisChandler_5.wav,OtisChandler_5,8,C:\Users\sricb\OneDrive\Desktop\AI dementia dection\AI-Powered-Multimodal-Dementia-System\data\audio\features\mfcc\train\Otis Chandler\OtisChandler_5_chunk_008.npy,40,313,False
train,Otis Chandler,dementia,dementia/Otis Chandler/OtisChandler_5.wav,OtisChandler_5,9,C:\Users\sricb\OneDrive\Desktop\AI dementia dection\AI-Powered-Multimodal-Dementia-System\data\audio\features\mfcc\train\Otis Chandler\OtisChandler_5_chunk_009.npy,40,313,True
train,Otis Chandler,dementia,dementia/Otis Chandler/OtisChandler_5.wav,OtisChandler_5,10,C:\Users\sricb\OneDrive\Desktop\AI dementia dection\AI-Powered-Multimodal-Dementia-System\data\audio\features\mfcc\train\Otis Chandler\OtisChandler_5_chunk_010.npy,40,313,True
train,Paul Hornung,dementia,dementia/Paul Hornung/paulhornung_0.wav,paulhornung_0,1,C:\Users\sricb\OneDrive\Desktop\AI dementia dection\AI-Powered-Multimodal-Dementia-System\data\audio\features\mfcc\train\Paul Hornung\paulhornung_0_chunk_001.npy,40,313,False
train,Paul Hornung,dementia,dementia/Paul Hornung/paulhornung_0.wav,paulhornung_0,2,C:\Users\sricb\OneDrive\Desktop\AI dementia dection\AI-Powered-Multimodal-Dementia-System\data\audio\features\mfcc\train\Paul Hornung\paulhornung_0_chunk_002.npy,40,313,False
train,Paul Hornung,dementia,dementia/Paul Hornung/paulhornung_0.wav,paulhornung_0,3,C:\Users\sricb\OneDrive\Desktop\AI dementia dection\AI-Powered-Multimodal-Dementia-System\data\audio\features\mfcc\train\Paul Hornung\paulhornung_0_chunk_003.npy,40,313,False
train,Paul Hornung,dementia,dementia/Paul Hornung/paulhornung_0.wav,paulhornung_0,4,C:\Users\sricb\OneDrive\Desktop\AI dementia dection\AI-Powered-Multimodal-Dementia-System\data\audio\features\mfcc\train\Paul Hornung\paulhornung_0_chunk_004.npy,40,313,False
train,Paul Hornung,dementia,dementia/Paul Hornung/paulhornung_0.wav,paulhornung_0,5,C:\Users\sricb\OneDrive\Desktop\AI dementia dection\AI-Powered-Multimodal-Dementia-System\data\audio\features\mfcc\train\Paul Hornung\paulhornung_0_chunk_005.npy,40,313,False
train,Paul Hornung,dementia,dementia/Paul Hornung/paulhornung_0.wav,paulhornung_0,6,C:\Users\sricb\OneDrive\Desktop\AI dementia dection\AI-Powered-Multimodal-Dementia-System\data\audio\features\mfcc\train\Paul Hornung\paulhornung_0_chunk_006.npy,40,313,False
train,Paul Hornung,dementia,dementia/Paul Hornung/paulhornung_0.wav,paulhornung_0,7,C:\Users\sricb\OneDrive\Desktop\AI dementia dection\AI-Powered-Multimodal-Dementia-System\data\audio\features\mfcc\train\Paul Hornung\paulhornung_0_chunk_007.npy,40,313,False
train,Paul Hornung,dementia,dementia/Paul Hornung/paulhornung_0.wav,paulhornung_0,8,C:\Users\sricb\OneDrive\Desktop\AI dementia dection\AI-Powered-Multimodal-Dementia-System\data\audio\features\mfcc\train\Paul Hornung\paulhornung_0_chunk_008.npy,40,313,False
train,Paul Hornung,dementia,dementia/Paul Hornung/paulhornung_0.wav,paulhornung_0,9,C:\Users\sricb\OneDrive\Desktop\AI dementia dection\AI-Powered-Multimodal-Dementia-System\data\audio\features\mfcc\train\Paul Hornung\paulhornung_0_chunk_009.npy,40,313,False
train,Paul Hornung,dementia,dementia/Paul Hornung/paulhornung_0.wav,paulhornung_0,10,C:\Users\sricb\OneDrive\Desktop\AI dementia dection\AI-Powered-Multimodal-Dementia-System\data\audio\features\mfcc\train\Paul Hornung\paulhornung_0_chunk_010.npy,40,313,False
train,Paul Hornung,dementia,dementia/Paul Hornung/paulhornung_0.wav,paulhornung_0,11,C:\Users\sricb\OneDrive\Desktop\AI dementia dection\AI-Powered-Multimodal-Dementia-System\data\audio\features\mfcc\train\Paul Hornung\paulhornung_0_chunk_011.npy,40,313,False
train,Paul Hornung,dementia,dementia/Paul Hornung/paulhornung_0.wav,paulhornung_0,12,C:\Users\sricb\OneDrive\Desktop\AI dementia dection\AI-Powered-Multimodal-Dementia-System\data\audio\features\mfcc\train\Paul Hornung\paulhornung_0_chunk_012.npy,40,313,False
train,Paul Hornung,dementia,dementia/Paul Hornung/paulhornung_0.wav,paulhornung_0,13,C:\Users\sricb\OneDrive\Desktop\AI dementia dection\AI-Powered-Multimodal-Dementia-System\data\audio\features\mfcc\train\Paul Hornung\paulhornung_0_chunk_013.npy,40,313,False
train,Paul Hornung,dementia,dementia/Paul Hornung/paulhornung_0.wav,paulhornung_0,14,C:\Users\sricb\OneDrive\Desktop\AI dementia dection\AI-Powered-Multimodal-Dementia-System\data\audio\features\mfcc\train\Paul Hornung\paulhornung_0_chunk_014.npy,40,313,False
train,Paul Hornung,dementia,dementia/Paul Hornung/paulhornung_0.wav,paulhornung_0,15,C:\Users\sricb\OneDrive\Desktop\AI dementia dection\AI-Powered-Multimodal-Dementia-System\data\audio\features\mfcc\train\Paul Hornung\paulhornung_0_chunk_015.npy,40,313,False
train,Paul Hornung,dementia,dementia/Paul Hornung/paulhornung_0.wav,paulhornung_0,16,C:\Users\sricb\OneDrive\Desktop\AI dementia dection\AI-Powered-Multimodal-Dementia-System\data\audio\features\mfcc\train\Paul Hornung\paulhornung_0_chunk_016.npy,40,313,True
train,Paul Hornung,dementia,dementia/Paul Hornung/paulhornung_0.wav,paulhornung_0,17,C:\Users\sricb\OneDrive\Desktop\AI dementia dection\AI-Powered-Multimodal-Dementia-System\data\audio\features\mfcc\train\Paul Hornung\paulhornung_0_chunk_017.npy,40,313,True
train,Paul Hornung,dementia,dementia/Paul Hornung/paulhornung_10.wav,paulhornung_10,1,C:\Users\sricb\OneDrive\Desktop\AI dementia dection\AI-Powered-Multimodal-Dementia-System\data\audio\features\mfcc\train\Paul Hornung\paulhornung_10_chunk_001.npy,40,313,False
train,Paul Hornung,dementia,dementia/Paul Hornung/paulhornung_10.wav,paulhornung_10,2,C:\Users\sricb\OneDrive\Desktop\AI dementia dection\AI-Powered-Multimodal-Dementia-System\data\audio\features\mfcc\train\Paul Hornung\paulhornung_10_chunk_002.npy,40,313,False
train,Paul Hornung,dementia,dementia/Paul Hornung/paulhornung_10.wav,paulhornung_10,3,C:\Users\sricb\OneDrive\Desktop\AI dementia dection\AI-Powered-Multimodal-Dementia-System\data\audio\features\mfcc\train\Paul Hornung\paulhornung_10_chunk_003.npy,40,313,False
train,Paul Hornung,dementia,dementia/Paul Hornung/paulhornung_10.wav,paulhornung_10,4,C:\Users\sricb\OneDrive\Desktop\AI dementia dection\AI-Powered-Multimodal-Dementia-System\data\audio\features\mfcc\train\Paul Hornung\paulhornung_10_chunk_004.npy,40,313,False
train,Paul Hornung,dementia,dementia/Paul Hornung/paulhornung_10.wav,paulhornung_10,5,C:\Users\sricb\OneDrive\Desktop\AI dementia dection\AI-Powered-Multimodal-Dementia-System\data\audio\features\mfcc\train\Paul Hornung\paulhornung_10_chunk_005.npy,40,313,False
train,Paul Hornung,dementia,dementia/Paul Hornung/paulhornung_10.wav,paulhornung_10,6,C:\Users\sricb\OneDrive\Desktop\AI dementia dection\AI-Powered-Multimodal-Dementia-System\data\audio\features\mfcc\train\Paul Hornung\paulhornung_10_chunk_006.npy,40,313,False
train,Paul Hornung,dementia,dementia/Paul Hornung/paulhornung_10.wav,paulhornung_10,7,C:\Users\sricb\OneDrive\Desktop\AI dementia dection\AI-Powered-Multimodal-Dementia-System\data\audio\features\mfcc\train\Paul Hornung\paulhornung_10_chunk_007.npy,40,313,False
train,Paul Hornung,dementia,dementia/Paul Hornung/paulhornung_10.wav,paulhornung_10,8,C:\Users\sricb\OneDrive\Desktop\AI dementia dection\AI-Powered-Multimodal-Dementia-System\data\audio\features\mfcc\train\Paul Hornung\paulhornung_10_chunk_008.npy,40,313,False
train,Paul Hornung,dementia,dementia/Paul Hornung/paulhornung_10.wav,paulhornung_10,9,C:\Users\sricb\OneDrive\Desktop\AI dementia dection\AI-Powered-Multimodal-Dementia-System\data\audio\features\mfcc\train\Paul Hornung\paulhornung_10_chunk_009.npy,40,313,False
train,Paul Hornung,dementia,dementia/Paul Hornung/paulhornung_10.wav,paulhornung_10,10,C:\Users\sricb\OneDrive\Desktop\AI dementia dection\AI-Powered-Multimodal-Dementia-System\data\audio\features\mfcc\train\Paul Hornung\paulhornung_10_chunk_010.npy,40,313,False
train,Paul Hornung,dementia,dementia/Paul Hornung/paulhornung_10.wav,paulhornung_10,11,C:\Users\sricb\OneDrive\Desktop\AI dementia dection\AI-Powered-Multimodal-Dementia-System\data\audio\features\mfcc\train\Paul Hornung\paulhornung_10_chunk_011.npy,40,313,False
train,Paul Hornung,dementia,dementia/Paul Hornung/paulhornung_10.wav,paulhornung_10,12,C:\Users\sricb\OneDrive\Desktop\AI dementia dection\AI-Powered-Multimodal-Dementia-System\data\audio\features\mfcc\train\Paul Hornung\paulhornung_10_chunk_012.npy,40,313,False
train,Paul Hornung,dementia,dementia/Paul Hornung/paulhornung_10.wav,paulhornung_10,13,C:\Users\sricb\OneDrive\Desktop\AI dementia dection\AI-Powered-Multimodal-Dementia-System\data\audio\features\mfcc\train\Paul Hornung\paulhornung_10_chunk_013.npy,40,313,False
train,Paul Hornung,dementia,dementia/Paul Hornung/paulhornung_10.wav,paulhornung_10,14,C:\Users\sricb\OneDrive\Desktop\AI dementia dection\AI-Powered-Multimodal-Dementia-System\data\audio\features\mfcc\train\Paul Hornung\paulhornung_10_chunk_014.npy,40,313,False
train,Paul Hornung,dementia,dementia/Paul Hornung/paulhornung_10.wav,paulhornung_10,15,C:\Users\sricb\OneDrive\Desktop\AI dementia dection\AI-Powered-Multimodal-Dementia-System\data\audio\features\mfcc\train\Paul Hornung\paulhornung_10_chunk_015.npy,40,313,False
train,Paul Hornung,dementia,dementia/Paul Hornung/paulhornung_10.wav,paulhornung_10,16,C:\Users\sricb\OneDrive\Desktop\AI dementia dection\AI-Powered-Multimodal-Dementia-System\data\audio\features\mfcc\train\Paul Hornung\paulhornung_10_chunk_016.npy,40,313,False
train,Paul Hornung,dementia,dementia/Paul Hornung/paulhornung_10.wav,paulhornung_10,17,C:\Users\sricb\OneDrive\Desktop\AI dementia dection\AI-Powered-Multimodal-Dementia-System\data\audio\features\mfcc\train\Paul Hornung\paulhornung_10_chunk_017.npy,40,313,False
train,Paul Hornung,dementia,dementia/Paul Hornung/paulhornung_10.wav,paulhornung_10,18,C:\Users\sricb\OneDrive\Desktop\AI dementia dection\AI-Powered-Multimodal-Dementia-System\data\audio\features\mfcc\train\Paul Hornung\paulhornung_10_chunk_018.npy,40,313,True
train,Pauline Phillips,dementia,dementia/Pauline Phillips/PaulinePhillips_10.wav,PaulinePhillips_10,1,C:\Users\sricb\OneDrive\Desktop\AI dementia dection\AI-Powered-Multimodal-Dementia-System\data\audio\features\mfcc\train\Pauline Phillips\PaulinePhillips_10_chunk_001.npy,40,313,False
train,Pauline Phillips,dementia,dementia/Pauline Phillips/PaulinePhillips_10.wav,PaulinePhillips_10,2,C:\Users\sricb\OneDrive\Desktop\AI dementia dection\AI-Powered-Multimodal-Dementia-System\data\audio\features\mfcc\train\Pauline Phillips\PaulinePhillips_10_chunk_002.npy,40,313,False
train,Pauline Phillips,dementia,dementia/Pauline Phillips/PaulinePhillips_10.wav,PaulinePhillips_10,3,C:\Users\sricb\OneDrive\Desktop\AI dementia dection\AI-Powered-Multimodal-Dementia-System\data\audio\features\mfcc\train\Pauline Phillips\PaulinePhillips_10_chunk_003.npy,40,313,False
train,Pauline Phillips,dementia,dementia/Pauline Phillips/PaulinePhillips_10.wav,PaulinePhillips_10,4,C:\Users\sricb\OneDrive\Desktop\AI dementia dection\AI-Powered-Multimodal-Dementia-System\data\audio\features\mfcc\train\Pauline Phillips\PaulinePhillips_10_chunk_004.npy,40,313,False
train,Pauline Phillips,dementia,dementia/Pauline Phillips/PaulinePhillips_10.wav,PaulinePhillips_10,5,C:\Users\sricb\OneDrive\Desktop\AI dementia dection\AI-Powered-Multimodal-Dementia-System\data\audio\features\mfcc\train\Pauline Phillips\PaulinePhillips_10_chunk_005.npy,40,313,False
train,Pauline Phillips,dementia,dementia/Pauline Phillips/PaulinePhillips_10.wav,PaulinePhillips_10,6,C:\Users\sricb\OneDrive\Desktop\AI dementia dection\AI-Powered-Multimodal-Dementia-System\data\audio\features\mfcc\train\Pauline Phillips\PaulinePhillips_10_chunk_006.npy,40,313,False
train,Pauline Phillips,dementia,dementia/Pauline Phillips/PaulinePhillips_10.wav,PaulinePhillips_10,7,C:\Users\sricb\OneDrive\Desktop\AI dementia dection\AI-Powered-Multimodal-Dementia-System\data\audio\features\mfcc\train\Pauline Phillips\PaulinePhillips_10_chunk_007.npy,40,313,False
train,Pauline Phillips,dementia,dementia/Pauline Phillips/PaulinePhillips_10.wav,PaulinePhillips_10,8,C:\Users\sricb\OneDrive\Desktop\AI dementia dection\AI-Powered-Multimodal-Dementia-System\data\audio\features\mfcc\train\Pauline Phillips\PaulinePhillips_10_chunk_008.npy,40,313,False
train,Pauline Phillips,dementia,dementia/Pauline Phillips/PaulinePhillips_10.wav,PaulinePhillips_10,9,C:\Users\sricb\OneDrive\Desktop\AI dementia dection\AI-Powered-Multimodal-Dementia-System\data\audio\features\mfcc\train\Pauline Phillips\PaulinePhillips_10_chunk_009.npy,40,313,False
train,Pauline Phillips,dementia,dementia/Pauline Phillips/PaulinePhillips_10.wav,PaulinePhillips_10,10,C:\Users\sricb\OneDrive\Desktop\AI dementia dection\AI-Powered-Multimodal-Dementia-System\data\audio\features\mfcc\train\Pauline Phillips\PaulinePhillips_10_chunk_010.npy,40,313,False
train,Pauline Phillips,dementia,dementia/Pauline Phillips/PaulinePhillips_10.wav,PaulinePhillips_10,11,C:\Users\sricb\OneDrive\Desktop\AI dementia dection\AI-Powered-Multimodal-Dementia-System\data\audio\features\mfcc\train\Pauline Phillips\PaulinePhillips_10_chunk_011.npy,40,313,False
train,Pauline Phillips,dementia,dementia/Pauline Phillips/PaulinePhillips_10.wav,PaulinePhillips_10,12,C:\Users\sricb\OneDrive\Desktop\AI dementia dection\AI-Powered-Multimodal-Dementia-System\data\audio\features\mfcc\train\Pauline Phillips\PaulinePhillips_10_chunk_012.npy,40,313,False
train,Pauline Phillips,dementia,dementia/Pauline Phillips/PaulinePhillips_10.wav,PaulinePhillips_10,13,C:\Users\sricb\OneDrive\Desktop\AI dementia dection\AI-Powered-Multimodal-Dementia-System\data\audio\features\mfcc\train\Pauline Phillips\PaulinePhillips_10_chunk_013.npy,40,313,False
train,Pauline Phillips,dementia,dementia/Pauline Phillips/PaulinePhillips_10.wav,PaulinePhillips_10,14,C:\Users\sricb\OneDrive\Desktop\AI dementia dection\AI-Powered-Multimodal-Dementia-System\data\audio\features\mfcc\train\Pauline Phillips\PaulinePhillips_10_chunk_014.npy,40,313,False
train,Pauline Phillips,dementia,dementia/Pauline Phillips/PaulinePhillips_10.wav,PaulinePhillips_10,15,C:\Users\sricb\OneDrive\Desktop\AI dementia dection\AI-Powered-Multimodal-Dementia-System\data\audio\features\mfcc\train\Pauline Phillips\PaulinePhillips_10_chunk_015.npy,40,313,False
train,Pauline Phillips,dementia,dementia/Pauline Phillips/PaulinePhillips_10.wav,PaulinePhillips_10,16,C:\Users\sricb\OneDrive\Desktop\AI dementia dection\AI-Powered-Multimodal-Dementia-System\data\audio\features\mfcc\train\Pauline Phillips\PaulinePhillips_10_chunk_016.npy,40,313,False
train,Pauline Phillips,dementia,dementia/Pauline Phillips/PaulinePhillips_10.wav,PaulinePhillips_10,17,C:\Users\sricb\OneDrive\Desktop\AI dementia dection\AI-Powered-Multimodal-Dementia-System\data\audio\features\mfcc\train\Pauline Phillips\PaulinePhillips_10_chunk_017.npy,40,313,False
train,Pauline Phillips,dementia,dementia/Pauline Phillips/PaulinePhillips_10.wav,PaulinePhillips_10,18,C:\Users\sricb\OneDrive\Desktop\AI dementia dection\AI-Powered-Multimodal-Dementia-System\data\audio\features\mfcc\train\Pauline Phillips\PaulinePhillips_10_chunk_018.npy,40,313,True
train,Pauline Phillips,dementia,dementia/Pauline Phillips/PaulinePhillips_10.wav,PaulinePhillips_10,19,C:\Users\sricb\OneDrive\Desktop\AI dementia dection\AI-Powered-Multimodal-Dementia-System\data\audio\features\mfcc\train\Pauline Phillips\PaulinePhillips_10_chunk_019.npy,40,313,True
train,Peter Reveen,dementia,dementia/Peter Reveen/peterreveen_15.wav,peterreveen_15,1,C:\Users\sricb\OneDrive\Desktop\AI dementia dection\AI-Powered-Multimodal-Dementia-System\data\audio\features\mfcc\train\Peter Reveen\peterreveen_15_chunk_001.npy,40,313,False
train,Peter Reveen,dementia,dementia/Peter Reveen/peterreveen_15.wav,peterreveen_15,2,C:\Users\sricb\OneDrive\Desktop\AI dementia dection\AI-Powered-Multimodal-Dementia-System\data\audio\features\mfcc\train\Peter Reveen\peterreveen_15_chunk_002.npy,40,313,False
train,Peter Reveen,dementia,dementia/Peter Reveen/peterreveen_15.wav,peterreveen_15,3,C:\Users\sricb\OneDrive\Desktop\AI dementia dection\AI-Powered-Multimodal-Dementia-System\data\audio\features\mfcc\train\Peter Reveen\peterreveen_15_chunk_003.npy,40,313,False
train,Peter Reveen,dementia,dementia/Peter Reveen/peterreveen_15.wav,peterreveen_15,4,C:\Users\sricb\OneDrive\Desktop\AI dementia dection\AI-Powered-Multimodal-Dementia-System\data\audio\features\mfcc\train\Peter Reveen\peterreveen_15_chunk_004.npy,40,313,False
train,Peter Reveen,dementia,dementia/Peter Reveen/peterreveen_15.wav,peterreveen_15,5,C:\Users\sricb\OneDrive\Desktop\AI dementia dection\AI-Powered-Multimodal-Dementia-System\data\audio\features\mfcc\train\Peter Reveen\peterreveen_15_chunk_005.npy,40,313,False
train,Peter Reveen,dementia,dementia/Peter Reveen/peterreveen_15.wav,peterreveen_15,6,C:\Users\sricb\OneDrive\Desktop\AI dementia dection\AI-Powered-Multimodal-Dementia-System\data\audio\features\mfcc\train\Peter Reveen\peterreveen_15_chunk_006.npy,40,313,False
train,Peter Reveen,dementia,dementia/Peter Reveen/peterreveen_15.wav,peterreveen_15,7,C:\Users\sricb\OneDrive\Desktop\AI dementia dection\AI-Powered-Multimodal-Dementia-System\data\audio\features\mfcc\train\Peter Reveen\peterreveen_15_chunk_007.npy,40,313,False
train,Peter Reveen,dementia,dementia/Peter Reveen/peterreveen_15.wav,peterreveen_15,8,C:\Users\sricb\OneDrive\Desktop\AI dementia dection\AI-Powered-Multimodal-Dementia-System\data\audio\features\mfcc\train\Peter Reveen\peterreveen_15_chunk_008.npy,40,313,True
train,Ray Galton,dementia,dementia/Ray Galton/RayGalton_5.wav,RayGalton_5,1,C:\Users\sricb\OneDrive\Desktop\AI dementia dection\AI-Powered-Multimodal-Dementia-System\data\audio\features\mfcc\train\Ray Galton\RayGalton_5_chunk_001.npy,40,313,False
train,Ray Galton,dementia,dementia/Ray Galton/RayGalton_5.wav,RayGalton_5,2,C:\Users\sricb\OneDrive\Desktop\AI dementia dection\AI-Powered-Multimodal-Dementia-System\data\audio\features\mfcc\train\Ray Galton\RayGalton_5_chunk_002.npy,40,313,False
train,Ray Galton,dementia,dementia/Ray Galton/RayGalton_5.wav,RayGalton_5,3,C:\Users\sricb\OneDrive\Desktop\AI dementia dection\AI-Powered-Multimodal-Dementia-System\data\audio\features\mfcc\train\Ray Galton\RayGalton_5_chunk_003.npy,40,313,False
train,Ray Galton,dementia,dementia/Ray Galton/RayGalton_5.wav,RayGalton_5,4,C:\Users\sricb\OneDrive\Desktop\AI dementia dection\AI-Powered-Multimodal-Dementia-System\data\audio\features\mfcc\train\Ray Galton\RayGalton_5_chunk_004.npy,40,313,False
train,Ray Galton,dementia,dementia/Ray Galton/RayGalton_5.wav,RayGalton_5,5,C:\Users\sricb\OneDrive\Desktop\AI dementia dection\AI-Powered-Multimodal-Dementia-System\data\audio\features\mfcc\train\Ray Galton\RayGalton_5_chunk_005.npy,40,313,False
train,Ray Galton,dementia,dementia/Ray Galton/RayGalton_5.wav,RayGalton_5,6,C:\Users\sricb\OneDrive\Desktop\AI dementia dection\AI-Powered-Multimodal-Dementia-System\data\audio\features\mfcc\train\Ray Galton\RayGalton_5_chunk_006.npy,40,313,False
train,Ray Galton,dementia,dementia/Ray Galton/RayGalton_5.wav,RayGalton_5,7,C:\Users\sricb\OneDrive\Desktop\AI dementia dection\AI-Powered-Multimodal-Dementia-System\data\audio\features\mfcc\train\Ray Galton\RayGalton_5_chunk_007.npy,40,313,False
train,Ray Galton,dementia,dementia/Ray Galton/RayGalton_5.wav,RayGalton_5,8,C:\Users\sricb\OneDrive\Desktop\AI dementia dection\AI-Powered-Multimodal-Dementia-System\data\audio\features\mfcc\train\Ray Galton\RayGalton_5_chunk_008.npy,40,313,False
train,Ray Galton,dementia,dementia/Ray Galton/RayGalton_5.wav,RayGalton_5,9,C:\Users\sricb\OneDrive\Desktop\AI dementia dection\AI-Powered-Multimodal-Dementia-System\data\audio\features\mfcc\train\Ray Galton\RayGalton_5_chunk_009.npy,40,313,False
train,Ray Galton,dementia,dementia/Ray Galton/RayGalton_5.wav,RayGalton_5,10,C:\Users\sricb\OneDrive\Desktop\AI dementia dection\AI-Powered-Multimodal-Dementia-System\data\audio\features\mfcc\train\Ray Galton\RayGalton_5_chunk_010.npy,40,313,False
train,Ray Galton,dementia,dementia/Ray Galton/RayGalton_5.wav,RayGalton_5,11,C:\Users\sricb\OneDrive\Desktop\AI dementia dection\AI-Powered-Multimodal-Dementia-System\data\audio\features\mfcc\train\Ray Galton\RayGalton_5_chunk_011.npy,40,313,False
train,Ray Galton,dementia,dementia/Ray Galton/RayGalton_5.wav,RayGalton_5,12,C:\Users\sricb\OneDrive\Desktop\AI dementia dection\AI-Powered-Multimodal-Dementia-System\data\audio\features\mfcc\train\Ray Galton\RayGalton_5_chunk_012.npy,40,313,False
train,Ray Galton,dementia,dementia/Ray Galton/RayGalton_5.wav,RayGalton_5,13,C:\Users\sricb\OneDrive\Desktop\AI dementia dection\AI-Powered-Multimodal-Dementia-System\data\audio\features\mfcc\train\Ray Galton\RayGalton_5_chunk_013.npy,40,313,False
train,Ray Galton,dementia,dementia/Ray Galton/RayGalton_5.wav,RayGalton_5,14,C:\Users\sricb\OneDrive\Desktop\AI dementia dection\AI-Powered-Multimodal-Dementia-System\data\audio\features\mfcc\train\Ray Galton\RayGalton_5_chunk_014.npy,40,313,True
train,Ray Galton,dementia,dementia/Ray Galton/RayGalton_5.wav,RayGalton_5,15,C:\Users\sricb\OneDrive\Desktop\AI dementia dection\AI-Powered-Multimodal-Dementia-System\data\audio\features\mfcc\train\Ray Galton\RayGalton_5_chunk_015.npy,40,313,True
train,Robert Anderson,dementia,dementia/Robert Anderson/RobertAnderson_10.wav,RobertAnderson_10,1,C:\Users\sricb\OneDrive\Desktop\AI dementia dection\AI-Powered-Multimodal-Dementia-System\data\audio\features\mfcc\train\Robert Anderson\RobertAnderson_10_chunk_001.npy,40,313,False
train,Robert Anderson,dementia,dementia/Robert Anderson/RobertAnderson_10.wav,RobertAnderson_10,2,C:\Users\sricb\OneDrive\Desktop\AI dementia dection\AI-Powered-Multimodal-Dementia-System\data\audio\features\mfcc\train\Robert Anderson\RobertAnderson_10_chunk_002.npy,40,313,False
train,Robert Anderson,dementia,dementia/Robert Anderson/RobertAnderson_10.wav,RobertAnderson_10,3,C:\Users\sricb\OneDrive\Desktop\AI dementia dection\AI-Powered-Multimodal-Dementia-System\data\audio\features\mfcc\train\Robert Anderson\RobertAnderson_10_chunk_003.npy,40,313,False
train,Robert Anderson,dementia,dementia/Robert Anderson/RobertAnderson_10.wav,RobertAnderson_10,4,C:\Users\sricb\OneDrive\Desktop\AI dementia dection\AI-Powered-Multimodal-Dementia-System\data\audio\features\mfcc\train\Robert Anderson\RobertAnderson_10_chunk_004.npy,40,313,False
train,Robert Anderson,dementia,dementia/Robert Anderson/RobertAnderson_10.wav,RobertAnderson_10,5,C:\Users\sricb\OneDrive\Desktop\AI dementia dection\AI-Powered-Multimodal-Dementia-System\data\audio\features\mfcc\train\Robert Anderson\RobertAnderson_10_chunk_005.npy,40,313,False
train,Robert Anderson,dementia,dementia/Robert Anderson/RobertAnderson_10.wav,RobertAnderson_10,6,C:\Users\sricb\OneDrive\Desktop\AI dementia dection\AI-Powered-Multimodal-Dementia-System\data\audio\features\mfcc\train\Robert Anderson\RobertAnderson_10_chunk_006.npy,40,313,False
train,Robert Anderson,dementia,dementia/Robert Anderson/RobertAnderson_10.wav,RobertAnderson_10,7,C:\Users\sricb\OneDrive\Desktop\AI dementia dection\AI-Powered-Multimodal-Dementia-System\data\audio\features\mfcc\train\Robert Anderson\RobertAnderson_10_chunk_007.npy,40,313,False
train,Robert Anderson,dementia,dementia/Robert Anderson/RobertAnderson_10.wav,RobertAnderson_10,8,C:\Users\sricb\OneDrive\Desktop\AI dementia dection\AI-Powered-Multimodal-Dementia-System\data\audio\features\mfcc\train\Robert Anderson\RobertAnderson_10_chunk_008.npy,40,313,False
train,Robert Anderson,dementia,dementia/Robert Anderson/RobertAnderson_10.wav,RobertAnderson_10,9,C:\Users\sricb\OneDrive\Desktop\AI dementia dection\AI-Powered-Multimodal-Dementia-System\data\audio\features\mfcc\train\Robert Anderson\RobertAnderson_10_chunk_009.npy,40,313,False
train,Robert Anderson,dementia,dementia/Robert Anderson/RobertAnderson_10.wav,RobertAnderson_10,10,C:\Users\sricb\OneDrive\Desktop\AI dementia dection\AI-Powered-Multimodal-Dementia-System\data\audio\features\mfcc\train\Robert Anderson\RobertAnderson_10_chunk_010.npy,40,313,False
train,Robert Anderson,dementia,dementia/Robert Anderson/RobertAnderson_10.wav,RobertAnderson_10,11,C:\Users\sricb\OneDrive\Desktop\AI dementia dection\AI-Powered-Multimodal-Dementia-System\data\audio\features\mfcc\train\Robert Anderson\RobertAnderson_10_chunk_011.npy,40,313,False
train,Robert Anderson,dementia,dementia/Robert Anderson/RobertAnderson_10.wav,RobertAnderson_10,12,C:\Users\sricb\OneDrive\Desktop\AI dementia dection\AI-Powered-Multimodal-Dementia-System\data\audio\features\mfcc\train\Robert Anderson\RobertAnderson_10_chunk_012.npy,40,313,False
train,Robert Anderson,dementia,dementia/Robert Anderson/RobertAnderson_10.wav,RobertAnderson_10,13,C:\Users\sricb\OneDrive\Desktop\AI dementia dection\AI-Powered-Multimodal-Dementia-System\data\audio\features\mfcc\train\Robert Anderson\RobertAnderson_10_chunk_013.npy,40,313,False
train,Robert Anderson,dementia,dementia/Robert Anderson/RobertAnderson_10.wav,RobertAnderson_10,14,C:\Users\sricb\OneDrive\Desktop\AI dementia dection\AI-Powered-Multimodal-Dementia-System\data\audio\features\mfcc\train\Robert Anderson\RobertAnderson_10_chunk_014.npy,40,313,False
train,Robert Anderson,dementia,dementia/Robert Anderson/RobertAnderson_10.wav,RobertAnderson_10,15,C:\Users\sricb\OneDrive\Desktop\AI dementia dection\AI-Powered-Multimodal-Dementia-System\data\audio\features\mfcc\train\Robert Anderson\RobertAnderson_10_chunk_015.npy,40,313,False
train,Robert Anderson,dementia,dementia/Robert Anderson/RobertAnderson_10.wav,RobertAnderson_10,16,C:\Users\sricb\OneDrive\Desktop\AI dementia dection\AI-Powered-Multimodal-Dementia-System\data\audio\features\mfcc\train\Robert Anderson\RobertAnderson_10_chunk_016.npy,40,313,False
train,Robert Anderson,dementia,dementia/Robert Anderson/RobertAnderson_10.wav,RobertAnderson_10,17,C:\Users\sricb\OneDrive\Desktop\AI dementia dection\AI-Powered-Multimodal-Dementia-System\data\audio\features\mfcc\train\Robert Anderson\RobertAnderson_10_chunk_017.npy,40,313,False
train,Robert Anderson,dementia,dementia/Robert Anderson/RobertAnderson_10.wav,RobertAnderson_10,18,C:\Users\sricb\OneDrive\Desktop\AI dementia dection\AI-Powered-Multimodal-Dementia-System\data\audio\features\mfcc\train\Robert Anderson\RobertAnderson_10_chunk_018.npy,40,313,True
train,Robert Anderson,dementia,dementia/Robert Anderson/RobertAnderson_10.wav,RobertAnderson_10,19,C:\Users\sricb\OneDrive\Desktop\AI dementia dection\AI-Powered-Multimodal-Dementia-System\data\audio\features\mfcc\train\Robert Anderson\RobertAnderson_10_chunk_019.npy,40,313,True
train,Robin Williams,dementia,dementia/Robin Williams/RobinWilliams_0.wav,RobinWilliams_0,1,C:\Users\sricb\OneDrive\Desktop\AI dementia dection\AI-Powered-Multimodal-Dementia-System\data\audio\features\mfcc\train\Robin Williams\RobinWilliams_0_chunk_001.npy,40,313,False
train,Robin Williams,dementia,dementia/Robin Williams/RobinWilliams_0.wav,RobinWilliams_0,2,C:\Users\sricb\OneDrive\Desktop\AI dementia dection\AI-Powered-Multimodal-Dementia-System\data\audio\features\mfcc\train\Robin Williams\RobinWilliams_0_chunk_002.npy,40,313,False
train,Robin Williams,dementia,dementia/Robin Williams/RobinWilliams_0.wav,RobinWilliams_0,3,C:\Users\sricb\OneDrive\Desktop\AI dementia dection\AI-Powered-Multimodal-Dementia-System\data\audio\features\mfcc\train\Robin Williams\RobinWilliams_0_chunk_003.npy,40,313,False
train,Robin Williams,dementia,dementia/Robin Williams/RobinWilliams_0.wav,RobinWilliams_0,4,C:\Users\sricb\OneDrive\Desktop\AI dementia dection\AI-Powered-Multimodal-Dementia-System\data\audio\features\mfcc\train\Robin Williams\RobinWilliams_0_chunk_004.npy,40,313,False
train,Robin Williams,dementia,dementia/Robin Williams/RobinWilliams_0.wav,RobinWilliams_0,5,C:\Users\sricb\OneDrive\Desktop\AI dementia dection\AI-Powered-Multimodal-Dementia-System\data\audio\features\mfcc\train\Robin Williams\RobinWilliams_0_chunk_005.npy,40,313,False
train,Robin Williams,dementia,dementia/Robin Williams/RobinWilliams_0.wav,RobinWilliams_0,6,C:\Users\sricb\OneDrive\Desktop\AI dementia dection\AI-Powered-Multimodal-Dementia-System\data\audio\features\mfcc\train\Robin Williams\RobinWilliams_0_chunk_006.npy,40,313,False
train,Robin Williams,dementia,dementia/Robin Williams/RobinWilliams_0.wav,RobinWilliams_0,7,C:\Users\sricb\OneDrive\Desktop\AI dementia dection\AI-Powered-Multimodal-Dementia-System\data\audio\features\mfcc\train\Robin Williams\RobinWilliams_0_chunk_007.npy,40,313,False
train,Robin Williams,dementia,dementia/Robin Williams/RobinWilliams_0.wav,RobinWilliams_0,8,C:\Users\sricb\OneDrive\Desktop\AI dementia dection\AI-Powered-Multimodal-Dementia-System\data\audio\features\mfcc\train\Robin Williams\RobinWilliams_0_chunk_008.npy,40,313,False
train,Robin Williams,dementia,dementia/Robin Williams/RobinWilliams_0.wav,RobinWilliams_0,9,C:\Users\sricb\OneDrive\Desktop\AI dementia dection\AI-Powered-Multimodal-Dementia-System\data\audio\features\mfcc\train\Robin Williams\RobinWilliams_0_chunk_009.npy,40,313,False
train,Robin Williams,dementia,dementia/Robin Williams/RobinWilliams_0.wav,RobinWilliams_0,10,C:\Users\sricb\OneDrive\Desktop\AI dementia dection\AI-Powered-Multimodal-Dementia-System\data\audio\features\mfcc\train\Robin Williams\RobinWilliams_0_chunk_010.npy,40,313,False
train,Robin Williams,dementia,dementia/Robin Williams/RobinWilliams_0.wav,RobinWilliams_0,11,C:\Users\sricb\OneDrive\Desktop\AI dementia dection\AI-Powered-Multimodal-Dementia-System\data\audio\features\mfcc\train\Robin Williams\RobinWilliams_0_chunk_011.npy,40,313,False
train,Robin Williams,dementia,dementia/Robin Williams/RobinWilliams_0.wav,RobinWilliams_0,12,C:\Users\sricb\OneDrive\Desktop\AI dementia dection\AI-Powered-Multimodal-Dementia-System\data\audio\features\mfcc\train\Robin Williams\RobinWilliams_0_chunk_012.npy,40,313,False
train,Robin Williams,dementia,dementia/Robin Williams/RobinWilliams_0.wav,RobinWilliams_0,13,C:\Users\sricb\OneDrive\Desktop\AI dementia dection\AI-Powered-Multimodal-Dementia-System\data\audio\features\mfcc\train\Robin Williams\RobinWilliams_0_chunk_013.npy,40,313,False
train,Robin Williams,dementia,dementia/Robin Williams/RobinWilliams_0.wav,RobinWilliams_0,14,C:\Users\sricb\OneDrive\Desktop\AI dementia dection\AI-Powered-Multimodal-Dementia-System\data\audio\features\mfcc\train\Robin Williams\RobinWilliams_0_chunk_014.npy,40,313,False
train,Robin Williams,dementia,dementia/Robin Williams/RobinWilliams_0.wav,RobinWilliams_0,15,C:\Users\sricb\OneDrive\Desktop\AI dementia dection\AI-Powered-Multimodal-Dementia-System\data\audio\features\mfcc\train\Robin Williams\RobinWilliams_0_chunk_015.npy,40,313,False
train,Robin Williams,dementia,dementia/Robin Williams/RobinWilliams_0.wav,RobinWilliams_0,16,C:\Users\sricb\OneDrive\Desktop\AI dementia dection\AI-Powered-Multimodal-Dementia-System\data\audio\features\mfcc\train\Robin Williams\RobinWilliams_0_chunk_016.npy,40,313,False
train,Robin Williams,dementia,dementia/Robin Williams/RobinWilliams_0.wav,RobinWilliams_0,17,C:\Users\sricb\OneDrive\Desktop\AI dementia dection\AI-Powered-Multimodal-Dementia-System\data\audio\features\mfcc\train\Robin Williams\RobinWilliams_0_chunk_017.npy,40,313,True
train,Robin Williams,dementia,dementia/Robin Williams/RobinWilliams_0.wav,RobinWilliams_0,18,C:\Users\sricb\OneDrive\Desktop\AI dementia dection\AI-Powered-Multimodal-Dementia-System\data\audio\features\mfcc\train\Robin Williams\RobinWilliams_0_chunk_018.npy,40,313,True
train,Ronald Reagan,dementia,dementia/Ronald Reagan/RonaldReagan_10.wav,RonaldReagan_10,1,C:\Users\sricb\OneDrive\Desktop\AI dementia dection\AI-Powered-Multimodal-Dementia-System\data\audio\features\mfcc\train\Ronald Reagan\RonaldReagan_10_chunk_001.npy,40,313,False
train,Ronald Reagan,dementia,dementia/Ronald Reagan/RonaldReagan_10.wav,RonaldReagan_10,2,C:\Users\sricb\OneDrive\Desktop\AI dementia dection\AI-Powered-Multimodal-Dementia-System\data\audio\features\mfcc\train\Ronald Reagan\RonaldReagan_10_chunk_002.npy,40,313,False
train,Ronald Reagan,dementia,dementia/Ronald Reagan/RonaldReagan_10.wav,RonaldReagan_10,3,C:\Users\sricb\OneDrive\Desktop\AI dementia dection\AI-Powered-Multimodal-Dementia-System\data\audio\features\mfcc\train\Ronald Reagan\RonaldReagan_10_chunk_003.npy,40,313,False
train,Ronald Reagan,dementia,dementia/Ronald Reagan/RonaldReagan_10.wav,RonaldReagan_10,4,C:\Users\sricb\OneDrive\Desktop\AI dementia dection\AI-Powered-Multimodal-Dementia-System\data\audio\features\mfcc\train\Ronald Reagan\RonaldReagan_10_chunk_004.npy,40,313,False
train,Ronald Reagan,dementia,dementia/Ronald Reagan/RonaldReagan_10.wav,RonaldReagan_10,5,C:\Users\sricb\OneDrive\Desktop\AI dementia dection\AI-Powered-Multimodal-Dementia-System\data\audio\features\mfcc\train\Ronald Reagan\RonaldReagan_10_chunk_005.npy,40,313,False
train,Ronald Reagan,dementia,dementia/Ronald Reagan/RonaldReagan_10.wav,RonaldReagan_10,6,C:\Users\sricb\OneDrive\Desktop\AI dementia dection\AI-Powered-Multimodal-Dementia-System\data\audio\features\mfcc\train\Ronald Reagan\RonaldReagan_10_chunk_006.npy,40,313,False
train,Ronald Reagan,dementia,dementia/Ronald Reagan/RonaldReagan_10.wav,RonaldReagan_10,7,C:\Users\sricb\OneDrive\Desktop\AI dementia dection\AI-Powered-Multimodal-Dementia-System\data\audio\features\mfcc\train\Ronald Reagan\RonaldReagan_10_chunk_007.npy,40,313,False
train,Ronald Reagan,dementia,dementia/Ronald Reagan/RonaldReagan_10.wav,RonaldReagan_10,8,C:\Users\sricb\OneDrive\Desktop\AI dementia dection\AI-Powered-Multimodal-Dementia-System\data\audio\features\mfcc\train\Ronald Reagan\RonaldReagan_10_chunk_008.npy,40,313,False
train,Ronald Reagan,dementia,dementia/Ronald Reagan/RonaldReagan_10.wav,RonaldReagan_10,9,C:\Users\sricb\OneDrive\Desktop\AI dementia dection\AI-Powered-Multimodal-Dementia-System\data\audio\features\mfcc\train\Ronald Reagan\RonaldReagan_10_chunk_009.npy,40,313,False
train,Ronald Reagan,dementia,dementia/Ronald Reagan/RonaldReagan_10.wav,RonaldReagan_10,10,C:\Users\sricb\OneDrive\Desktop\AI dementia dection\AI-Powered-Multimodal-Dementia-System\data\audio\features\mfcc\train\Ronald Reagan\RonaldReagan_10_chunk_010.npy,40,313,False
train,Ronald Reagan,dementia,dementia/Ronald Reagan/RonaldReagan_10.wav,RonaldReagan_10,11,C:\Users\sricb\OneDrive\Desktop\AI dementia dection\AI-Powered-Multimodal-Dementia-System\data\audio\features\mfcc\train\Ronald Reagan\RonaldReagan_10_chunk_011.npy,40,313,False
train,Ronald Reagan,dementia,dementia/Ronald Reagan/RonaldReagan_10.wav,RonaldReagan_10,12,C:\Users\sricb\OneDrive\Desktop\AI dementia dection\AI-Powered-Multimodal-Dementia-System\data\audio\features\mfcc\train\Ronald Reagan\RonaldReagan_10_chunk_012.npy,40,313,False
train,Ronald Reagan,dementia,dementia/Ronald Reagan/RonaldReagan_10.wav,RonaldReagan_10,13,C:\Users\sricb\OneDrive\Desktop\AI dementia dection\AI-Powered-Multimodal-Dementia-System\data\audio\features\mfcc\train\Ronald Reagan\RonaldReagan_10_chunk_013.npy,40,313,False
train,Ronald Reagan,dementia,dementia/Ronald Reagan/RonaldReagan_10.wav,RonaldReagan_10,14,C:\Users\sricb\OneDrive\Desktop\AI dementia dection\AI-Powered-Multimodal-Dementia-System\data\audio\features\mfcc\train\Ronald Reagan\RonaldReagan_10_chunk_014.npy,40,313,False
train,Ronald Reagan,dementia,dementia/Ronald Reagan/RonaldReagan_10.wav,RonaldReagan_10,15,C:\Users\sricb\OneDrive\Desktop\AI dementia dection\AI-Powered-Multimodal-Dementia-System\data\audio\features\mfcc\train\Ronald Reagan\RonaldReagan_10_chunk_015.npy,40,313,False
train,Ronald Reagan,dementia,dementia/Ronald Reagan/RonaldReagan_10.wav,RonaldReagan_10,16,C:\Users\sricb\OneDrive\Desktop\AI dementia dection\AI-Powered-Multimodal-Dementia-System\data\audio\features\mfcc\train\Ronald Reagan\RonaldReagan_10_chunk_016.npy,40,313,False
train,Ronald Reagan,dementia,dementia/Ronald Reagan/RonaldReagan_10.wav,RonaldReagan_10,17,C:\Users\sricb\OneDrive\Desktop\AI dementia dection\AI-Powered-Multimodal-Dementia-System\data\audio\features\mfcc\train\Ronald Reagan\RonaldReagan_10_chunk_017.npy,40,313,False
train,Ronald Reagan,dementia,dementia/Ronald Reagan/RonaldReagan_10.wav,RonaldReagan_10,18,C:\Users\sricb\OneDrive\Desktop\AI dementia dection\AI-Powered-Multimodal-Dementia-System\data\audio\features\mfcc\train\Ronald Reagan\RonaldReagan_10_chunk_018.npy,40,313,True
train,Ronald Reagan,dementia,dementia/Ronald Reagan/RonaldReagan_10.wav,RonaldReagan_10,19,C:\Users\sricb\OneDrive\Desktop\AI dementia dection\AI-Powered-Multimodal-Dementia-System\data\audio\features\mfcc\train\Ronald Reagan\RonaldReagan_10_chunk_019.npy,40,313,True
train,Ronald Reagan,dementia,dementia/Ronald Reagan/RonaldReagan_5.wav,RonaldReagan_5,1,C:\Users\sricb\OneDrive\Desktop\AI dementia dection\AI-Powered-Multimodal-Dementia-System\data\audio\features\mfcc\train\Ronald Reagan\RonaldReagan_5_chunk_001.npy,40,313,False
train,Ronald Reagan,dementia,dementia/Ronald Reagan/RonaldReagan_5.wav,RonaldReagan_5,2,C:\Users\sricb\OneDrive\Desktop\AI dementia dection\AI-Powered-Multimodal-Dementia-System\data\audio\features\mfcc\train\Ronald Reagan\RonaldReagan_5_chunk_002.npy,40,313,False
train,Ronald Reagan,dementia,dementia/Ronald Reagan/RonaldReagan_5.wav,RonaldReagan_5,3,C:\Users\sricb\OneDrive\Desktop\AI dementia dection\AI-Powered-Multimodal-Dementia-System\data\audio\features\mfcc\train\Ronald Reagan\RonaldReagan_5_chunk_003.npy,40,313,False
train,Ronald Reagan,dementia,dementia/Ronald Reagan/RonaldReagan_5.wav,RonaldReagan_5,4,C:\Users\sricb\OneDrive\Desktop\AI dementia dection\AI-Powered-Multimodal-Dementia-System\data\audio\features\mfcc\train\Ronald Reagan\RonaldReagan_5_chunk_004.npy,40,313,False
train,Ronald Reagan,dementia,dementia/Ronald Reagan/RonaldReagan_5.wav,RonaldReagan_5,5,C:\Users\sricb\OneDrive\Desktop\AI dementia dection\AI-Powered-Multimodal-Dementia-System\data\audio\features\mfcc\train\Ronald Reagan\RonaldReagan_5_chunk_005.npy,40,313,False
train,Ronald Reagan,dementia,dementia/Ronald Reagan/RonaldReagan_5.wav,RonaldReagan_5,6,C:\Users\sricb\OneDrive\Desktop\AI dementia dection\AI-Powered-Multimodal-Dementia-System\data\audio\features\mfcc\train\Ronald Reagan\RonaldReagan_5_chunk_006.npy,40,313,False
train,Ronald Reagan,dementia,dementia/Ronald Reagan/RonaldReagan_5.wav,RonaldReagan_5,7,C:\Users\sricb\OneDrive\Desktop\AI dementia dection\AI-Powered-Multimodal-Dementia-System\data\audio\features\mfcc\train\Ronald Reagan\RonaldReagan_5_chunk_007.npy,40,313,False
train,Ronald Reagan,dementia,dementia/Ronald Reagan/RonaldReagan_5.wav,RonaldReagan_5,8,C:\Users\sricb\OneDrive\Desktop\AI dementia dection\AI-Powered-Multimodal-Dementia-System\data\audio\features\mfcc\train\Ronald Reagan\RonaldReagan_5_chunk_008.npy,40,313,False
train,Ronald Reagan,dementia,dementia/Ronald Reagan/RonaldReagan_5.wav,RonaldReagan_5,9,C:\Users\sricb\OneDrive\Desktop\AI dementia dection\AI-Powered-Multimodal-Dementia-System\data\audio\features\mfcc\train\Ronald Reagan\RonaldReagan_5_chunk_009.npy,40,313,False
train,Ronald Reagan,dementia,dementia/Ronald Reagan/RonaldReagan_5.wav,RonaldReagan_5,10,C:\Users\sricb\OneDrive\Desktop\AI dementia dection\AI-Powered-Multimodal-Dementia-System\data\audio\features\mfcc\train\Ronald Reagan\RonaldReagan_5_chunk_010.npy,40,313,False
train,Ronald Reagan,dementia,dementia/Ronald Reagan/RonaldReagan_5.wav,RonaldReagan_5,11,C:\Users\sricb\OneDrive\Desktop\AI dementia dection\AI-Powered-Multimodal-Dementia-System\data\audio\features\mfcc\train\Ronald Reagan\RonaldReagan_5_chunk_011.npy,40,313,False
train,Ronald Reagan,dementia,dementia/Ronald Reagan/RonaldReagan_5.wav,RonaldReagan_5,12,C:\Users\sricb\OneDrive\Desktop\AI dementia dection\AI-Powered-Multimodal-Dementia-System\data\audio\features\mfcc\train\Ronald Reagan\RonaldReagan_5_chunk_012.npy,40,313,False
train,Ronald Reagan,dementia,dementia/Ronald Reagan/RonaldReagan_5.wav,RonaldReagan_5,13,C:\Users\sricb\OneDrive\Desktop\AI dementia dection\AI-Powered-Multimodal-Dementia-System\data\audio\features\mfcc\train\Ronald Reagan\RonaldReagan_5_chunk_013.npy,40,313,False
train,Ronald Reagan,dementia,dementia/Ronald Reagan/RonaldReagan_5.wav,RonaldReagan_5,14,C:\Users\sricb\OneDrive\Desktop\AI dementia dection\AI-Powered-Multimodal-Dementia-System\data\audio\features\mfcc\train\Ronald Reagan\RonaldReagan_5_chunk_014.npy,40,313,False
train,Ronald Reagan,dementia,dementia/Ronald Reagan/RonaldReagan_5.wav,RonaldReagan_5,15,C:\Users\sricb\OneDrive\Desktop\AI dementia dection\AI-Powered-Multimodal-Dementia-System\data\audio\features\mfcc\train\Ronald Reagan\RonaldReagan_5_chunk_015.npy,40,313,False
train,Ronald Reagan,dementia,dementia/Ronald Reagan/RonaldReagan_5.wav,RonaldReagan_5,16,C:\Users\sricb\OneDrive\Desktop\AI dementia dection\AI-Powered-Multimodal-Dementia-System\data\audio\features\mfcc\train\Ronald Reagan\RonaldReagan_5_chunk_016.npy,40,313,False
train,Ronald Reagan,dementia,dementia/Ronald Reagan/RonaldReagan_5.wav,RonaldReagan_5,17,C:\Users\sricb\OneDrive\Desktop\AI dementia dection\AI-Powered-Multimodal-Dementia-System\data\audio\features\mfcc\train\Ronald Reagan\RonaldReagan_5_chunk_017.npy,40,313,False
train,Ronald Reagan,dementia,dementia/Ronald Reagan/RonaldReagan_5.wav,RonaldReagan_5,18,C:\Users\sricb\OneDrive\Desktop\AI dementia dection\AI-Powered-Multimodal-Dementia-System\data\audio\features\mfcc\train\Ronald Reagan\RonaldReagan_5_chunk_018.npy,40,313,True
train,Ronald Reagan,dementia,dementia/Ronald Reagan/RonaldReagan_5.wav,RonaldReagan_5,19,C:\Users\sricb\OneDrive\Desktop\AI dementia dection\AI-Powered-Multimodal-Dementia-System\data\audio\features\mfcc\train\Ronald Reagan\RonaldReagan_5_chunk_019.npy,40,313,True
train,Ross Mac Donald,dementia,dementia/Ross Mac Donald/RossMacDonald_10.wav,RossMacDonald_10,1,C:\Users\sricb\OneDrive\Desktop\AI dementia dection\AI-Powered-Multimodal-Dementia-System\data\audio\features\mfcc\train\Ross Mac Donald\RossMacDonald_10_chunk_001.npy,40,313,False
train,Ross Mac Donald,dementia,dementia/Ross Mac Donald/RossMacDonald_10.wav,RossMacDonald_10,2,C:\Users\sricb\OneDrive\Desktop\AI dementia dection\AI-Powered-Multimodal-Dementia-System\data\audio\features\mfcc\train\Ross Mac Donald\RossMacDonald_10_chunk_002.npy,40,313,False
train,Ross Mac Donald,dementia,dementia/Ross Mac Donald/RossMacDonald_10.wav,RossMacDonald_10,3,C:\Users\sricb\OneDrive\Desktop\AI dementia dection\AI-Powered-Multimodal-Dementia-System\data\audio\features\mfcc\train\Ross Mac Donald\RossMacDonald_10_chunk_003.npy,40,313,False
train,Ross Mac Donald,dementia,dementia/Ross Mac Donald/RossMacDonald_10.wav,RossMacDonald_10,4,C:\Users\sricb\OneDrive\Desktop\AI dementia dection\AI-Powered-Multimodal-Dementia-System\data\audio\features\mfcc\train\Ross Mac Donald\RossMacDonald_10_chunk_004.npy,40,313,False
train,Ross Mac Donald,dementia,dementia/Ross Mac Donald/RossMacDonald_10.wav,RossMacDonald_10,5,C:\Users\sricb\OneDrive\Desktop\AI dementia dection\AI-Powered-Multimodal-Dementia-System\data\audio\features\mfcc\train\Ross Mac Donald\RossMacDonald_10_chunk_005.npy,40,313,False
train,Ross Mac Donald,dementia,dementia/Ross Mac Donald/RossMacDonald_10.wav,RossMacDonald_10,6,C:\Users\sricb\OneDrive\Desktop\AI dementia dection\AI-Powered-Multimodal-Dementia-System\data\audio\features\mfcc\train\Ross Mac Donald\RossMacDonald_10_chunk_006.npy,40,313,False
train,Ross Mac Donald,dementia,dementia/Ross Mac Donald/RossMacDonald_10.wav,RossMacDonald_10,7,C:\Users\sricb\OneDrive\Desktop\AI dementia dection\AI-Powered-Multimodal-Dementia-System\data\audio\features\mfcc\train\Ross Mac Donald\RossMacDonald_10_chunk_007.npy,40,313,False
train,Ross Mac Donald,dementia,dementia/Ross Mac Donald/RossMacDonald_10.wav,RossMacDonald_10,8,C:\Users\sricb\OneDrive\Desktop\AI dementia dection\AI-Powered-Multimodal-Dementia-System\data\audio\features\mfcc\train\Ross Mac Donald\RossMacDonald_10_chunk_008.npy,40,313,False
train,Ross Mac Donald,dementia,dementia/Ross Mac Donald/RossMacDonald_10.wav,RossMacDonald_10,9,C:\Users\sricb\OneDrive\Desktop\AI dementia dection\AI-Powered-Multimodal-Dementia-System\data\audio\features\mfcc\train\Ross Mac Donald\RossMacDonald_10_chunk_009.npy,40,313,False
train,Ross Mac Donald,dementia,dementia/Ross Mac Donald/RossMacDonald_10.wav,RossMacDonald_10,10,C:\Users\sricb\OneDrive\Desktop\AI dementia dection\AI-Powered-Multimodal-Dementia-System\data\audio\features\mfcc\train\Ross Mac Donald\RossMacDonald_10_chunk_010.npy,40,313,False
train,Ross Mac Donald,dementia,dementia/Ross Mac Donald/RossMacDonald_10.wav,RossMacDonald_10,11,C:\Users\sricb\OneDrive\Desktop\AI dementia dection\AI-Powered-Multimodal-Dementia-System\data\audio\features\mfcc\train\Ross Mac Donald\RossMacDonald_10_chunk_011.npy,40,313,False
train,Ross Mac Donald,dementia,dementia/Ross Mac Donald/RossMacDonald_10.wav,RossMacDonald_10,12,C:\Users\sricb\OneDrive\Desktop\AI dementia dection\AI-Powered-Multimodal-Dementia-System\data\audio\features\mfcc\train\Ross Mac Donald\RossMacDonald_10_chunk_012.npy,40,313,False
train,Ross Mac Donald,dementia,dementia/Ross Mac Donald/RossMacDonald_10.wav,RossMacDonald_10,13,C:\Users\sricb\OneDrive\Desktop\AI dementia dection\AI-Powered-Multimodal-Dementia-System\data\audio\features\mfcc\train\Ross Mac Donald\RossMacDonald_10_chunk_013.npy,40,313,False
train,Ross Mac Donald,dementia,dementia/Ross Mac Donald/RossMacDonald_10.wav,RossMacDonald_10,14,C:\Users\sricb\OneDrive\Desktop\AI dementia dection\AI-Powered-Multimodal-Dementia-System\data\audio\features\mfcc\train\Ross Mac Donald\RossMacDonald_10_chunk_014.npy,40,313,False
train,Ross Mac Donald,dementia,dementia/Ross Mac Donald/RossMacDonald_10.wav,RossMacDonald_10,15,C:\Users\sricb\OneDrive\Desktop\AI dementia dection\AI-Powered-Multimodal-Dementia-System\data\audio\features\mfcc\train\Ross Mac Donald\RossMacDonald_10_chunk_015.npy,40,313,False
train,Ross Mac Donald,dementia,dementia/Ross Mac Donald/RossMacDonald_10.wav,RossMacDonald_10,16,C:\Users\sricb\OneDrive\Desktop\AI dementia dection\AI-Powered-Multimodal-Dementia-System\data\audio\features\mfcc\train\Ross Mac Donald\RossMacDonald_10_chunk_016.npy,40,313,False
train,Ross Mac Donald,dementia,dementia/Ross Mac Donald/RossMacDonald_10.wav,RossMacDonald_10,17,C:\Users\sricb\OneDrive\Desktop\AI dementia dection\AI-Powered-Multimodal-Dementia-System\data\audio\features\mfcc\train\Ross Mac Donald\RossMacDonald_10_chunk_017.npy,40,313,False
train,Ross Mac Donald,dementia,dementia/Ross Mac Donald/RossMacDonald_10.wav,RossMacDonald_10,18,C:\Users\sricb\OneDrive\Desktop\AI dementia dection\AI-Powered-Multimodal-Dementia-System\data\audio\features\mfcc\train\Ross Mac Donald\RossMacDonald_10_chunk_018.npy,40,313,True
train,Ross Mac Donald,dementia,dementia/Ross Mac Donald/RossMacDonald_10.wav,RossMacDonald_10,19,C:\Users\sricb\OneDrive\Desktop\AI dementia dection\AI-Powered-Multimodal-Dementia-System\data\audio\features\mfcc\train\Ross Mac Donald\RossMacDonald_10_chunk_019.npy,40,313,True
train,Sparky Anderson,dementia,dementia/Sparky Anderson/SparkyAnderson_0.wav,SparkyAnderson_0,1,C:\Users\sricb\OneDrive\Desktop\AI dementia dection\AI-Powered-Multimodal-Dementia-System\data\audio\features\mfcc\train\Sparky Anderson\SparkyAnderson_0_chunk_001.npy,40,313,False
train,Sparky Anderson,dementia,dementia/Sparky Anderson/SparkyAnderson_0.wav,SparkyAnderson_0,2,C:\Users\sricb\OneDrive\Desktop\AI dementia dection\AI-Powered-Multimodal-Dementia-System\data\audio\features\mfcc\train\Sparky Anderson\SparkyAnderson_0_chunk_002.npy,40,313,False
train,Sparky Anderson,dementia,dementia/Sparky Anderson/SparkyAnderson_0.wav,SparkyAnderson_0,3,C:\Users\sricb\OneDrive\Desktop\AI dementia dection\AI-Powered-Multimodal-Dementia-System\data\audio\features\mfcc\train\Sparky Anderson\SparkyAnderson_0_chunk_003.npy,40,313,False
train,Sparky Anderson,dementia,dementia/Sparky Anderson/SparkyAnderson_0.wav,SparkyAnderson_0,4,C:\Users\sricb\OneDrive\Desktop\AI dementia dection\AI-Powered-Multimodal-Dementia-System\data\audio\features\mfcc\train\Sparky Anderson\SparkyAnderson_0_chunk_004.npy,40,313,False
train,Sparky Anderson,dementia,dementia/Sparky Anderson/SparkyAnderson_0.wav,SparkyAnderson_0,5,C:\Users\sricb\OneDrive\Desktop\AI dementia dection\AI-Powered-Multimodal-Dementia-System\data\audio\features\mfcc\train\Sparky Anderson\SparkyAnderson_0_chunk_005.npy,40,313,False
train,Sparky Anderson,dementia,dementia/Sparky Anderson/SparkyAnderson_0.wav,SparkyAnderson_0,6,C:\Users\sricb\OneDrive\Desktop\AI dementia dection\AI-Powered-Multimodal-Dementia-System\data\audio\features\mfcc\train\Sparky Anderson\SparkyAnderson_0_chunk_006.npy,40,313,False
train,Sparky Anderson,dementia,dementia/Sparky Anderson/SparkyAnderson_0.wav,SparkyAnderson_0,7,C:\Users\sricb\OneDrive\Desktop\AI dementia dection\AI-Powered-Multimodal-Dementia-System\data\audio\features\mfcc\train\Sparky Anderson\SparkyAnderson_0_chunk_007.npy,40,313,False
train,Sparky Anderson,dementia,dementia/Sparky Anderson/SparkyAnderson_0.wav,SparkyAnderson_0,8,C:\Users\sricb\OneDrive\Desktop\AI dementia dection\AI-Powered-Multimodal-Dementia-System\data\audio\features\mfcc\train\Sparky Anderson\SparkyAnderson_0_chunk_008.npy,40,313,False
train,Sparky Anderson,dementia,dementia/Sparky Anderson/SparkyAnderson_0.wav,SparkyAnderson_0,9,C:\Users\sricb\OneDrive\Desktop\AI dementia dection\AI-Powered-Multimodal-Dementia-System\data\audio\features\mfcc\train\Sparky Anderson\SparkyAnderson_0_chunk_009.npy,40,313,False
train,Sparky Anderson,dementia,dementia/Sparky Anderson/SparkyAnderson_0.wav,SparkyAnderson_0,10,C:\Users\sricb\OneDrive\Desktop\AI dementia dection\AI-Powered-Multimodal-Dementia-System\data\audio\features\mfcc\train\Sparky Anderson\SparkyAnderson_0_chunk_010.npy,40,313,True
train,Sparky Anderson,dementia,dementia/Sparky Anderson/SparkyAnderson_0.wav,SparkyAnderson_0,11,C:\Users\sricb\OneDrive\Desktop\AI dementia dection\AI-Powered-Multimodal-Dementia-System\data\audio\features\mfcc\train\Sparky Anderson\SparkyAnderson_0_chunk_011.npy,40,313,True
train,Stan Bowles,dementia,dementia/Stan Bowles/StanBowles_5.wav,StanBowles_5,1,C:\Users\sricb\OneDrive\Desktop\AI dementia dection\AI-Powered-Multimodal-Dementia-System\data\audio\features\mfcc\train\Stan Bowles\StanBowles_5_chunk_001.npy,40,313,False
train,Stan Bowles,dementia,dementia/Stan Bowles/StanBowles_5.wav,StanBowles_5,2,C:\Users\sricb\OneDrive\Desktop\AI dementia dection\AI-Powered-Multimodal-Dementia-System\data\audio\features\mfcc\train\Stan Bowles\StanBowles_5_chunk_002.npy,40,313,False
train,Stan Bowles,dementia,dementia/Stan Bowles/StanBowles_5.wav,StanBowles_5,3,C:\Users\sricb\OneDrive\Desktop\AI dementia dection\AI-Powered-Multimodal-Dementia-System\data\audio\features\mfcc\train\Stan Bowles\StanBowles_5_chunk_003.npy,40,313,False
train,Stan Bowles,dementia,dementia/Stan Bowles/StanBowles_5.wav,StanBowles_5,4,C:\Users\sricb\OneDrive\Desktop\AI dementia dection\AI-Powered-Multimodal-Dementia-System\data\audio\features\mfcc\train\Stan Bowles\StanBowles_5_chunk_004.npy,40,313,False
train,Stan Bowles,dementia,dementia/Stan Bowles/StanBowles_5.wav,StanBowles_5,5,C:\Users\sricb\OneDrive\Desktop\AI dementia dection\AI-Powered-Multimodal-Dementia-System\data\audio\features\mfcc\train\Stan Bowles\StanBowles_5_chunk_005.npy,40,313,True
train,Stan Bowles,dementia,dementia/Stan Bowles/StanBowles_5.wav,StanBowles_5,6,C:\Users\sricb\OneDrive\Desktop\AI dementia dection\AI-Powered-Multimodal-Dementia-System\data\audio\features\mfcc\train\Stan Bowles\StanBowles_5_chunk_006.npy,40,313,True
train,Stella Stevens,dementia,dementia/Stella Stevens/StellaStevens_15.wav,StellaStevens_15,1,C:\Users\sricb\OneDrive\Desktop\AI dementia dection\AI-Powered-Multimodal-Dementia-System\data\audio\features\mfcc\train\Stella Stevens\StellaStevens_15_chunk_001.npy,40,313,False
train,Stella Stevens,dementia,dementia/Stella Stevens/StellaStevens_15.wav,StellaStevens_15,2,C:\Users\sricb\OneDrive\Desktop\AI dementia dection\AI-Powered-Multimodal-Dementia-System\data\audio\features\mfcc\train\Stella Stevens\StellaStevens_15_chunk_002.npy,40,313,False
train,Stella Stevens,dementia,dementia/Stella Stevens/StellaStevens_15.wav,StellaStevens_15,3,C:\Users\sricb\OneDrive\Desktop\AI dementia dection\AI-Powered-Multimodal-Dementia-System\data\audio\features\mfcc\train\Stella Stevens\StellaStevens_15_chunk_003.npy,40,313,False
train,Stella Stevens,dementia,dementia/Stella Stevens/StellaStevens_15.wav,StellaStevens_15,4,C:\Users\sricb\OneDrive\Desktop\AI dementia dection\AI-Powered-Multimodal-Dementia-System\data\audio\features\mfcc\train\Stella Stevens\StellaStevens_15_chunk_004.npy,40,313,False
train,Stella Stevens,dementia,dementia/Stella Stevens/StellaStevens_15.wav,StellaStevens_15,5,C:\Users\sricb\OneDrive\Desktop\AI dementia dection\AI-Powered-Multimodal-Dementia-System\data\audio\features\mfcc\train\Stella Stevens\StellaStevens_15_chunk_005.npy,40,313,False
train,Stella Stevens,dementia,dementia/Stella Stevens/StellaStevens_15.wav,StellaStevens_15,6,C:\Users\sricb\OneDrive\Desktop\AI dementia dection\AI-Powered-Multimodal-Dementia-System\data\audio\features\mfcc\train\Stella Stevens\StellaStevens_15_chunk_006.npy,40,313,True
train,Stella Stevens,dementia,dementia/Stella Stevens/StellaStevens_15.wav,StellaStevens_15,7,C:\Users\sricb\OneDrive\Desktop\AI dementia dection\AI-Powered-Multimodal-Dementia-System\data\audio\features\mfcc\train\Stella Stevens\StellaStevens_15_chunk_007.npy,40,313,True
train,Steve Lawrence,dementia,dementia/Steve Lawrence/SteveLawrence_15.wav,SteveLawrence_15,1,C:\Users\sricb\OneDrive\Desktop\AI dementia dection\AI-Powered-Multimodal-Dementia-System\data\audio\features\mfcc\train\Steve Lawrence\SteveLawrence_15_chunk_001.npy,40,313,False
train,Steve Lawrence,dementia,dementia/Steve Lawrence/SteveLawrence_15.wav,SteveLawrence_15,2,C:\Users\sricb\OneDrive\Desktop\AI dementia dection\AI-Powered-Multimodal-Dementia-System\data\audio\features\mfcc\train\Steve Lawrence\SteveLawrence_15_chunk_002.npy,40,313,False
train,Steve Lawrence,dementia,dementia/Steve Lawrence/SteveLawrence_15.wav,SteveLawrence_15,3,C:\Users\sricb\OneDrive\Desktop\AI dementia dection\AI-Powered-Multimodal-Dementia-System\data\audio\features\mfcc\train\Steve Lawrence\SteveLawrence_15_chunk_003.npy,40,313,False
train,Steve Lawrence,dementia,dementia/Steve Lawrence/SteveLawrence_15.wav,SteveLawrence_15,4,C:\Users\sricb\OneDrive\Desktop\AI dementia dection\AI-Powered-Multimodal-Dementia-System\data\audio\features\mfcc\train\Steve Lawrence\SteveLawrence_15_chunk_004.npy,40,313,False
train,Steve Lawrence,dementia,dementia/Steve Lawrence/SteveLawrence_15.wav,SteveLawrence_15,5,C:\Users\sricb\OneDrive\Desktop\AI dementia dection\AI-Powered-Multimodal-Dementia-System\data\audio\features\mfcc\train\Steve Lawrence\SteveLawrence_15_chunk_005.npy,40,313,False
train,Steve Lawrence,dementia,dementia/Steve Lawrence/SteveLawrence_15.wav,SteveLawrence_15,6,C:\Users\sricb\OneDrive\Desktop\AI dementia dection\AI-Powered-Multimodal-Dementia-System\data\audio\features\mfcc\train\Steve Lawrence\SteveLawrence_15_chunk_006.npy,40,313,False
train,Steve Lawrence,dementia,dementia/Steve Lawrence/SteveLawrence_15.wav,SteveLawrence_15,7,C:\Users\sricb\OneDrive\Desktop\AI dementia dection\AI-Powered-Multimodal-Dementia-System\data\audio\features\mfcc\train\Steve Lawrence\SteveLawrence_15_chunk_007.npy,40,313,False
train,Steve Lawrence,dementia,dementia/Steve Lawrence/SteveLawrence_15.wav,SteveLawrence_15,8,C:\Users\sricb\OneDrive\Desktop\AI dementia dection\AI-Powered-Multimodal-Dementia-System\data\audio\features\mfcc\train\Steve Lawrence\SteveLawrence_15_chunk_008.npy,40,313,False
train,Steve Lawrence,dementia,dementia/Steve Lawrence/SteveLawrence_15.wav,SteveLawrence_15,9,C:\Users\sricb\OneDrive\Desktop\AI dementia dection\AI-Powered-Multimodal-Dementia-System\data\audio\features\mfcc\train\Steve Lawrence\SteveLawrence_15_chunk_009.npy,40,313,False
train,Steve Lawrence,dementia,dementia/Steve Lawrence/SteveLawrence_15.wav,SteveLawrence_15,10,C:\Users\sricb\OneDrive\Desktop\AI dementia dection\AI-Powered-Multimodal-Dementia-System\data\audio\features\mfcc\train\Steve Lawrence\SteveLawrence_15_chunk_010.npy,40,313,False
train,Steve Lawrence,dementia,dementia/Steve Lawrence/SteveLawrence_15.wav,SteveLawrence_15,11,C:\Users\sricb\OneDrive\Desktop\AI dementia dection\AI-Powered-Multimodal-Dementia-System\data\audio\features\mfcc\train\Steve Lawrence\SteveLawrence_15_chunk_011.npy,40,313,False
train,Steve Lawrence,dementia,dementia/Steve Lawrence/SteveLawrence_15.wav,SteveLawrence_15,12,C:\Users\sricb\OneDrive\Desktop\AI dementia dection\AI-Powered-Multimodal-Dementia-System\data\audio\features\mfcc\train\Steve Lawrence\SteveLawrence_15_chunk_012.npy,40,313,False
train,Steve Lawrence,dementia,dementia/Steve Lawrence/SteveLawrence_15.wav,SteveLawrence_15,13,C:\Users\sricb\OneDrive\Desktop\AI dementia dection\AI-Powered-Multimodal-Dementia-System\data\audio\features\mfcc\train\Steve Lawrence\SteveLawrence_15_chunk_013.npy,40,313,False
train,Steve Lawrence,dementia,dementia/Steve Lawrence/SteveLawrence_15.wav,SteveLawrence_15,14,C:\Users\sricb\OneDrive\Desktop\AI dementia dection\AI-Powered-Multimodal-Dementia-System\data\audio\features\mfcc\train\Steve Lawrence\SteveLawrence_15_chunk_014.npy,40,313,False
train,Steve Lawrence,dementia,dementia/Steve Lawrence/SteveLawrence_15.wav,SteveLawrence_15,15,C:\Users\sricb\OneDrive\Desktop\AI dementia dection\AI-Powered-Multimodal-Dementia-System\data\audio\features\mfcc\train\Steve Lawrence\SteveLawrence_15_chunk_015.npy,40,313,False
train,Steve Lawrence,dementia,dementia/Steve Lawrence/SteveLawrence_15.wav,SteveLawrence_15,16,C:\Users\sricb\OneDrive\Desktop\AI dementia dection\AI-Powered-Multimodal-Dementia-System\data\audio\features\mfcc\train\Steve Lawrence\SteveLawrence_15_chunk_016.npy,40,313,False
train,Steve Lawrence,dementia,dementia/Steve Lawrence/SteveLawrence_15.wav,SteveLawrence_15,17,C:\Users\sricb\OneDrive\Desktop\AI dementia dection\AI-Powered-Multimodal-Dementia-System\data\audio\features\mfcc\train\Steve Lawrence\SteveLawrence_15_chunk_017.npy,40,313,False
train,Steve Lawrence,dementia,dementia/Steve Lawrence/SteveLawrence_15.wav,SteveLawrence_15,18,C:\Users\sricb\OneDrive\Desktop\AI dementia dection\AI-Powered-Multimodal-Dementia-System\data\audio\features\mfcc\train\Steve Lawrence\SteveLawrence_15_chunk_018.npy,40,313,False
train,Steve Lawrence,dementia,dementia/Steve Lawrence/SteveLawrence_15.wav,SteveLawrence_15,19,C:\Users\sricb\OneDrive\Desktop\AI dementia dection\AI-Powered-Multimodal-Dementia-System\data\audio\features\mfcc\train\Steve Lawrence\SteveLawrence_15_chunk_019.npy,40,313,False
train,Steve Lawrence,dementia,dementia/Steve Lawrence/SteveLawrence_15.wav,SteveLawrence_15,20,C:\Users\sricb\OneDrive\Desktop\AI dementia dection\AI-Powered-Multimodal-Dementia-System\data\audio\features\mfcc\train\Steve Lawrence\SteveLawrence_15_chunk_020.npy,40,313,True
train,Steve Lawrence,dementia,dementia/Steve Lawrence/SteveLawrence_15.wav,SteveLawrence_15,21,C:\Users\sricb\OneDrive\Desktop\AI dementia dection\AI-Powered-Multimodal-Dementia-System\data\audio\features\mfcc\train\Steve Lawrence\SteveLawrence_15_chunk_021.npy,40,313,True
train,Ted Turner,dementia,dementia/Ted Turner/TedTurner_0.wav,TedTurner_0,1,C:\Users\sricb\OneDrive\Desktop\AI dementia dection\AI-Powered-Multimodal-Dementia-System\data\audio\features\mfcc\train\Ted Turner\TedTurner_0_chunk_001.npy,40,313,False
train,Ted Turner,dementia,dementia/Ted Turner/TedTurner_0.wav,TedTurner_0,2,C:\Users\sricb\OneDrive\Desktop\AI dementia dection\AI-Powered-Multimodal-Dementia-System\data\audio\features\mfcc\train\Ted Turner\TedTurner_0_chunk_002.npy,40,313,False
train,Ted Turner,dementia,dementia/Ted Turner/TedTurner_0.wav,TedTurner_0,3,C:\Users\sricb\OneDrive\Desktop\AI dementia dection\AI-Powered-Multimodal-Dementia-System\data\audio\features\mfcc\train\Ted Turner\TedTurner_0_chunk_003.npy,40,313,True
train,Ted Turner,dementia,dementia/Ted Turner/TedTurner_0.wav,TedTurner_0,4,C:\Users\sricb\OneDrive\Desktop\AI dementia dection\AI-Powered-Multimodal-Dementia-System\data\audio\features\mfcc\train\Ted Turner\TedTurner_0_chunk_004.npy,40,313,True
train,Ted Turner,dementia,dementia/Ted Turner/TedTurner_5.wav,TedTurner_5,1,C:\Users\sricb\OneDrive\Desktop\AI dementia dection\AI-Powered-Multimodal-Dementia-System\data\audio\features\mfcc\train\Ted Turner\TedTurner_5_chunk_001.npy,40,313,False
train,Ted Turner,dementia,dementia/Ted Turner/TedTurner_5.wav,TedTurner_5,2,C:\Users\sricb\OneDrive\Desktop\AI dementia dection\AI-Powered-Multimodal-Dementia-System\data\audio\features\mfcc\train\Ted Turner\TedTurner_5_chunk_002.npy,40,313,False
train,Ted Turner,dementia,dementia/Ted Turner/TedTurner_5.wav,TedTurner_5,3,C:\Users\sricb\OneDrive\Desktop\AI dementia dection\AI-Powered-Multimodal-Dementia-System\data\audio\features\mfcc\train\Ted Turner\TedTurner_5_chunk_003.npy,40,313,False
train,Ted Turner,dementia,dementia/Ted Turner/TedTurner_5.wav,TedTurner_5,4,C:\Users\sricb\OneDrive\Desktop\AI dementia dection\AI-Powered-Multimodal-Dementia-System\data\audio\features\mfcc\train\Ted Turner\TedTurner_5_chunk_004.npy,40,313,False
train,Ted Turner,dementia,dementia/Ted Turner/TedTurner_5.wav,TedTurner_5,5,C:\Users\sricb\OneDrive\Desktop\AI dementia dection\AI-Powered-Multimodal-Dementia-System\data\audio\features\mfcc\train\Ted Turner\TedTurner_5_chunk_005.npy,40,313,False
train,Ted Turner,dementia,dementia/Ted Turner/TedTurner_5.wav,TedTurner_5,6,C:\Users\sricb\OneDrive\Desktop\AI dementia dection\AI-Powered-Multimodal-Dementia-System\data\audio\features\mfcc\train\Ted Turner\TedTurner_5_chunk_006.npy,40,313,False
train,Ted Turner,dementia,dementia/Ted Turner/TedTurner_5.wav,TedTurner_5,7,C:\Users\sricb\OneDrive\Desktop\AI dementia dection\AI-Powered-Multimodal-Dementia-System\data\audio\features\mfcc\train\Ted Turner\TedTurner_5_chunk_007.npy,40,313,True
train,Ted Turner,dementia,dementia/Ted Turner/TedTurner_5.wav,TedTurner_5,8,C:\Users\sricb\OneDrive\Desktop\AI dementia dection\AI-Powered-Multimodal-Dementia-System\data\audio\features\mfcc\train\Ted Turner\TedTurner_5_chunk_008.npy,40,313,True
train,Teresa Gorman,dementia,dementia/Teresa Gorman/TeresaGorman_10.wav,TeresaGorman_10,1,C:\Users\sricb\OneDrive\Desktop\AI dementia dection\AI-Powered-Multimodal-Dementia-System\data\audio\features\mfcc\train\Teresa Gorman\TeresaGorman_10_chunk_001.npy,40,313,False
train,Teresa Gorman,dementia,dementia/Teresa Gorman/TeresaGorman_10.wav,TeresaGorman_10,2,C:\Users\sricb\OneDrive\Desktop\AI dementia dection\AI-Powered-Multimodal-Dementia-System\data\audio\features\mfcc\train\Teresa Gorman\TeresaGorman_10_chunk_002.npy,40,313,False
train,Teresa Gorman,dementia,dementia/Teresa Gorman/TeresaGorman_10.wav,TeresaGorman_10,3,C:\Users\sricb\OneDrive\Desktop\AI dementia dection\AI-Powered-Multimodal-Dementia-System\data\audio\features\mfcc\train\Teresa Gorman\TeresaGorman_10_chunk_003.npy,40,313,True
train,Teresa Gorman,dementia,dementia/Teresa Gorman/TeresaGorman_10.wav,TeresaGorman_10,4,C:\Users\sricb\OneDrive\Desktop\AI dementia dection\AI-Powered-Multimodal-Dementia-System\data\audio\features\mfcc\train\Teresa Gorman\TeresaGorman_10_chunk_004.npy,40,313,True
train,Terry Jones,dementia,dementia/Terry Jones/terryjones_5.wav,terryjones_5,1,C:\Users\sricb\OneDrive\Desktop\AI dementia dection\AI-Powered-Multimodal-Dementia-System\data\audio\features\mfcc\train\Terry Jones\terryjones_5_chunk_001.npy,40,313,False
train,Terry Jones,dementia,dementia/Terry Jones/terryjones_5.wav,terryjones_5,2,C:\Users\sricb\OneDrive\Desktop\AI dementia dection\AI-Powered-Multimodal-Dementia-System\data\audio\features\mfcc\train\Terry Jones\terryjones_5_chunk_002.npy,40,313,False
train,Terry Jones,dementia,dementia/Terry Jones/terryjones_5.wav,terryjones_5,3,C:\Users\sricb\OneDrive\Desktop\AI dementia dection\AI-Powered-Multimodal-Dementia-System\data\audio\features\mfcc\train\Terry Jones\terryjones_5_chunk_003.npy,40,313,False
train,Terry Jones,dementia,dementia/Terry Jones/terryjones_5.wav,terryjones_5,4,C:\Users\sricb\OneDrive\Desktop\AI dementia dection\AI-Powered-Multimodal-Dementia-System\data\audio\features\mfcc\train\Terry Jones\terryjones_5_chunk_004.npy,40,313,False
train,Terry Jones,dementia,dementia/Terry Jones/terryjones_5.wav,terryjones_5,5,C:\Users\sricb\OneDrive\Desktop\AI dementia dection\AI-Powered-Multimodal-Dementia-System\data\audio\features\mfcc\train\Terry Jones\terryjones_5_chunk_005.npy,40,313,False
train,Terry Jones,dementia,dementia/Terry Jones/terryjones_5.wav,terryjones_5,6,C:\Users\sricb\OneDrive\Desktop\AI dementia dection\AI-Powered-Multimodal-Dementia-System\data\audio\features\mfcc\train\Terry Jones\terryjones_5_chunk_006.npy,40,313,False
train,Terry Jones,dementia,dementia/Terry Jones/terryjones_5.wav,terryjones_5,7,C:\Users\sricb\OneDrive\Desktop\AI dementia dection\AI-Powered-Multimodal-Dementia-System\data\audio\features\mfcc\train\Terry Jones\terryjones_5_chunk_007.npy,40,313,False
train,Terry Jones,dementia,dementia/Terry Jones/terryjones_5.wav,terryjones_5,8,C:\Users\sricb\OneDrive\Desktop\AI dementia dection\AI-Powered-Multimodal-Dementia-System\data\audio\features\mfcc\train\Terry Jones\terryjones_5_chunk_008.npy,40,313,True
train,Terry Jones,dementia,dementia/Terry Jones/terryjones_5.wav,terryjones_5,9,C:\Users\sricb\OneDrive\Desktop\AI dementia dection\AI-Powered-Multimodal-Dementia-System\data\audio\features\mfcc\train\Terry Jones\terryjones_5_chunk_009.npy,40,313,True
train,Terry Pratchett,dementia,dementia/Terry Pratchett/TerryPratchett_0.wav,TerryPratchett_0,1,C:\Users\sricb\OneDrive\Desktop\AI dementia dection\AI-Powered-Multimodal-Dementia-System\data\audio\features\mfcc\train\Terry Pratchett\TerryPratchett_0_chunk_001.npy,40,313,False
train,Terry Pratchett,dementia,dementia/Terry Pratchett/TerryPratchett_0.wav,TerryPratchett_0,2,C:\Users\sricb\OneDrive\Desktop\AI dementia dection\AI-Powered-Multimodal-Dementia-System\data\audio\features\mfcc\train\Terry Pratchett\TerryPratchett_0_chunk_002.npy,40,313,False
train,Terry Pratchett,dementia,dementia/Terry Pratchett/TerryPratchett_0.wav,TerryPratchett_0,3,C:\Users\sricb\OneDrive\Desktop\AI dementia dection\AI-Powered-Multimodal-Dementia-System\data\audio\features\mfcc\train\Terry Pratchett\TerryPratchett_0_chunk_003.npy,40,313,False
train,Terry Pratchett,dementia,dementia/Terry Pratchett/TerryPratchett_0.wav,TerryPratchett_0,4,C:\Users\sricb\OneDrive\Desktop\AI dementia dection\AI-Powered-Multimodal-Dementia-System\data\audio\features\mfcc\train\Terry Pratchett\TerryPratchett_0_chunk_004.npy,40,313,False
train,Terry Pratchett,dementia,dementia/Terry Pratchett/TerryPratchett_0.wav,TerryPratchett_0,5,C:\Users\sricb\OneDrive\Desktop\AI dementia dection\AI-Powered-Multimodal-Dementia-System\data\audio\features\mfcc\train\Terry Pratchett\TerryPratchett_0_chunk_005.npy,40,313,False
train,Terry Pratchett,dementia,dementia/Terry Pratchett/TerryPratchett_0.wav,TerryPratchett_0,6,C:\Users\sricb\OneDrive\Desktop\AI dementia dection\AI-Powered-Multimodal-Dementia-System\data\audio\features\mfcc\train\Terry Pratchett\TerryPratchett_0_chunk_006.npy,40,313,False
train,Terry Pratchett,dementia,dementia/Terry Pratchett/TerryPratchett_0.wav,TerryPratchett_0,7,C:\Users\sricb\OneDrive\Desktop\AI dementia dection\AI-Powered-Multimodal-Dementia-System\data\audio\features\mfcc\train\Terry Pratchett\TerryPratchett_0_chunk_007.npy,40,313,False
train,Terry Pratchett,dementia,dementia/Terry Pratchett/TerryPratchett_0.wav,TerryPratchett_0,8,C:\Users\sricb\OneDrive\Desktop\AI dementia dection\AI-Powered-Multimodal-Dementia-System\data\audio\features\mfcc\train\Terry Pratchett\TerryPratchett_0_chunk_008.npy,40,313,False
train,Terry Pratchett,dementia,dementia/Terry Pratchett/TerryPratchett_0.wav,TerryPratchett_0,9,C:\Users\sricb\OneDrive\Desktop\AI dementia dection\AI-Powered-Multimodal-Dementia-System\data\audio\features\mfcc\train\Terry Pratchett\TerryPratchett_0_chunk_009.npy,40,313,False
train,Terry Pratchett,dementia,dementia/Terry Pratchett/TerryPratchett_0.wav,TerryPratchett_0,10,C:\Users\sricb\OneDrive\Desktop\AI dementia dection\AI-Powered-Multimodal-Dementia-System\data\audio\features\mfcc\train\Terry Pratchett\TerryPratchett_0_chunk_010.npy,40,313,False
train,Terry Pratchett,dementia,dementia/Terry Pratchett/TerryPratchett_0.wav,TerryPratchett_0,11,C:\Users\sricb\OneDrive\Desktop\AI dementia dection\AI-Powered-Multimodal-Dementia-System\data\audio\features\mfcc\train\Terry Pratchett\TerryPratchett_0_chunk_011.npy,40,313,False
train,Terry Pratchett,dementia,dementia/Terry Pratchett/TerryPratchett_0.wav,TerryPratchett_0,12,C:\Users\sricb\OneDrive\Desktop\AI dementia dection\AI-Powered-Multimodal-Dementia-System\data\audio\features\mfcc\train\Terry Pratchett\TerryPratchett_0_chunk_012.npy,40,313,False
train,Terry Pratchett,dementia,dementia/Terry Pratchett/TerryPratchett_0.wav,TerryPratchett_0,13,C:\Users\sricb\OneDrive\Desktop\AI dementia dection\AI-Powered-Multimodal-Dementia-System\data\audio\features\mfcc\train\Terry Pratchett\TerryPratchett_0_chunk_013.npy,40,313,False
train,Terry Pratchett,dementia,dementia/Terry Pratchett/TerryPratchett_0.wav,TerryPratchett_0,14,C:\Users\sricb\OneDrive\Desktop\AI dementia dection\AI-Powered-Multimodal-Dementia-System\data\audio\features\mfcc\train\Terry Pratchett\TerryPratchett_0_chunk_014.npy,40,313,False
train,Terry Pratchett,dementia,dementia/Terry Pratchett/TerryPratchett_0.wav,TerryPratchett_0,15,C:\Users\sricb\OneDrive\Desktop\AI dementia dection\AI-Powered-Multimodal-Dementia-System\data\audio\features\mfcc\train\Terry Pratchett\TerryPratchett_0_chunk_015.npy,40,313,False
train,Terry Pratchett,dementia,dementia/Terry Pratchett/TerryPratchett_0.wav,TerryPratchett_0,16,C:\Users\sricb\OneDrive\Desktop\AI dementia dection\AI-Powered-Multimodal-Dementia-System\data\audio\features\mfcc\train\Terry Pratchett\TerryPratchett_0_chunk_016.npy,40,313,True
train,Terry Pratchett,dementia,dementia/Terry Pratchett/TerryPratchett_0.wav,TerryPratchett_0,17,C:\Users\sricb\OneDrive\Desktop\AI dementia dection\AI-Powered-Multimodal-Dementia-System\data\audio\features\mfcc\train\Terry Pratchett\TerryPratchett_0_chunk_017.npy,40,313,True
train,Terry Pratchett,dementia,dementia/Terry Pratchett/TerryPratchett_5.wav,TerryPratchett_5,1,C:\Users\sricb\OneDrive\Desktop\AI dementia dection\AI-Powered-Multimodal-Dementia-System\data\audio\features\mfcc\train\Terry Pratchett\TerryPratchett_5_chunk_001.npy,40,313,False
train,Terry Pratchett,dementia,dementia/Terry Pratchett/TerryPratchett_5.wav,TerryPratchett_5,2,C:\Users\sricb\OneDrive\Desktop\AI dementia dection\AI-Powered-Multimodal-Dementia-System\data\audio\features\mfcc\train\Terry Pratchett\TerryPratchett_5_chunk_002.npy,40,313,False
train,Terry Pratchett,dementia,dementia/Terry Pratchett/TerryPratchett_5.wav,TerryPratchett_5,3,C:\Users\sricb\OneDrive\Desktop\AI dementia dection\AI-Powered-Multimodal-Dementia-System\data\audio\features\mfcc\train\Terry Pratchett\TerryPratchett_5_chunk_003.npy,40,313,False
train,Terry Pratchett,dementia,dementia/Terry Pratchett/TerryPratchett_5.wav,TerryPratchett_5,4,C:\Users\sricb\OneDrive\Desktop\AI dementia dection\AI-Powered-Multimodal-Dementia-System\data\audio\features\mfcc\train\Terry Pratchett\TerryPratchett_5_chunk_004.npy,40,313,False
train,Terry Pratchett,dementia,dementia/Terry Pratchett/TerryPratchett_5.wav,TerryPratchett_5,5,C:\Users\sricb\OneDrive\Desktop\AI dementia dection\AI-Powered-Multimodal-Dementia-System\data\audio\features\mfcc\train\Terry Pratchett\TerryPratchett_5_chunk_005.npy,40,313,False
train,Terry Pratchett,dementia,dementia/Terry Pratchett/TerryPratchett_5.wav,TerryPratchett_5,6,C:\Users\sricb\OneDrive\Desktop\AI dementia dection\AI-Powered-Multimodal-Dementia-System\data\audio\features\mfcc\train\Terry Pratchett\TerryPratchett_5_chunk_006.npy,40,313,False
train,Terry Pratchett,dementia,dementia/Terry Pratchett/TerryPratchett_5.wav,TerryPratchett_5,7,C:\Users\sricb\OneDrive\Desktop\AI dementia dection\AI-Powered-Multimodal-Dementia-System\data\audio\features\mfcc\train\Terry Pratchett\TerryPratchett_5_chunk_007.npy,40,313,False
train,Terry Pratchett,dementia,dementia/Terry Pratchett/TerryPratchett_5.wav,TerryPratchett_5,8,C:\Users\sricb\OneDrive\Desktop\AI dementia dection\AI-Powered-Multimodal-Dementia-System\data\audio\features\mfcc\train\Terry Pratchett\TerryPratchett_5_chunk_008.npy,40,313,False
train,Terry Pratchett,dementia,dementia/Terry Pratchett/TerryPratchett_5.wav,TerryPratchett_5,9,C:\Users\sricb\OneDrive\Desktop\AI dementia dection\AI-Powered-Multimodal-Dementia-System\data\audio\features\mfcc\train\Terry Pratchett\TerryPratchett_5_chunk_009.npy,40,313,False
train,Terry Pratchett,dementia,dementia/Terry Pratchett/TerryPratchett_5.wav,TerryPratchett_5,10,C:\Users\sricb\OneDrive\Desktop\AI dementia dection\AI-Powered-Multimodal-Dementia-System\data\audio\features\mfcc\train\Terry Pratchett\TerryPratchett_5_chunk_010.npy,40,313,False
train,Terry Pratchett,dementia,dementia/Terry Pratchett/TerryPratchett_5.wav,TerryPratchett_5,11,C:\Users\sricb\OneDrive\Desktop\AI dementia dection\AI-Powered-Multimodal-Dementia-System\data\audio\features\mfcc\train\Terry Pratchett\TerryPratchett_5_chunk_011.npy,40,313,False
train,Terry Pratchett,dementia,dementia/Terry Pratchett/TerryPratchett_5.wav,TerryPratchett_5,12,C:\Users\sricb\OneDrive\Desktop\AI dementia dection\AI-Powered-Multimodal-Dementia-System\data\audio\features\mfcc\train\Terry Pratchett\TerryPratchett_5_chunk_012.npy,40,313,True
train,Terry Pratchett,dementia,dementia/Terry Pratchett/TerryPratchett_5.wav,TerryPratchett_5,13,C:\Users\sricb\OneDrive\Desktop\AI dementia dection\AI-Powered-Multimodal-Dementia-System\data\audio\features\mfcc\train\Terry Pratchett\TerryPratchett_5_chunk_013.npy,40,313,True
train,Thomas Dorsey,dementia,dementia/Thomas Dorsey/thomasdorsey_0.wav,thomasdorsey_0,1,C:\Users\sricb\OneDrive\Desktop\AI dementia dection\AI-Powered-Multimodal-Dementia-System\data\audio\features\mfcc\train\Thomas Dorsey\thomasdorsey_0_chunk_001.npy,40,313,False
train,Thomas Dorsey,dementia,dementia/Thomas Dorsey/thomasdorsey_0.wav,thomasdorsey_0,2,C:\Users\sricb\OneDrive\Desktop\AI dementia dection\AI-Powered-Multimodal-Dementia-System\data\audio\features\mfcc\train\Thomas Dorsey\thomasdorsey_0_chunk_002.npy,40,313,False
train,Thomas Dorsey,dementia,dementia/Thomas Dorsey/thomasdorsey_0.wav,thomasdorsey_0,3,C:\Users\sricb\OneDrive\Desktop\AI dementia dection\AI-Powered-Multimodal-Dementia-System\data\audio\features\mfcc\train\Thomas Dorsey\thomasdorsey_0_chunk_003.npy,40,313,True
train,Thomas Dorsey,dementia,dementia/Thomas Dorsey/thomasdorsey_0.wav,thomasdorsey_0,4,C:\Users\sricb\OneDrive\Desktop\AI dementia dection\AI-Powered-Multimodal-Dementia-System\data\audio\features\mfcc\train\Thomas Dorsey\thomasdorsey_0_chunk_004.npy,40,313,True
train,Tony Bennett,dementia,dementia/Tony Bennett/TonyBennett_0.wav,TonyBennett_0,1,C:\Users\sricb\OneDrive\Desktop\AI dementia dection\AI-Powered-Multimodal-Dementia-System\data\audio\features\mfcc\train\Tony Bennett\TonyBennett_0_chunk_001.npy,40,313,False
train,Tony Bennett,dementia,dementia/Tony Bennett/TonyBennett_0.wav,TonyBennett_0,2,C:\Users\sricb\OneDrive\Desktop\AI dementia dection\AI-Powered-Multimodal-Dementia-System\data\audio\features\mfcc\train\Tony Bennett\TonyBennett_0_chunk_002.npy,40,313,False
train,Tony Bennett,dementia,dementia/Tony Bennett/TonyBennett_0.wav,TonyBennett_0,3,C:\Users\sricb\OneDrive\Desktop\AI dementia dection\AI-Powered-Multimodal-Dementia-System\data\audio\features\mfcc\train\Tony Bennett\TonyBennett_0_chunk_003.npy,40,313,False
train,Tony Bennett,dementia,dementia/Tony Bennett/TonyBennett_0.wav,TonyBennett_0,4,C:\Users\sricb\OneDrive\Desktop\AI dementia dection\AI-Powered-Multimodal-Dementia-System\data\audio\features\mfcc\train\Tony Bennett\TonyBennett_0_chunk_004.npy,40,313,False
train,Tony Bennett,dementia,dementia/Tony Bennett/TonyBennett_0.wav,TonyBennett_0,5,C:\Users\sricb\OneDrive\Desktop\AI dementia dection\AI-Powered-Multimodal-Dementia-System\data\audio\features\mfcc\train\Tony Bennett\TonyBennett_0_chunk_005.npy,40,313,True
train,Tony Bennett,dementia,dementia/Tony Bennett/TonyBennett_0.wav,TonyBennett_0,6,C:\Users\sricb\OneDrive\Desktop\AI dementia dection\AI-Powered-Multimodal-Dementia-System\data\audio\features\mfcc\train\Tony Bennett\TonyBennett_0_chunk_006.npy,40,313,True
train,Tony Bennett,dementia,dementia/Tony Bennett/TonyBennett_15.wav,TonyBennett_15,1,C:\Users\sricb\OneDrive\Desktop\AI dementia dection\AI-Powered-Multimodal-Dementia-System\data\audio\features\mfcc\train\Tony Bennett\TonyBennett_15_chunk_001.npy,40,313,False
train,Tony Bennett,dementia,dementia/Tony Bennett/TonyBennett_15.wav,TonyBennett_15,2,C:\Users\sricb\OneDrive\Desktop\AI dementia dection\AI-Powered-Multimodal-Dementia-System\data\audio\features\mfcc\train\Tony Bennett\TonyBennett_15_chunk_002.npy,40,313,False
train,Tony Bennett,dementia,dementia/Tony Bennett/TonyBennett_15.wav,TonyBennett_15,3,C:\Users\sricb\OneDrive\Desktop\AI dementia dection\AI-Powered-Multimodal-Dementia-System\data\audio\features\mfcc\train\Tony Bennett\TonyBennett_15_chunk_003.npy,40,313,False
train,Tony Bennett,dementia,dementia/Tony Bennett/TonyBennett_15.wav,TonyBennett_15,4,C:\Users\sricb\OneDrive\Desktop\AI dementia dection\AI-Powered-Multimodal-Dementia-System\data\audio\features\mfcc\train\Tony Bennett\TonyBennett_15_chunk_004.npy,40,313,False
train,Tony Bennett,dementia,dementia/Tony Bennett/TonyBennett_15.wav,TonyBennett_15,5,C:\Users\sricb\OneDrive\Desktop\AI dementia dection\AI-Powered-Multimodal-Dementia-System\data\audio\features\mfcc\train\Tony Bennett\TonyBennett_15_chunk_005.npy,40,313,False
train,Tony Bennett,dementia,dementia/Tony Bennett/TonyBennett_15.wav,TonyBennett_15,6,C:\Users\sricb\OneDrive\Desktop\AI dementia dection\AI-Powered-Multimodal-Dementia-System\data\audio\features\mfcc\train\Tony Bennett\TonyBennett_15_chunk_006.npy,40,313,False
train,Tony Bennett,dementia,dementia/Tony Bennett/TonyBennett_15.wav,TonyBennett_15,7,C:\Users\sricb\OneDrive\Desktop\AI dementia dection\AI-Powered-Multimodal-Dementia-System\data\audio\features\mfcc\train\Tony Bennett\TonyBennett_15_chunk_007.npy,40,313,False
train,Tony Bennett,dementia,dementia/Tony Bennett/TonyBennett_15.wav,TonyBennett_15,8,C:\Users\sricb\OneDrive\Desktop\AI dementia dection\AI-Powered-Multimodal-Dementia-System\data\audio\features\mfcc\train\Tony Bennett\TonyBennett_15_chunk_008.npy,40,313,False
train,Tony Bennett,dementia,dementia/Tony Bennett/TonyBennett_15.wav,TonyBennett_15,9,C:\Users\sricb\OneDrive\Desktop\AI dementia dection\AI-Powered-Multimodal-Dementia-System\data\audio\features\mfcc\train\Tony Bennett\TonyBennett_15_chunk_009.npy,40,313,False
train,Tony Bennett,dementia,dementia/Tony Bennett/TonyBennett_15.wav,TonyBennett_15,10,C:\Users\sricb\OneDrive\Desktop\AI dementia dection\AI-Powered-Multimodal-Dementia-System\data\audio\features\mfcc\train\Tony Bennett\TonyBennett_15_chunk_010.npy,40,313,False
train,Tony Bennett,dementia,dementia/Tony Bennett/TonyBennett_15.wav,TonyBennett_15,11,C:\Users\sricb\OneDrive\Desktop\AI dementia dection\AI-Powered-Multimodal-Dementia-System\data\audio\features\mfcc\train\Tony Bennett\TonyBennett_15_chunk_011.npy,40,313,False
train,Tony Bennett,dementia,dementia/Tony Bennett/TonyBennett_15.wav,TonyBennett_15,12,C:\Users\sricb\OneDrive\Desktop\AI dementia dection\AI-Powered-Multimodal-Dementia-System\data\audio\features\mfcc\train\Tony Bennett\TonyBennett_15_chunk_012.npy,40,313,False
train,Tony Bennett,dementia,dementia/Tony Bennett/TonyBennett_15.wav,TonyBennett_15,13,C:\Users\sricb\OneDrive\Desktop\AI dementia dection\AI-Powered-Multimodal-Dementia-System\data\audio\features\mfcc\train\Tony Bennett\TonyBennett_15_chunk_013.npy,40,313,False
train,Tony Bennett,dementia,dementia/Tony Bennett/TonyBennett_15.wav,TonyBennett_15,14,C:\Users\sricb\OneDrive\Desktop\AI dementia dection\AI-Powered-Multimodal-Dementia-System\data\audio\features\mfcc\train\Tony Bennett\TonyBennett_15_chunk_014.npy,40,313,False
train,Tony Bennett,dementia,dementia/Tony Bennett/TonyBennett_15.wav,TonyBennett_15,15,C:\Users\sricb\OneDrive\Desktop\AI dementia dection\AI-Powered-Multimodal-Dementia-System\data\audio\features\mfcc\train\Tony Bennett\TonyBennett_15_chunk_015.npy,40,313,False
train,Tony Bennett,dementia,dementia/Tony Bennett/TonyBennett_15.wav,TonyBennett_15,16,C:\Users\sricb\OneDrive\Desktop\AI dementia dection\AI-Powered-Multimodal-Dementia-System\data\audio\features\mfcc\train\Tony Bennett\TonyBennett_15_chunk_016.npy,40,313,False
train,Tony Bennett,dementia,dementia/Tony Bennett/TonyBennett_15.wav,TonyBennett_15,17,C:\Users\sricb\OneDrive\Desktop\AI dementia dection\AI-Powered-Multimodal-Dementia-System\data\audio\features\mfcc\train\Tony Bennett\TonyBennett_15_chunk_017.npy,40,313,True
train,Tony Bennett,dementia,dementia/Tony Bennett/TonyBennett_15.wav,TonyBennett_15,18,C:\Users\sricb\OneDrive\Desktop\AI dementia dection\AI-Powered-Multimodal-Dementia-System\data\audio\features\mfcc\train\Tony Bennett\TonyBennett_15_chunk_018.npy,40,313,True
train,Tony Parkes,dementia,dementia/Tony Parkes/TonyParkes_10.wav,TonyParkes_10,1,C:\Users\sricb\OneDrive\Desktop\AI dementia dection\AI-Powered-Multimodal-Dementia-System\data\audio\features\mfcc\train\Tony Parkes\TonyParkes_10_chunk_001.npy,40,313,False
train,Tony Parkes,dementia,dementia/Tony Parkes/TonyParkes_10.wav,TonyParkes_10,2,C:\Users\sricb\OneDrive\Desktop\AI dementia dection\AI-Powered-Multimodal-Dementia-System\data\audio\features\mfcc\train\Tony Parkes\TonyParkes_10_chunk_002.npy,40,313,False
train,Tony Parkes,dementia,dementia/Tony Parkes/TonyParkes_10.wav,TonyParkes_10,3,C:\Users\sricb\OneDrive\Desktop\AI dementia dection\AI-Powered-Multimodal-Dementia-System\data\audio\features\mfcc\train\Tony Parkes\TonyParkes_10_chunk_003.npy,40,313,False
train,Tony Parkes,dementia,dementia/Tony Parkes/TonyParkes_10.wav,TonyParkes_10,4,C:\Users\sricb\OneDrive\Desktop\AI dementia dection\AI-Powered-Multimodal-Dementia-System\data\audio\features\mfcc\train\Tony Parkes\TonyParkes_10_chunk_004.npy,40,313,False
train,Tony Parkes,dementia,dementia/Tony Parkes/TonyParkes_10.wav,TonyParkes_10,5,C:\Users\sricb\OneDrive\Desktop\AI dementia dection\AI-Powered-Multimodal-Dementia-System\data\audio\features\mfcc\train\Tony Parkes\TonyParkes_10_chunk_005.npy,40,313,False
train,Tony Parkes,dementia,dementia/Tony Parkes/TonyParkes_10.wav,TonyParkes_10,6,C:\Users\sricb\OneDrive\Desktop\AI dementia dection\AI-Powered-Multimodal-Dementia-System\data\audio\features\mfcc\train\Tony Parkes\TonyParkes_10_chunk_006.npy,40,313,False
train,Tony Parkes,dementia,dementia/Tony Parkes/TonyParkes_10.wav,TonyParkes_10,7,C:\Users\sricb\OneDrive\Desktop\AI dementia dection\AI-Powered-Multimodal-Dementia-System\data\audio\features\mfcc\train\Tony Parkes\TonyParkes_10_chunk_007.npy,40,313,False
train,Tony Parkes,dementia,dementia/Tony Parkes/TonyParkes_10.wav,TonyParkes_10,8,C:\Users\sricb\OneDrive\Desktop\AI dementia dection\AI-Powered-Multimodal-Dementia-System\data\audio\features\mfcc\train\Tony Parkes\TonyParkes_10_chunk_008.npy,40,313,False
train,Tony Parkes,dementia,dementia/Tony Parkes/TonyParkes_10.wav,TonyParkes_10,9,C:\Users\sricb\OneDrive\Desktop\AI dementia dection\AI-Powered-Multimodal-Dementia-System\data\audio\features\mfcc\train\Tony Parkes\TonyParkes_10_chunk_009.npy,40,313,True
train,Tony Parkes,dementia,dementia/Tony Parkes/TonyParkes_10.wav,TonyParkes_10,10,C:\Users\sricb\OneDrive\Desktop\AI dementia dection\AI-Powered-Multimodal-Dementia-System\data\audio\features\mfcc\train\Tony Parkes\TonyParkes_10_chunk_010.npy,40,313,True
train,Tony Parkes,dementia,dementia/Tony Parkes/TonyParkes_5.wav,TonyParkes_5,1,C:\Users\sricb\OneDrive\Desktop\AI dementia dection\AI-Powered-Multimodal-Dementia-System\data\audio\features\mfcc\train\Tony Parkes\TonyParkes_5_chunk_001.npy,40,313,False
train,Tony Parkes,dementia,dementia/Tony Parkes/TonyParkes_5.wav,TonyParkes_5,2,C:\Users\sricb\OneDrive\Desktop\AI dementia dection\AI-Powered-Multimodal-Dementia-System\data\audio\features\mfcc\train\Tony Parkes\TonyParkes_5_chunk_002.npy,40,313,False
train,Tony Parkes,dementia,dementia/Tony Parkes/TonyParkes_5.wav,TonyParkes_5,3,C:\Users\sricb\OneDrive\Desktop\AI dementia dection\AI-Powered-Multimodal-Dementia-System\data\audio\features\mfcc\train\Tony Parkes\TonyParkes_5_chunk_003.npy,40,313,False
train,Tony Parkes,dementia,dementia/Tony Parkes/TonyParkes_5.wav,TonyParkes_5,4,C:\Users\sricb\OneDrive\Desktop\AI dementia dection\AI-Powered-Multimodal-Dementia-System\data\audio\features\mfcc\train\Tony Parkes\TonyParkes_5_chunk_004.npy,40,313,False
train,Tony Parkes,dementia,dementia/Tony Parkes/TonyParkes_5.wav,TonyParkes_5,5,C:\Users\sricb\OneDrive\Desktop\AI dementia dection\AI-Powered-Multimodal-Dementia-System\data\audio\features\mfcc\train\Tony Parkes\TonyParkes_5_chunk_005.npy,40,313,False
train,Tony Parkes,dementia,dementia/Tony Parkes/TonyParkes_5.wav,TonyParkes_5,6,C:\Users\sricb\OneDrive\Desktop\AI dementia dection\AI-Powered-Multimodal-Dementia-System\data\audio\features\mfcc\train\Tony Parkes\TonyParkes_5_chunk_006.npy,40,313,True
train,Tony Parkes,dementia,dementia/Tony Parkes/TonyParkes_5.wav,TonyParkes_5,7,C:\Users\sricb\OneDrive\Desktop\AI dementia dection\AI-Powered-Multimodal-Dementia-System\data\audio\features\mfcc\train\Tony Parkes\TonyParkes_5_chunk_007.npy,40,313,True
train,Trevor Peacock,dementia,dementia/Trevor Peacock/TrevorPeacock_5.wav,TrevorPeacock_5,1,C:\Users\sricb\OneDrive\Desktop\AI dementia dection\AI-Powered-Multimodal-Dementia-System\data\audio\features\mfcc\train\Trevor Peacock\TrevorPeacock_5_chunk_001.npy,40,313,False
train,Trevor Peacock,dementia,dementia/Trevor Peacock/TrevorPeacock_5.wav,TrevorPeacock_5,2,C:\Users\sricb\OneDrive\Desktop\AI dementia dection\AI-Powered-Multimodal-Dementia-System\data\audio\features\mfcc\train\Trevor Peacock\TrevorPeacock_5_chunk_002.npy,40,313,False
train,Trevor Peacock,dementia,dementia/Trevor Peacock/TrevorPeacock_5.wav,TrevorPeacock_5,3,C:\Users\sricb\OneDrive\Desktop\AI dementia dection\AI-Powered-Multimodal-Dementia-System\data\audio\features\mfcc\train\Trevor Peacock\TrevorPeacock_5_chunk_003.npy,40,313,False
train,Trevor Peacock,dementia,dementia/Trevor Peacock/TrevorPeacock_5.wav,TrevorPeacock_5,4,C:\Users\sricb\OneDrive\Desktop\AI dementia dection\AI-Powered-Multimodal-Dementia-System\data\audio\features\mfcc\train\Trevor Peacock\TrevorPeacock_5_chunk_004.npy,40,313,False
train,Trevor Peacock,dementia,dementia/Trevor Peacock/TrevorPeacock_5.wav,TrevorPeacock_5,5,C:\Users\sricb\OneDrive\Desktop\AI dementia dection\AI-Powered-Multimodal-Dementia-System\data\audio\features\mfcc\train\Trevor Peacock\TrevorPeacock_5_chunk_005.npy,40,313,False
train,Trevor Peacock,dementia,dementia/Trevor Peacock/TrevorPeacock_5.wav,TrevorPeacock_5,6,C:\Users\sricb\OneDrive\Desktop\AI dementia dection\AI-Powered-Multimodal-Dementia-System\data\audio\features\mfcc\train\Trevor Peacock\TrevorPeacock_5_chunk_006.npy,40,313,True
train,Trevor Peacock,dementia,dementia/Trevor Peacock/TrevorPeacock_5.wav,TrevorPeacock_5,7,C:\Users\sricb\OneDrive\Desktop\AI dementia dection\AI-Powered-Multimodal-Dementia-System\data\audio\features\mfcc\train\Trevor Peacock\TrevorPeacock_5_chunk_007.npy,40,313,True
train,Unita Blackwell,dementia,dementia/Unita Blackwell/UnitaBlackwell_15.wav,UnitaBlackwell_15,1,C:\Users\sricb\OneDrive\Desktop\AI dementia dection\AI-Powered-Multimodal-Dementia-System\data\audio\features\mfcc\train\Unita Blackwell\UnitaBlackwell_15_chunk_001.npy,40,313,False
train,Unita Blackwell,dementia,dementia/Unita Blackwell/UnitaBlackwell_15.wav,UnitaBlackwell_15,2,C:\Users\sricb\OneDrive\Desktop\AI dementia dection\AI-Powered-Multimodal-Dementia-System\data\audio\features\mfcc\train\Unita Blackwell\UnitaBlackwell_15_chunk_002.npy,40,313,False
train,Unita Blackwell,dementia,dementia/Unita Blackwell/UnitaBlackwell_15.wav,UnitaBlackwell_15,3,C:\Users\sricb\OneDrive\Desktop\AI dementia dection\AI-Powered-Multimodal-Dementia-System\data\audio\features\mfcc\train\Unita Blackwell\UnitaBlackwell_15_chunk_003.npy,40,313,False
train,Unita Blackwell,dementia,dementia/Unita Blackwell/UnitaBlackwell_15.wav,UnitaBlackwell_15,4,C:\Users\sricb\OneDrive\Desktop\AI dementia dection\AI-Powered-Multimodal-Dementia-System\data\audio\features\mfcc\train\Unita Blackwell\UnitaBlackwell_15_chunk_004.npy,40,313,False
train,Unita Blackwell,dementia,dementia/Unita Blackwell/UnitaBlackwell_15.wav,UnitaBlackwell_15,5,C:\Users\sricb\OneDrive\Desktop\AI dementia dection\AI-Powered-Multimodal-Dementia-System\data\audio\features\mfcc\train\Unita Blackwell\UnitaBlackwell_15_chunk_005.npy,40,313,False
train,Unita Blackwell,dementia,dementia/Unita Blackwell/UnitaBlackwell_15.wav,UnitaBlackwell_15,6,C:\Users\sricb\OneDrive\Desktop\AI dementia dection\AI-Powered-Multimodal-Dementia-System\data\audio\features\mfcc\train\Unita Blackwell\UnitaBlackwell_15_chunk_006.npy,40,313,False
train,Unita Blackwell,dementia,dementia/Unita Blackwell/UnitaBlackwell_15.wav,UnitaBlackwell_15,7,C:\Users\sricb\OneDrive\Desktop\AI dementia dection\AI-Powered-Multimodal-Dementia-System\data\audio\features\mfcc\train\Unita Blackwell\UnitaBlackwell_15_chunk_007.npy,40,313,False
train,Unita Blackwell,dementia,dementia/Unita Blackwell/UnitaBlackwell_15.wav,UnitaBlackwell_15,8,C:\Users\sricb\OneDrive\Desktop\AI dementia dection\AI-Powered-Multimodal-Dementia-System\data\audio\features\mfcc\train\Unita Blackwell\UnitaBlackwell_15_chunk_008.npy,40,313,False
train,Unita Blackwell,dementia,dementia/Unita Blackwell/UnitaBlackwell_15.wav,UnitaBlackwell_15,9,C:\Users\sricb\OneDrive\Desktop\AI dementia dection\AI-Powered-Multimodal-Dementia-System\data\audio\features\mfcc\train\Unita Blackwell\UnitaBlackwell_15_chunk_009.npy,40,313,False
train,Unita Blackwell,dementia,dementia/Unita Blackwell/UnitaBlackwell_15.wav,UnitaBlackwell_15,10,C:\Users\sricb\OneDrive\Desktop\AI dementia dection\AI-Powered-Multimodal-Dementia-System\data\audio\features\mfcc\train\Unita Blackwell\UnitaBlackwell_15_chunk_010.npy,40,313,False
train,Unita Blackwell,dementia,dementia/Unita Blackwell/UnitaBlackwell_15.wav,UnitaBlackwell_15,11,C:\Users\sricb\OneDrive\Desktop\AI dementia dection\AI-Powered-Multimodal-Dementia-System\data\audio\features\mfcc\train\Unita Blackwell\UnitaBlackwell_15_chunk_011.npy,40,313,False
train,Unita Blackwell,dementia,dementia/Unita Blackwell/UnitaBlackwell_15.wav,UnitaBlackwell_15,12,C:\Users\sricb\OneDrive\Desktop\AI dementia dection\AI-Powered-Multimodal-Dementia-System\data\audio\features\mfcc\train\Unita Blackwell\UnitaBlackwell_15_chunk_012.npy,40,313,False
train,Unita Blackwell,dementia,dementia/Unita Blackwell/UnitaBlackwell_15.wav,UnitaBlackwell_15,13,C:\Users\sricb\OneDrive\Desktop\AI dementia dection\AI-Powered-Multimodal-Dementia-System\data\audio\features\mfcc\train\Unita Blackwell\UnitaBlackwell_15_chunk_013.npy,40,313,False
train,Unita Blackwell,dementia,dementia/Unita Blackwell/UnitaBlackwell_15.wav,UnitaBlackwell_15,14,C:\Users\sricb\OneDrive\Desktop\AI dementia dection\AI-Powered-Multimodal-Dementia-System\data\audio\features\mfcc\train\Unita Blackwell\UnitaBlackwell_15_chunk_014.npy,40,313,False
train,Unita Blackwell,dementia,dementia/Unita Blackwell/UnitaBlackwell_15.wav,UnitaBlackwell_15,15,C:\Users\sricb\OneDrive\Desktop\AI dementia dection\AI-Powered-Multimodal-Dementia-System\data\audio\features\mfcc\train\Unita Blackwell\UnitaBlackwell_15_chunk_015.npy,40,313,False
train,Unita Blackwell,dementia,dementia/Unita Blackwell/UnitaBlackwell_15.wav,UnitaBlackwell_15,16,C:\Users\sricb\OneDrive\Desktop\AI dementia dection\AI-Powered-Multimodal-Dementia-System\data\audio\features\mfcc\train\Unita Blackwell\UnitaBlackwell_15_chunk_016.npy,40,313,False
train,Unita Blackwell,dementia,dementia/Unita Blackwell/UnitaBlackwell_15.wav,UnitaBlackwell_15,17,C:\Users\sricb\OneDrive\Desktop\AI dementia dection\AI-Powered-Multimodal-Dementia-System\data\audio\features\mfcc\train\Unita Blackwell\UnitaBlackwell_15_chunk_017.npy,40,313,False
train,Unita Blackwell,dementia,dementia/Unita Blackwell/UnitaBlackwell_15.wav,UnitaBlackwell_15,18,C:\Users\sricb\OneDrive\Desktop\AI dementia dection\AI-Powered-Multimodal-Dementia-System\data\audio\features\mfcc\train\Unita Blackwell\UnitaBlackwell_15_chunk_018.npy,40,313,True
train,Unita Blackwell,dementia,dementia/Unita Blackwell/UnitaBlackwell_15.wav,UnitaBlackwell_15,19,C:\Users\sricb\OneDrive\Desktop\AI dementia dection\AI-Powered-Multimodal-Dementia-System\data\audio\features\mfcc\train\Unita Blackwell\UnitaBlackwell_15_chunk_019.npy,40,313,True
train,Vampiro,dementia,dementia/Vampiro/Vampiro_0.wav,Vampiro_0,1,C:\Users\sricb\OneDrive\Desktop\AI dementia dection\AI-Powered-Multimodal-Dementia-System\data\audio\features\mfcc\train\Vampiro\Vampiro_0_chunk_001.npy,40,313,False
train,Vampiro,dementia,dementia/Vampiro/Vampiro_0.wav,Vampiro_0,2,C:\Users\sricb\OneDrive\Desktop\AI dementia dection\AI-Powered-Multimodal-Dementia-System\data\audio\features\mfcc\train\Vampiro\Vampiro_0_chunk_002.npy,40,313,False
train,Vampiro,dementia,dementia/Vampiro/Vampiro_0.wav,Vampiro_0,3,C:\Users\sricb\OneDrive\Desktop\AI dementia dection\AI-Powered-Multimodal-Dementia-System\data\audio\features\mfcc\train\Vampiro\Vampiro_0_chunk_003.npy,40,313,False
train,Vampiro,dementia,dementia/Vampiro/Vampiro_0.wav,Vampiro_0,4,C:\Users\sricb\OneDrive\Desktop\AI dementia dection\AI-Powered-Multimodal-Dementia-System\data\audio\features\mfcc\train\Vampiro\Vampiro_0_chunk_004.npy,40,313,False
train,Vampiro,dementia,dementia/Vampiro/Vampiro_0.wav,Vampiro_0,5,C:\Users\sricb\OneDrive\Desktop\AI dementia dection\AI-Powered-Multimodal-Dementia-System\data\audio\features\mfcc\train\Vampiro\Vampiro_0_chunk_005.npy,40,313,False
train,Vampiro,dementia,dementia/Vampiro/Vampiro_0.wav,Vampiro_0,6,C:\Users\sricb\OneDrive\Desktop\AI dementia dection\AI-Powered-Multimodal-Dementia-System\data\audio\features\mfcc\train\Vampiro\Vampiro_0_chunk_006.npy,40,313,False
train,Vampiro,dementia,dementia/Vampiro/Vampiro_0.wav,Vampiro_0,7,C:\Users\sricb\OneDrive\Desktop\AI dementia dection\AI-Powered-Multimodal-Dementia-System\data\audio\features\mfcc\train\Vampiro\Vampiro_0_chunk_007.npy,40,313,False
train,Vampiro,dementia,dementia/Vampiro/Vampiro_0.wav,Vampiro_0,8,C:\Users\sricb\OneDrive\Desktop\AI dementia dection\AI-Powered-Multimodal-Dementia-System\data\audio\features\mfcc\train\Vampiro\Vampiro_0_chunk_008.npy,40,313,False
train,Vampiro,dementia,dementia/Vampiro/Vampiro_0.wav,Vampiro_0,9,C:\Users\sricb\OneDrive\Desktop\AI dementia dection\AI-Powered-Multimodal-Dementia-System\data\audio\features\mfcc\train\Vampiro\Vampiro_0_chunk_009.npy,40,313,False
train,Vampiro,dementia,dementia/Vampiro/Vampiro_0.wav,Vampiro_0,10,C:\Users\sricb\OneDrive\Desktop\AI dementia dection\AI-Powered-Multimodal-Dementia-System\data\audio\features\mfcc\train\Vampiro\Vampiro_0_chunk_010.npy,40,313,False
train,Vampiro,dementia,dementia/Vampiro/Vampiro_0.wav,Vampiro_0,11,C:\Users\sricb\OneDrive\Desktop\AI dementia dection\AI-Powered-Multimodal-Dementia-System\data\audio\features\mfcc\train\Vampiro\Vampiro_0_chunk_011.npy,40,313,False
train,Vampiro,dementia,dementia/Vampiro/Vampiro_0.wav,Vampiro_0,12,C:\Users\sricb\OneDrive\Desktop\AI dementia dection\AI-Powered-Multimodal-Dementia-System\data\audio\features\mfcc\train\Vampiro\Vampiro_0_chunk_012.npy,40,313,False
train,Vampiro,dementia,dementia/Vampiro/Vampiro_0.wav,Vampiro_0,13,C:\Users\sricb\OneDrive\Desktop\AI dementia dection\AI-Powered-Multimodal-Dementia-System\data\audio\features\mfcc\train\Vampiro\Vampiro_0_chunk_013.npy,40,313,False
train,Vampiro,dementia,dementia/Vampiro/Vampiro_0.wav,Vampiro_0,14,C:\Users\sricb\OneDrive\Desktop\AI dementia dection\AI-Powered-Multimodal-Dementia-System\data\audio\features\mfcc\train\Vampiro\Vampiro_0_chunk_014.npy,40,313,False
train,Vampiro,dementia,dementia/Vampiro/Vampiro_0.wav,Vampiro_0,15,C:\Users\sricb\OneDrive\Desktop\AI dementia dection\AI-Powered-Multimodal-Dementia-System\data\audio\features\mfcc\train\Vampiro\Vampiro_0_chunk_015.npy,40,313,False
train,Vampiro,dementia,dementia/Vampiro/Vampiro_0.wav,Vampiro_0,16,C:\Users\sricb\OneDrive\Desktop\AI dementia dection\AI-Powered-Multimodal-Dementia-System\data\audio\features\mfcc\train\Vampiro\Vampiro_0_chunk_016.npy,40,313,False
train,Vampiro,dementia,dementia/Vampiro/Vampiro_0.wav,Vampiro_0,17,C:\Users\sricb\OneDrive\Desktop\AI dementia dection\AI-Powered-Multimodal-Dementia-System\data\audio\features\mfcc\train\Vampiro\Vampiro_0_chunk_017.npy,40,313,False
train,Vampiro,dementia,dementia/Vampiro/Vampiro_0.wav,Vampiro_0,18,C:\Users\sricb\OneDrive\Desktop\AI dementia dection\AI-Powered-Multimodal-Dementia-System\data\audio\features\mfcc\train\Vampiro\Vampiro_0_chunk_018.npy,40,313,False
train,Vampiro,dementia,dementia/Vampiro/Vampiro_0.wav,Vampiro_0,19,C:\Users\sricb\OneDrive\Desktop\AI dementia dection\AI-Powered-Multimodal-Dementia-System\data\audio\features\mfcc\train\Vampiro\Vampiro_0_chunk_019.npy,40,313,False
train,Vampiro,dementia,dementia/Vampiro/Vampiro_0.wav,Vampiro_0,20,C:\Users\sricb\OneDrive\Desktop\AI dementia dection\AI-Powered-Multimodal-Dementia-System\data\audio\features\mfcc\train\Vampiro\Vampiro_0_chunk_020.npy,40,313,True
train,Vampiro,dementia,dementia/Vampiro/Vampiro_0.wav,Vampiro_0,21,C:\Users\sricb\OneDrive\Desktop\AI dementia dection\AI-Powered-Multimodal-Dementia-System\data\audio\features\mfcc\train\Vampiro\Vampiro_0_chunk_021.npy,40,313,True
train,Vampiro,dementia,dementia/Vampiro/Vampiro_5.wav,Vampiro_5,1,C:\Users\sricb\OneDrive\Desktop\AI dementia dection\AI-Powered-Multimodal-Dementia-System\data\audio\features\mfcc\train\Vampiro\Vampiro_5_chunk_001.npy,40,313,False
train,Vampiro,dementia,dementia/Vampiro/Vampiro_5.wav,Vampiro_5,2,C:\Users\sricb\OneDrive\Desktop\AI dementia dection\AI-Powered-Multimodal-Dementia-System\data\audio\features\mfcc\train\Vampiro\Vampiro_5_chunk_002.npy,40,313,False
train,Vampiro,dementia,dementia/Vampiro/Vampiro_5.wav,Vampiro_5,3,C:\Users\sricb\OneDrive\Desktop\AI dementia dection\AI-Powered-Multimodal-Dementia-System\data\audio\features\mfcc\train\Vampiro\Vampiro_5_chunk_003.npy,40,313,False
train,Vampiro,dementia,dementia/Vampiro/Vampiro_5.wav,Vampiro_5,4,C:\Users\sricb\OneDrive\Desktop\AI dementia dection\AI-Powered-Multimodal-Dementia-System\data\audio\features\mfcc\train\Vampiro\Vampiro_5_chunk_004.npy,40,313,False
train,Vampiro,dementia,dementia/Vampiro/Vampiro_5.wav,Vampiro_5,5,C:\Users\sricb\OneDrive\Desktop\AI dementia dection\AI-Powered-Multimodal-Dementia-System\data\audio\features\mfcc\train\Vampiro\Vampiro_5_chunk_005.npy,40,313,False
train,Vampiro,dementia,dementia/Vampiro/Vampiro_5.wav,Vampiro_5,6,C:\Users\sricb\OneDrive\Desktop\AI dementia dection\AI-Powered-Multimodal-Dementia-System\data\audio\features\mfcc\train\Vampiro\Vampiro_5_chunk_006.npy,40,313,False
train,Vampiro,dementia,dementia/Vampiro/Vampiro_5.wav,Vampiro_5,7,C:\Users\sricb\OneDrive\Desktop\AI dementia dection\AI-Powered-Multimodal-Dementia-System\data\audio\features\mfcc\train\Vampiro\Vampiro_5_chunk_007.npy,40,313,True
train,Vampiro,dementia,dementia/Vampiro/Vampiro_5.wav,Vampiro_5,8,C:\Users\sricb\OneDrive\Desktop\AI dementia dection\AI-Powered-Multimodal-Dementia-System\data\audio\features\mfcc\train\Vampiro\Vampiro_5_chunk_008.npy,40,313,True
train,Viv Nicholson,dementia,dementia/Viv Nicholson/vivnicholson_5.wav,vivnicholson_5,1,C:\Users\sricb\OneDrive\Desktop\AI dementia dection\AI-Powered-Multimodal-Dementia-System\data\audio\features\mfcc\train\Viv Nicholson\vivnicholson_5_chunk_001.npy,40,313,False
train,Viv Nicholson,dementia,dementia/Viv Nicholson/vivnicholson_5.wav,vivnicholson_5,2,C:\Users\sricb\OneDrive\Desktop\AI dementia dection\AI-Powered-Multimodal-Dementia-System\data\audio\features\mfcc\train\Viv Nicholson\vivnicholson_5_chunk_002.npy,40,313,False
train,Viv Nicholson,dementia,dementia/Viv Nicholson/vivnicholson_5.wav,vivnicholson_5,3,C:\Users\sricb\OneDrive\Desktop\AI dementia dection\AI-Powered-Multimodal-Dementia-System\data\audio\features\mfcc\train\Viv Nicholson\vivnicholson_5_chunk_003.npy,40,313,False
train,Viv Nicholson,dementia,dementia/Viv Nicholson/vivnicholson_5.wav,vivnicholson_5,4,C:\Users\sricb\OneDrive\Desktop\AI dementia dection\AI-Powered-Multimodal-Dementia-System\data\audio\features\mfcc\train\Viv Nicholson\vivnicholson_5_chunk_004.npy,40,313,False
train,Viv Nicholson,dementia,dementia/Viv Nicholson/vivnicholson_5.wav,vivnicholson_5,5,C:\Users\sricb\OneDrive\Desktop\AI dementia dection\AI-Powered-Multimodal-Dementia-System\data\audio\features\mfcc\train\Viv Nicholson\vivnicholson_5_chunk_005.npy,40,313,False
train,Viv Nicholson,dementia,dementia/Viv Nicholson/vivnicholson_5.wav,vivnicholson_5,6,C:\Users\sricb\OneDrive\Desktop\AI dementia dection\AI-Powered-Multimodal-Dementia-System\data\audio\features\mfcc\train\Viv Nicholson\vivnicholson_5_chunk_006.npy,40,313,False
train,Viv Nicholson,dementia,dementia/Viv Nicholson/vivnicholson_5.wav,vivnicholson_5,7,C:\Users\sricb\OneDrive\Desktop\AI dementia dection\AI-Powered-Multimodal-Dementia-System\data\audio\features\mfcc\train\Viv Nicholson\vivnicholson_5_chunk_007.npy,40,313,False
train,Viv Nicholson,dementia,dementia/Viv Nicholson/vivnicholson_5.wav,vivnicholson_5,8,C:\Users\sricb\OneDrive\Desktop\AI dementia dection\AI-Powered-Multimodal-Dementia-System\data\audio\features\mfcc\train\Viv Nicholson\vivnicholson_5_chunk_008.npy,40,313,False
train,Viv Nicholson,dementia,dementia/Viv Nicholson/vivnicholson_5.wav,vivnicholson_5,9,C:\Users\sricb\OneDrive\Desktop\AI dementia dection\AI-Powered-Multimodal-Dementia-System\data\audio\features\mfcc\train\Viv Nicholson\vivnicholson_5_chunk_009.npy,40,313,False
train,Viv Nicholson,dementia,dementia/Viv Nicholson/vivnicholson_5.wav,vivnicholson_5,10,C:\Users\sricb\OneDrive\Desktop\AI dementia dection\AI-Powered-Multimodal-Dementia-System\data\audio\features\mfcc\train\Viv Nicholson\vivnicholson_5_chunk_010.npy,40,313,False
train,Viv Nicholson,dementia,dementia/Viv Nicholson/vivnicholson_5.wav,vivnicholson_5,11,C:\Users\sricb\OneDrive\Desktop\AI dementia dection\AI-Powered-Multimodal-Dementia-System\data\audio\features\mfcc\train\Viv Nicholson\vivnicholson_5_chunk_011.npy,40,313,False
train,Viv Nicholson,dementia,dementia/Viv Nicholson/vivnicholson_5.wav,vivnicholson_5,12,C:\Users\sricb\OneDrive\Desktop\AI dementia dection\AI-Powered-Multimodal-Dementia-System\data\audio\features\mfcc\train\Viv Nicholson\vivnicholson_5_chunk_012.npy,40,313,False
train,Viv Nicholson,dementia,dementia/Viv Nicholson/vivnicholson_5.wav,vivnicholson_5,13,C:\Users\sricb\OneDrive\Desktop\AI dementia dection\AI-Powered-Multimodal-Dementia-System\data\audio\features\mfcc\train\Viv Nicholson\vivnicholson_5_chunk_013.npy,40,313,False
train,Viv Nicholson,dementia,dementia/Viv Nicholson/vivnicholson_5.wav,vivnicholson_5,14,C:\Users\sricb\OneDrive\Desktop\AI dementia dection\AI-Powered-Multimodal-Dementia-System\data\audio\features\mfcc\train\Viv Nicholson\vivnicholson_5_chunk_014.npy,40,313,False
train,Viv Nicholson,dementia,dementia/Viv Nicholson/vivnicholson_5.wav,vivnicholson_5,15,C:\Users\sricb\OneDrive\Desktop\AI dementia dection\AI-Powered-Multimodal-Dementia-System\data\audio\features\mfcc\train\Viv Nicholson\vivnicholson_5_chunk_015.npy,40,313,False
train,Viv Nicholson,dementia,dementia/Viv Nicholson/vivnicholson_5.wav,vivnicholson_5,16,C:\Users\sricb\OneDrive\Desktop\AI dementia dection\AI-Powered-Multimodal-Dementia-System\data\audio\features\mfcc\train\Viv Nicholson\vivnicholson_5_chunk_016.npy,40,313,False
train,Viv Nicholson,dementia,dementia/Viv Nicholson/vivnicholson_5.wav,vivnicholson_5,17,C:\Users\sricb\OneDrive\Desktop\AI dementia dection\AI-Powered-Multimodal-Dementia-System\data\audio\features\mfcc\train\Viv Nicholson\vivnicholson_5_chunk_017.npy,40,313,False
train,Viv Nicholson,dementia,dementia/Viv Nicholson/vivnicholson_5.wav,vivnicholson_5,18,C:\Users\sricb\OneDrive\Desktop\AI dementia dection\AI-Powered-Multimodal-Dementia-System\data\audio\features\mfcc\train\Viv Nicholson\vivnicholson_5_chunk_018.npy,40,313,True
train,Woody Durham,dementia,dementia/Woody Durham/woodydurham_0_2.wav,woodydurham_0_2,1,C:\Users\sricb\OneDrive\Desktop\AI dementia dection\AI-Powered-Multimodal-Dementia-System\data\audio\features\mfcc\train\Woody Durham\woodydurham_0_2_chunk_001.npy,40,313,False
train,Woody Durham,dementia,dementia/Woody Durham/woodydurham_0_2.wav,woodydurham_0_2,2,C:\Users\sricb\OneDrive\Desktop\AI dementia dection\AI-Powered-Multimodal-Dementia-System\data\audio\features\mfcc\train\Woody Durham\woodydurham_0_2_chunk_002.npy,40,313,False
train,Woody Durham,dementia,dementia/Woody Durham/woodydurham_0_2.wav,woodydurham_0_2,3,C:\Users\sricb\OneDrive\Desktop\AI dementia dection\AI-Powered-Multimodal-Dementia-System\data\audio\features\mfcc\train\Woody Durham\woodydurham_0_2_chunk_003.npy,40,313,False
train,Woody Durham,dementia,dementia/Woody Durham/woodydurham_0_2.wav,woodydurham_0_2,4,C:\Users\sricb\OneDrive\Desktop\AI dementia dection\AI-Powered-Multimodal-Dementia-System\data\audio\features\mfcc\train\Woody Durham\woodydurham_0_2_chunk_004.npy,40,313,False
train,Woody Durham,dementia,dementia/Woody Durham/woodydurham_0_2.wav,woodydurham_0_2,5,C:\Users\sricb\OneDrive\Desktop\AI dementia dection\AI-Powered-Multimodal-Dementia-System\data\audio\features\mfcc\train\Woody Durham\woodydurham_0_2_chunk_005.npy,40,313,False
train,Woody Durham,dementia,dementia/Woody Durham/woodydurham_0_2.wav,woodydurham_0_2,6,C:\Users\sricb\OneDrive\Desktop\AI dementia dection\AI-Powered-Multimodal-Dementia-System\data\audio\features\mfcc\train\Woody Durham\woodydurham_0_2_chunk_006.npy,40,313,False
train,Woody Durham,dementia,dementia/Woody Durham/woodydurham_0_2.wav,woodydurham_0_2,7,C:\Users\sricb\OneDrive\Desktop\AI dementia dection\AI-Powered-Multimodal-Dementia-System\data\audio\features\mfcc\train\Woody Durham\woodydurham_0_2_chunk_007.npy,40,313,False
train,Woody Durham,dementia,dementia/Woody Durham/woodydurham_0_2.wav,woodydurham_0_2,8,C:\Users\sricb\OneDrive\Desktop\AI dementia dection\AI-Powered-Multimodal-Dementia-System\data\audio\features\mfcc\train\Woody Durham\woodydurham_0_2_chunk_008.npy,40,313,False
train,Woody Durham,dementia,dementia/Woody Durham/woodydurham_0_2.wav,woodydurham_0_2,9,C:\Users\sricb\OneDrive\Desktop\AI dementia dection\AI-Powered-Multimodal-Dementia-System\data\audio\features\mfcc\train\Woody Durham\woodydurham_0_2_chunk_009.npy,40,313,False
train,Woody Durham,dementia,dementia/Woody Durham/woodydurham_0_2.wav,woodydurham_0_2,10,C:\Users\sricb\OneDrive\Desktop\AI dementia dection\AI-Powered-Multimodal-Dementia-System\data\audio\features\mfcc\train\Woody Durham\woodydurham_0_2_chunk_010.npy,40,313,False
train,Woody Durham,dementia,dementia/Woody Durham/woodydurham_0_2.wav,woodydurham_0_2,11,C:\Users\sricb\OneDrive\Desktop\AI dementia dection\AI-Powered-Multimodal-Dementia-System\data\audio\features\mfcc\train\Woody Durham\woodydurham_0_2_chunk_011.npy,40,313,False
train,Woody Durham,dementia,dementia/Woody Durham/woodydurham_0_2.wav,woodydurham_0_2,12,C:\Users\sricb\OneDrive\Desktop\AI dementia dection\AI-Powered-Multimodal-Dementia-System\data\audio\features\mfcc\train\Woody Durham\woodydurham_0_2_chunk_012.npy,40,313,False
train,Woody Durham,dementia,dementia/Woody Durham/woodydurham_0_2.wav,woodydurham_0_2,13,C:\Users\sricb\OneDrive\Desktop\AI dementia dection\AI-Powered-Multimodal-Dementia-System\data\audio\features\mfcc\train\Woody Durham\woodydurham_0_2_chunk_013.npy,40,313,False
train,Woody Durham,dementia,dementia/Woody Durham/woodydurham_0_2.wav,woodydurham_0_2,14,C:\Users\sricb\OneDrive\Desktop\AI dementia dection\AI-Powered-Multimodal-Dementia-System\data\audio\features\mfcc\train\Woody Durham\woodydurham_0_2_chunk_014.npy,40,313,False
train,Woody Durham,dementia,dementia/Woody Durham/woodydurham_0_2.wav,woodydurham_0_2,15,C:\Users\sricb\OneDrive\Desktop\AI dementia dection\AI-Powered-Multimodal-Dementia-System\data\audio\features\mfcc\train\Woody Durham\woodydurham_0_2_chunk_015.npy,40,313,False
train,Woody Durham,dementia,dementia/Woody Durham/woodydurham_0_2.wav,woodydurham_0_2,16,C:\Users\sricb\OneDrive\Desktop\AI dementia dection\AI-Powered-Multimodal-Dementia-System\data\audio\features\mfcc\train\Woody Durham\woodydurham_0_2_chunk_016.npy,40,313,False
train,Woody Durham,dementia,dementia/Woody Durham/woodydurham_0_2.wav,woodydurham_0_2,17,C:\Users\sricb\OneDrive\Desktop\AI dementia dection\AI-Powered-Multimodal-Dementia-System\data\audio\features\mfcc\train\Woody Durham\woodydurham_0_2_chunk_017.npy,40,313,False
train,Woody Durham,dementia,dementia/Woody Durham/woodydurham_0_2.wav,woodydurham_0_2,18,C:\Users\sricb\OneDrive\Desktop\AI dementia dection\AI-Powered-Multimodal-Dementia-System\data\audio\features\mfcc\train\Woody Durham\woodydurham_0_2_chunk_018.npy,40,313,True
train,Angela Lansbury,nodementia,nodementia/Angela Lansbury/Angela Lansbury_3.wav,Angela Lansbury_3,1,C:\Users\sricb\OneDrive\Desktop\AI dementia dection\AI-Powered-Multimodal-Dementia-System\data\audio\features\mfcc\train\Angela Lansbury\Angela Lansbury_3_chunk_001.npy,40,313,False
train,Angela Lansbury,nodementia,nodementia/Angela Lansbury/Angela Lansbury_3.wav,Angela Lansbury_3,2,C:\Users\sricb\OneDrive\Desktop\AI dementia dection\AI-Powered-Multimodal-Dementia-System\data\audio\features\mfcc\train\Angela Lansbury\Angela Lansbury_3_chunk_002.npy,40,313,False
train,Angela Lansbury,nodementia,nodementia/Angela Lansbury/Angela Lansbury_3.wav,Angela Lansbury_3,3,C:\Users\sricb\OneDrive\Desktop\AI dementia dection\AI-Powered-Multimodal-Dementia-System\data\audio\features\mfcc\train\Angela Lansbury\Angela Lansbury_3_chunk_003.npy,40,313,False
train,Angela Lansbury,nodementia,nodementia/Angela Lansbury/Angela Lansbury_3.wav,Angela Lansbury_3,4,C:\Users\sricb\OneDrive\Desktop\AI dementia dection\AI-Powered-Multimodal-Dementia-System\data\audio\features\mfcc\train\Angela Lansbury\Angela Lansbury_3_chunk_004.npy,40,313,False
train,Angela Lansbury,nodementia,nodementia/Angela Lansbury/Angela Lansbury_3.wav,Angela Lansbury_3,5,C:\Users\sricb\OneDrive\Desktop\AI dementia dection\AI-Powered-Multimodal-Dementia-System\data\audio\features\mfcc\train\Angela Lansbury\Angela Lansbury_3_chunk_005.npy,40,313,False
train,Angela Lansbury,nodementia,nodementia/Angela Lansbury/Angela Lansbury_3.wav,Angela Lansbury_3,6,C:\Users\sricb\OneDrive\Desktop\AI dementia dection\AI-Powered-Multimodal-Dementia-System\data\audio\features\mfcc\train\Angela Lansbury\Angela Lansbury_3_chunk_006.npy,40,313,False
train,Angela Lansbury,nodementia,nodementia/Angela Lansbury/Angela Lansbury_3.wav,Angela Lansbury_3,7,C:\Users\sricb\OneDrive\Desktop\AI dementia dection\AI-Powered-Multimodal-Dementia-System\data\audio\features\mfcc\train\Angela Lansbury\Angela Lansbury_3_chunk_007.npy,40,313,False
train,Angela Lansbury,nodementia,nodementia/Angela Lansbury/Angela Lansbury_3.wav,Angela Lansbury_3,8,C:\Users\sricb\OneDrive\Desktop\AI dementia dection\AI-Powered-Multimodal-Dementia-System\data\audio\features\mfcc\train\Angela Lansbury\Angela Lansbury_3_chunk_008.npy,40,313,False
train,Angela Lansbury,nodementia,nodementia/Angela Lansbury/Angela Lansbury_3.wav,Angela Lansbury_3,9,C:\Users\sricb\OneDrive\Desktop\AI dementia dection\AI-Powered-Multimodal-Dementia-System\data\audio\features\mfcc\train\Angela Lansbury\Angela Lansbury_3_chunk_009.npy,40,313,True
train,Angela Lansbury,nodementia,nodementia/Angela Lansbury/Angela Lansbury_3.wav,Angela Lansbury_3,10,C:\Users\sricb\OneDrive\Desktop\AI dementia dection\AI-Powered-Multimodal-Dementia-System\data\audio\features\mfcc\train\Angela Lansbury\Angela Lansbury_3_chunk_010.npy,40,313,True
train,Barbra Streisand,nodementia,nodementia/Barbra Streisand/BarbraStreisand_1.wav,BarbraStreisand_1,1,C:\Users\sricb\OneDrive\Desktop\AI dementia dection\AI-Powered-Multimodal-Dementia-System\data\audio\features\mfcc\train\Barbra Streisand\BarbraStreisand_1_chunk_001.npy,40,313,False
train,Barbra Streisand,nodementia,nodementia/Barbra Streisand/BarbraStreisand_1.wav,BarbraStreisand_1,2,C:\Users\sricb\OneDrive\Desktop\AI dementia dection\AI-Powered-Multimodal-Dementia-System\data\audio\features\mfcc\train\Barbra Streisand\BarbraStreisand_1_chunk_002.npy,40,313,False
train,Barbra Streisand,nodementia,nodementia/Barbra Streisand/BarbraStreisand_1.wav,BarbraStreisand_1,3,C:\Users\sricb\OneDrive\Desktop\AI dementia dection\AI-Powered-Multimodal-Dementia-System\data\audio\features\mfcc\train\Barbra Streisand\BarbraStreisand_1_chunk_003.npy,40,313,False
train,Barbra Streisand,nodementia,nodementia/Barbra Streisand/BarbraStreisand_1.wav,BarbraStreisand_1,4,C:\Users\sricb\OneDrive\Desktop\AI dementia dection\AI-Powered-Multimodal-Dementia-System\data\audio\features\mfcc\train\Barbra Streisand\BarbraStreisand_1_chunk_004.npy,40,313,False
train,Barbra Streisand,nodementia,nodementia/Barbra Streisand/BarbraStreisand_1.wav,BarbraStreisand_1,5,C:\Users\sricb\OneDrive\Desktop\AI dementia dection\AI-Powered-Multimodal-Dementia-System\data\audio\features\mfcc\train\Barbra Streisand\BarbraStreisand_1_chunk_005.npy,40,313,False
train,Barbra Streisand,nodementia,nodementia/Barbra Streisand/BarbraStreisand_1.wav,BarbraStreisand_1,6,C:\Users\sricb\OneDrive\Desktop\AI dementia dection\AI-Powered-Multimodal-Dementia-System\data\audio\features\mfcc\train\Barbra Streisand\BarbraStreisand_1_chunk_006.npy,40,313,True
train,Barbra Streisand,nodementia,nodementia/Barbra Streisand/BarbraStreisand_1.wav,BarbraStreisand_1,7,C:\Users\sricb\OneDrive\Desktop\AI dementia dection\AI-Powered-Multimodal-Dementia-System\data\audio\features\mfcc\train\Barbra Streisand\BarbraStreisand_1_chunk_007.npy,40,313,True
train,Bernie Sanders,nodementia,nodementia/Bernie Sanders/BernieSanders_3.wav,BernieSanders_3,1,C:\Users\sricb\OneDrive\Desktop\AI dementia dection\AI-Powered-Multimodal-Dementia-System\data\audio\features\mfcc\train\Bernie Sanders\BernieSanders_3_chunk_001.npy,40,313,False
train,Bernie Sanders,nodementia,nodementia/Bernie Sanders/BernieSanders_3.wav,BernieSanders_3,2,C:\Users\sricb\OneDrive\Desktop\AI dementia dection\AI-Powered-Multimodal-Dementia-System\data\audio\features\mfcc\train\Bernie Sanders\BernieSanders_3_chunk_002.npy,40,313,False
train,Bernie Sanders,nodementia,nodementia/Bernie Sanders/BernieSanders_3.wav,BernieSanders_3,3,C:\Users\sricb\OneDrive\Desktop\AI dementia dection\AI-Powered-Multimodal-Dementia-System\data\audio\features\mfcc\train\Bernie Sanders\BernieSanders_3_chunk_003.npy,40,313,False
train,Bernie Sanders,nodementia,nodementia/Bernie Sanders/BernieSanders_3.wav,BernieSanders_3,4,C:\Users\sricb\OneDrive\Desktop\AI dementia dection\AI-Powered-Multimodal-Dementia-System\data\audio\features\mfcc\train\Bernie Sanders\BernieSanders_3_chunk_004.npy,40,313,False
train,Bernie Sanders,nodementia,nodementia/Bernie Sanders/BernieSanders_3.wav,BernieSanders_3,5,C:\Users\sricb\OneDrive\Desktop\AI dementia dection\AI-Powered-Multimodal-Dementia-System\data\audio\features\mfcc\train\Bernie Sanders\BernieSanders_3_chunk_005.npy,40,313,False
train,Bernie Sanders,nodementia,nodementia/Bernie Sanders/BernieSanders_3.wav,BernieSanders_3,6,C:\Users\sricb\OneDrive\Desktop\AI dementia dection\AI-Powered-Multimodal-Dementia-System\data\audio\features\mfcc\train\Bernie Sanders\BernieSanders_3_chunk_006.npy,40,313,False
train,Bernie Sanders,nodementia,nodementia/Bernie Sanders/BernieSanders_3.wav,BernieSanders_3,7,C:\Users\sricb\OneDrive\Desktop\AI dementia dection\AI-Powered-Multimodal-Dementia-System\data\audio\features\mfcc\train\Bernie Sanders\BernieSanders_3_chunk_007.npy,40,313,False
train,Bernie Sanders,nodementia,nodementia/Bernie Sanders/BernieSanders_3.wav,BernieSanders_3,8,C:\Users\sricb\OneDrive\Desktop\AI dementia dection\AI-Powered-Multimodal-Dementia-System\data\audio\features\mfcc\train\Bernie Sanders\BernieSanders_3_chunk_008.npy,40,313,False
train,Bernie Sanders,nodementia,nodementia/Bernie Sanders/BernieSanders_3.wav,BernieSanders_3,9,C:\Users\sricb\OneDrive\Desktop\AI dementia dection\AI-Powered-Multimodal-Dementia-System\data\audio\features\mfcc\train\Bernie Sanders\BernieSanders_3_chunk_009.npy,40,313,False
train,Bernie Sanders,nodementia,nodementia/Bernie Sanders/BernieSanders_3.wav,BernieSanders_3,10,C:\Users\sricb\OneDrive\Desktop\AI dementia dection\AI-Powered-Multimodal-Dementia-System\data\audio\features\mfcc\train\Bernie Sanders\BernieSanders_3_chunk_010.npy,40,313,False
train,Bernie Sanders,nodementia,nodementia/Bernie Sanders/BernieSanders_3.wav,BernieSanders_3,11,C:\Users\sricb\OneDrive\Desktop\AI dementia dection\AI-Powered-Multimodal-Dementia-System\data\audio\features\mfcc\train\Bernie Sanders\BernieSanders_3_chunk_011.npy,40,313,False
train,Bernie Sanders,nodementia,nodementia/Bernie Sanders/BernieSanders_3.wav,BernieSanders_3,12,C:\Users\sricb\OneDrive\Desktop\AI dementia dection\AI-Powered-Multimodal-Dementia-System\data\audio\features\mfcc\train\Bernie Sanders\BernieSanders_3_chunk_012.npy,40,313,False
train,Bernie Sanders,nodementia,nodementia/Bernie Sanders/BernieSanders_3.wav,BernieSanders_3,13,C:\Users\sricb\OneDrive\Desktop\AI dementia dection\AI-Powered-Multimodal-Dementia-System\data\audio\features\mfcc\train\Bernie Sanders\BernieSanders_3_chunk_013.npy,40,313,False
train,Bernie Sanders,nodementia,nodementia/Bernie Sanders/BernieSanders_3.wav,BernieSanders_3,14,C:\Users\sricb\OneDrive\Desktop\AI dementia dection\AI-Powered-Multimodal-Dementia-System\data\audio\features\mfcc\train\Bernie Sanders\BernieSanders_3_chunk_014.npy,40,313,False
train,Bernie Sanders,nodementia,nodementia/Bernie Sanders/BernieSanders_3.wav,BernieSanders_3,15,C:\Users\sricb\OneDrive\Desktop\AI dementia dection\AI-Powered-Multimodal-Dementia-System\data\audio\features\mfcc\train\Bernie Sanders\BernieSanders_3_chunk_015.npy,40,313,False
train,Bernie Sanders,nodementia,nodementia/Bernie Sanders/BernieSanders_3.wav,BernieSanders_3,16,C:\Users\sricb\OneDrive\Desktop\AI dementia dection\AI-Powered-Multimodal-Dementia-System\data\audio\features\mfcc\train\Bernie Sanders\BernieSanders_3_chunk_016.npy,40,313,False
train,Bernie Sanders,nodementia,nodementia/Bernie Sanders/BernieSanders_3.wav,BernieSanders_3,17,C:\Users\sricb\OneDrive\Desktop\AI dementia dection\AI-Powered-Multimodal-Dementia-System\data\audio\features\mfcc\train\Bernie Sanders\BernieSanders_3_chunk_017.npy,40,313,False
train,Bernie Sanders,nodementia,nodementia/Bernie Sanders/BernieSanders_3.wav,BernieSanders_3,18,C:\Users\sricb\OneDrive\Desktop\AI dementia dection\AI-Powered-Multimodal-Dementia-System\data\audio\features\mfcc\train\Bernie Sanders\BernieSanders_3_chunk_018.npy,40,313,True
train,Bill Cosby,nodementia,nodementia/Bill Cosby/BillCosby_1.wav,BillCosby_1,1,C:\Users\sricb\OneDrive\Desktop\AI dementia dection\AI-Powered-Multimodal-Dementia-System\data\audio\features\mfcc\train\Bill Cosby\BillCosby_1_chunk_001.npy,40,313,False
train,Bill Cosby,nodementia,nodementia/Bill Cosby/BillCosby_1.wav,BillCosby_1,2,C:\Users\sricb\OneDrive\Desktop\AI dementia dection\AI-Powered-Multimodal-Dementia-System\data\audio\features\mfcc\train\Bill Cosby\BillCosby_1_chunk_002.npy,40,313,False
train,Bill Cosby,nodementia,nodementia/Bill Cosby/BillCosby_1.wav,BillCosby_1,3,C:\Users\sricb\OneDrive\Desktop\AI dementia dection\AI-Powered-Multimodal-Dementia-System\data\audio\features\mfcc\train\Bill Cosby\BillCosby_1_chunk_003.npy,40,313,False
train,Bill Cosby,nodementia,nodementia/Bill Cosby/BillCosby_1.wav,BillCosby_1,4,C:\Users\sricb\OneDrive\Desktop\AI dementia dection\AI-Powered-Multimodal-Dementia-System\data\audio\features\mfcc\train\Bill Cosby\BillCosby_1_chunk_004.npy,40,313,False
train,Bill Cosby,nodementia,nodementia/Bill Cosby/BillCosby_1.wav,BillCosby_1,5,C:\Users\sricb\OneDrive\Desktop\AI dementia dection\AI-Powered-Multimodal-Dementia-System\data\audio\features\mfcc\train\Bill Cosby\BillCosby_1_chunk_005.npy,40,313,False
train,Bill Cosby,nodementia,nodementia/Bill Cosby/BillCosby_1.wav,BillCosby_1,6,C:\Users\sricb\OneDrive\Desktop\AI dementia dection\AI-Powered-Multimodal-Dementia-System\data\audio\features\mfcc\train\Bill Cosby\BillCosby_1_chunk_006.npy,40,313,False
train,Bill Cosby,nodementia,nodementia/Bill Cosby/BillCosby_1.wav,BillCosby_1,7,C:\Users\sricb\OneDrive\Desktop\AI dementia dection\AI-Powered-Multimodal-Dementia-System\data\audio\features\mfcc\train\Bill Cosby\BillCosby_1_chunk_007.npy,40,313,False
train,Bill Cosby,nodementia,nodementia/Bill Cosby/BillCosby_1.wav,BillCosby_1,8,C:\Users\sricb\OneDrive\Desktop\AI dementia dection\AI-Powered-Multimodal-Dementia-System\data\audio\features\mfcc\train\Bill Cosby\BillCosby_1_chunk_008.npy,40,313,False
train,Bill Cosby,nodementia,nodementia/Bill Cosby/BillCosby_1.wav,BillCosby_1,9,C:\Users\sricb\OneDrive\Desktop\AI dementia dection\AI-Powered-Multimodal-Dementia-System\data\audio\features\mfcc\train\Bill Cosby\BillCosby_1_chunk_009.npy,40,313,False
train,Bill Cosby,nodementia,nodementia/Bill Cosby/BillCosby_1.wav,BillCosby_1,10,C:\Users\sricb\OneDrive\Desktop\AI dementia dection\AI-Powered-Multimodal-Dementia-System\data\audio\features\mfcc\train\Bill Cosby\BillCosby_1_chunk_010.npy,40,313,False
train,Bill Cosby,nodementia,nodementia/Bill Cosby/BillCosby_1.wav,BillCosby_1,11,C:\Users\sricb\OneDrive\Desktop\AI dementia dection\AI-Powered-Multimodal-Dementia-System\data\audio\features\mfcc\train\Bill Cosby\BillCosby_1_chunk_011.npy,40,313,False
train,Bill Cosby,nodementia,nodementia/Bill Cosby/BillCosby_1.wav,BillCosby_1,12,C:\Users\sricb\OneDrive\Desktop\AI dementia dection\AI-Powered-Multimodal-Dementia-System\data\audio\features\mfcc\train\Bill Cosby\BillCosby_1_chunk_012.npy,40,313,False
train,Bill Cosby,nodementia,nodementia/Bill Cosby/BillCosby_1.wav,BillCosby_1,13,C:\Users\sricb\OneDrive\Desktop\AI dementia dection\AI-Powered-Multimodal-Dementia-System\data\audio\features\mfcc\train\Bill Cosby\BillCosby_1_chunk_013.npy,40,313,False
train,Bill Cosby,nodementia,nodementia/Bill Cosby/BillCosby_1.wav,BillCosby_1,14,C:\Users\sricb\OneDrive\Desktop\AI dementia dection\AI-Powered-Multimodal-Dementia-System\data\audio\features\mfcc\train\Bill Cosby\BillCosby_1_chunk_014.npy,40,313,False
train,Bill Cosby,nodementia,nodementia/Bill Cosby/BillCosby_1.wav,BillCosby_1,15,C:\Users\sricb\OneDrive\Desktop\AI dementia dection\AI-Powered-Multimodal-Dementia-System\data\audio\features\mfcc\train\Bill Cosby\BillCosby_1_chunk_015.npy,40,313,False
train,Bill Cosby,nodementia,nodementia/Bill Cosby/BillCosby_1.wav,BillCosby_1,16,C:\Users\sricb\OneDrive\Desktop\AI dementia dection\AI-Powered-Multimodal-Dementia-System\data\audio\features\mfcc\train\Bill Cosby\BillCosby_1_chunk_016.npy,40,313,False
train,Bill Cosby,nodementia,nodementia/Bill Cosby/BillCosby_1.wav,BillCosby_1,17,C:\Users\sricb\OneDrive\Desktop\AI dementia dection\AI-Powered-Multimodal-Dementia-System\data\audio\features\mfcc\train\Bill Cosby\BillCosby_1_chunk_017.npy,40,313,False
train,Bill Cosby,nodementia,nodementia/Bill Cosby/BillCosby_1.wav,BillCosby_1,18,C:\Users\sricb\OneDrive\Desktop\AI dementia dection\AI-Powered-Multimodal-Dementia-System\data\audio\features\mfcc\train\Bill Cosby\BillCosby_1_chunk_018.npy,40,313,True
train,Charlie Watts,nodementia,nodementia/Charlie Watts/CharlieWatts_1.wav,CharlieWatts_1,1,C:\Users\sricb\OneDrive\Desktop\AI dementia dection\AI-Powered-Multimodal-Dementia-System\data\audio\features\mfcc\train\Charlie Watts\CharlieWatts_1_chunk_001.npy,40,313,False
train,Charlie Watts,nodementia,nodementia/Charlie Watts/CharlieWatts_1.wav,CharlieWatts_1,2,C:\Users\sricb\OneDrive\Desktop\AI dementia dection\AI-Powered-Multimodal-Dementia-System\data\audio\features\mfcc\train\Charlie Watts\CharlieWatts_1_chunk_002.npy,40,313,False
train,Charlie Watts,nodementia,nodementia/Charlie Watts/CharlieWatts_1.wav,CharlieWatts_1,3,C:\Users\sricb\OneDrive\Desktop\AI dementia dection\AI-Powered-Multimodal-Dementia-System\data\audio\features\mfcc\train\Charlie Watts\CharlieWatts_1_chunk_003.npy,40,313,False
train,Charlie Watts,nodementia,nodementia/Charlie Watts/CharlieWatts_1.wav,CharlieWatts_1,4,C:\Users\sricb\OneDrive\Desktop\AI dementia dection\AI-Powered-Multimodal-Dementia-System\data\audio\features\mfcc\train\Charlie Watts\CharlieWatts_1_chunk_004.npy,40,313,False
train,Charlie Watts,nodementia,nodementia/Charlie Watts/CharlieWatts_1.wav,CharlieWatts_1,5,C:\Users\sricb\OneDrive\Desktop\AI dementia dection\AI-Powered-Multimodal-Dementia-System\data\audio\features\mfcc\train\Charlie Watts\CharlieWatts_1_chunk_005.npy,40,313,False
train,Charlie Watts,nodementia,nodementia/Charlie Watts/CharlieWatts_1.wav,CharlieWatts_1,6,C:\Users\sricb\OneDrive\Desktop\AI dementia dection\AI-Powered-Multimodal-Dementia-System\data\audio\features\mfcc\train\Charlie Watts\CharlieWatts_1_chunk_006.npy,40,313,False
train,Charlie Watts,nodementia,nodementia/Charlie Watts/CharlieWatts_1.wav,CharlieWatts_1,7,C:\Users\sricb\OneDrive\Desktop\AI dementia dection\AI-Powered-Multimodal-Dementia-System\data\audio\features\mfcc\train\Charlie Watts\CharlieWatts_1_chunk_007.npy,40,313,False
train,Charlie Watts,nodementia,nodementia/Charlie Watts/CharlieWatts_1.wav,CharlieWatts_1,8,C:\Users\sricb\OneDrive\Desktop\AI dementia dection\AI-Powered-Multimodal-Dementia-System\data\audio\features\mfcc\train\Charlie Watts\CharlieWatts_1_chunk_008.npy,40,313,False
train,Charlie Watts,nodementia,nodementia/Charlie Watts/CharlieWatts_1.wav,CharlieWatts_1,9,C:\Users\sricb\OneDrive\Desktop\AI dementia dection\AI-Powered-Multimodal-Dementia-System\data\audio\features\mfcc\train\Charlie Watts\CharlieWatts_1_chunk_009.npy,40,313,False
train,Charlie Watts,nodementia,nodementia/Charlie Watts/CharlieWatts_1.wav,CharlieWatts_1,10,C:\Users\sricb\OneDrive\Desktop\AI dementia dection\AI-Powered-Multimodal-Dementia-System\data\audio\features\mfcc\train\Charlie Watts\CharlieWatts_1_chunk_010.npy,40,313,False
train,Charlie Watts,nodementia,nodementia/Charlie Watts/CharlieWatts_1.wav,CharlieWatts_1,11,C:\Users\sricb\OneDrive\Desktop\AI dementia dection\AI-Powered-Multimodal-Dementia-System\data\audio\features\mfcc\train\Charlie Watts\CharlieWatts_1_chunk_011.npy,40,313,False
train,Charlie Watts,nodementia,nodementia/Charlie Watts/CharlieWatts_1.wav,CharlieWatts_1,12,C:\Users\sricb\OneDrive\Desktop\AI dementia dection\AI-Powered-Multimodal-Dementia-System\data\audio\features\mfcc\train\Charlie Watts\CharlieWatts_1_chunk_012.npy,40,313,False
train,Charlie Watts,nodementia,nodementia/Charlie Watts/CharlieWatts_1.wav,CharlieWatts_1,13,C:\Users\sricb\OneDrive\Desktop\AI dementia dection\AI-Powered-Multimodal-Dementia-System\data\audio\features\mfcc\train\Charlie Watts\CharlieWatts_1_chunk_013.npy,40,313,False
train,Charlie Watts,nodementia,nodementia/Charlie Watts/CharlieWatts_1.wav,CharlieWatts_1,14,C:\Users\sricb\OneDrive\Desktop\AI dementia dection\AI-Powered-Multimodal-Dementia-System\data\audio\features\mfcc\train\Charlie Watts\CharlieWatts_1_chunk_014.npy,40,313,False
train,Charlie Watts,nodementia,nodementia/Charlie Watts/CharlieWatts_1.wav,CharlieWatts_1,15,C:\Users\sricb\OneDrive\Desktop\AI dementia dection\AI-Powered-Multimodal-Dementia-System\data\audio\features\mfcc\train\Charlie Watts\CharlieWatts_1_chunk_015.npy,40,313,False
train,Charlie Watts,nodementia,nodementia/Charlie Watts/CharlieWatts_1.wav,CharlieWatts_1,16,C:\Users\sricb\OneDrive\Desktop\AI dementia dection\AI-Powered-Multimodal-Dementia-System\data\audio\features\mfcc\train\Charlie Watts\CharlieWatts_1_chunk_016.npy,40,313,True
train,Charlie Watts,nodementia,nodementia/Charlie Watts/CharlieWatts_1.wav,CharlieWatts_1,17,C:\Users\sricb\OneDrive\Desktop\AI dementia dection\AI-Powered-Multimodal-Dementia-System\data\audio\features\mfcc\train\Charlie Watts\CharlieWatts_1_chunk_017.npy,40,313,True
train,Christopher Plummer,nodementia,nodementia/Christopher Plummer/christopher plummer_2.wav,christopher plummer_2,1,C:\Users\sricb\OneDrive\Desktop\AI dementia dection\AI-Powered-Multimodal-Dementia-System\data\audio\features\mfcc\train\Christopher Plummer\christopher plummer_2_chunk_001.npy,40,313,False
train,Christopher Plummer,nodementia,nodementia/Christopher Plummer/christopher plummer_2.wav,christopher plummer_2,2,C:\Users\sricb\OneDrive\Desktop\AI dementia dection\AI-Powered-Multimodal-Dementia-System\data\audio\features\mfcc\train\Christopher Plummer\christopher plummer_2_chunk_002.npy,40,313,False
train,Christopher Plummer,nodementia,nodementia/Christopher Plummer/christopher plummer_2.wav,christopher plummer_2,3,C:\Users\sricb\OneDrive\Desktop\AI dementia dection\AI-Powered-Multimodal-Dementia-System\data\audio\features\mfcc\train\Christopher Plummer\christopher plummer_2_chunk_003.npy,40,313,False
train,Christopher Plummer,nodementia,nodementia/Christopher Plummer/christopher plummer_2.wav,christopher plummer_2,4,C:\Users\sricb\OneDrive\Desktop\AI dementia dection\AI-Powered-Multimodal-Dementia-System\data\audio\features\mfcc\train\Christopher Plummer\christopher plummer_2_chunk_004.npy,40,313,False
train,Christopher Plummer,nodementia,nodementia/Christopher Plummer/christopher plummer_2.wav,christopher plummer_2,5,C:\Users\sricb\OneDrive\Desktop\AI dementia dection\AI-Powered-Multimodal-Dementia-System\data\audio\features\mfcc\train\Christopher Plummer\christopher plummer_2_chunk_005.npy,40,313,False
train,Christopher Plummer,nodementia,nodementia/Christopher Plummer/christopher plummer_2.wav,christopher plummer_2,6,C:\Users\sricb\OneDrive\Desktop\AI dementia dection\AI-Powered-Multimodal-Dementia-System\data\audio\features\mfcc\train\Christopher Plummer\christopher plummer_2_chunk_006.npy,40,313,False
train,Christopher Plummer,nodementia,nodementia/Christopher Plummer/christopher plummer_2.wav,christopher plummer_2,7,C:\Users\sricb\OneDrive\Desktop\AI dementia dection\AI-Powered-Multimodal-Dementia-System\data\audio\features\mfcc\train\Christopher Plummer\christopher plummer_2_chunk_007.npy,40,313,False
train,Christopher Plummer,nodementia,nodementia/Christopher Plummer/christopher plummer_2.wav,christopher plummer_2,8,C:\Users\sricb\OneDrive\Desktop\AI dementia dection\AI-Powered-Multimodal-Dementia-System\data\audio\features\mfcc\train\Christopher Plummer\christopher plummer_2_chunk_008.npy,40,313,False
train,Christopher Plummer,nodementia,nodementia/Christopher Plummer/christopher plummer_2.wav,christopher plummer_2,9,C:\Users\sricb\OneDrive\Desktop\AI dementia dection\AI-Powered-Multimodal-Dementia-System\data\audio\features\mfcc\train\Christopher Plummer\christopher plummer_2_chunk_009.npy,40,313,True
train,Christopher Plummer,nodementia,nodementia/Christopher Plummer/christopher plummer_2.wav,christopher plummer_2,10,C:\Users\sricb\OneDrive\Desktop\AI dementia dection\AI-Powered-Multimodal-Dementia-System\data\audio\features\mfcc\train\Christopher Plummer\christopher plummer_2_chunk_010.npy,40,313,True
train,Dionne Warwick,nodementia,nodementia/Dionne Warwick/DionneWarwick_1.wav,DionneWarwick_1,1,C:\Users\sricb\OneDrive\Desktop\AI dementia dection\AI-Powered-Multimodal-Dementia-System\data\audio\features\mfcc\train\Dionne Warwick\DionneWarwick_1_chunk_001.npy,40,313,False
train,Dionne Warwick,nodementia,nodementia/Dionne Warwick/DionneWarwick_1.wav,DionneWarwick_1,2,C:\Users\sricb\OneDrive\Desktop\AI dementia dection\AI-Powered-Multimodal-Dementia-System\data\audio\features\mfcc\train\Dionne Warwick\DionneWarwick_1_chunk_002.npy,40,313,False
train,Dionne Warwick,nodementia,nodementia/Dionne Warwick/DionneWarwick_1.wav,DionneWarwick_1,3,C:\Users\sricb\OneDrive\Desktop\AI dementia dection\AI-Powered-Multimodal-Dementia-System\data\audio\features\mfcc\train\Dionne Warwick\DionneWarwick_1_chunk_003.npy,40,313,False
train,Dionne Warwick,nodementia,nodementia/Dionne Warwick/DionneWarwick_1.wav,DionneWarwick_1,4,C:\Users\sricb\OneDrive\Desktop\AI dementia dection\AI-Powered-Multimodal-Dementia-System\data\audio\features\mfcc\train\Dionne Warwick\DionneWarwick_1_chunk_004.npy,40,313,False
train,Dionne Warwick,nodementia,nodementia/Dionne Warwick/DionneWarwick_1.wav,DionneWarwick_1,5,C:\Users\sricb\OneDrive\Desktop\AI dementia dection\AI-Powered-Multimodal-Dementia-System\data\audio\features\mfcc\train\Dionne Warwick\DionneWarwick_1_chunk_005.npy,40,313,False
train,Dionne Warwick,nodementia,nodementia/Dionne Warwick/DionneWarwick_1.wav,DionneWarwick_1,6,C:\Users\sricb\OneDrive\Desktop\AI dementia dection\AI-Powered-Multimodal-Dementia-System\data\audio\features\mfcc\train\Dionne Warwick\DionneWarwick_1_chunk_006.npy,40,313,False
train,Dionne Warwick,nodementia,nodementia/Dionne Warwick/DionneWarwick_1.wav,DionneWarwick_1,7,C:\Users\sricb\OneDrive\Desktop\AI dementia dection\AI-Powered-Multimodal-Dementia-System\data\audio\features\mfcc\train\Dionne Warwick\DionneWarwick_1_chunk_007.npy,40,313,False
train,Dionne Warwick,nodementia,nodementia/Dionne Warwick/DionneWarwick_1.wav,DionneWarwick_1,8,C:\Users\sricb\OneDrive\Desktop\AI dementia dection\AI-Powered-Multimodal-Dementia-System\data\audio\features\mfcc\train\Dionne Warwick\DionneWarwick_1_chunk_008.npy,40,313,False
train,Dionne Warwick,nodementia,nodementia/Dionne Warwick/DionneWarwick_1.wav,DionneWarwick_1,9,C:\Users\sricb\OneDrive\Desktop\AI dementia dection\AI-Powered-Multimodal-Dementia-System\data\audio\features\mfcc\train\Dionne Warwick\DionneWarwick_1_chunk_009.npy,40,313,False
train,Dionne Warwick,nodementia,nodementia/Dionne Warwick/DionneWarwick_1.wav,DionneWarwick_1,10,C:\Users\sricb\OneDrive\Desktop\AI dementia dection\AI-Powered-Multimodal-Dementia-System\data\audio\features\mfcc\train\Dionne Warwick\DionneWarwick_1_chunk_010.npy,40,313,False
train,Dionne Warwick,nodementia,nodementia/Dionne Warwick/DionneWarwick_1.wav,DionneWarwick_1,11,C:\Users\sricb\OneDrive\Desktop\AI dementia dection\AI-Powered-Multimodal-Dementia-System\data\audio\features\mfcc\train\Dionne Warwick\DionneWarwick_1_chunk_011.npy,40,313,False
train,Dionne Warwick,nodementia,nodementia/Dionne Warwick/DionneWarwick_1.wav,DionneWarwick_1,12,C:\Users\sricb\OneDrive\Desktop\AI dementia dection\AI-Powered-Multimodal-Dementia-System\data\audio\features\mfcc\train\Dionne Warwick\DionneWarwick_1_chunk_012.npy,40,313,False
train,Dionne Warwick,nodementia,nodementia/Dionne Warwick/DionneWarwick_1.wav,DionneWarwick_1,13,C:\Users\sricb\OneDrive\Desktop\AI dementia dection\AI-Powered-Multimodal-Dementia-System\data\audio\features\mfcc\train\Dionne Warwick\DionneWarwick_1_chunk_013.npy,40,313,False
train,Dionne Warwick,nodementia,nodementia/Dionne Warwick/DionneWarwick_1.wav,DionneWarwick_1,14,C:\Users\sricb\OneDrive\Desktop\AI dementia dection\AI-Powered-Multimodal-Dementia-System\data\audio\features\mfcc\train\Dionne Warwick\DionneWarwick_1_chunk_014.npy,40,313,False
train,Dionne Warwick,nodementia,nodementia/Dionne Warwick/DionneWarwick_1.wav,DionneWarwick_1,15,C:\Users\sricb\OneDrive\Desktop\AI dementia dection\AI-Powered-Multimodal-Dementia-System\data\audio\features\mfcc\train\Dionne Warwick\DionneWarwick_1_chunk_015.npy,40,313,False
train,Dionne Warwick,nodementia,nodementia/Dionne Warwick/DionneWarwick_1.wav,DionneWarwick_1,16,C:\Users\sricb\OneDrive\Desktop\AI dementia dection\AI-Powered-Multimodal-Dementia-System\data\audio\features\mfcc\train\Dionne Warwick\DionneWarwick_1_chunk_016.npy,40,313,True
train,Dionne Warwick,nodementia,nodementia/Dionne Warwick/DionneWarwick_1.wav,DionneWarwick_1,17,C:\Users\sricb\OneDrive\Desktop\AI dementia dection\AI-Powered-Multimodal-Dementia-System\data\audio\features\mfcc\train\Dionne Warwick\DionneWarwick_1_chunk_017.npy,40,313,True
train,Dionne Warwick,nodementia,nodementia/Dionne Warwick/DionneWarwick_3.wav,DionneWarwick_3,1,C:\Users\sricb\OneDrive\Desktop\AI dementia dection\AI-Powered-Multimodal-Dementia-System\data\audio\features\mfcc\train\Dionne Warwick\DionneWarwick_3_chunk_001.npy,40,313,False
train,Dionne Warwick,nodementia,nodementia/Dionne Warwick/DionneWarwick_3.wav,DionneWarwick_3,2,C:\Users\sricb\OneDrive\Desktop\AI dementia dection\AI-Powered-Multimodal-Dementia-System\data\audio\features\mfcc\train\Dionne Warwick\DionneWarwick_3_chunk_002.npy,40,313,False
train,Dionne Warwick,nodementia,nodementia/Dionne Warwick/DionneWarwick_3.wav,DionneWarwick_3,3,C:\Users\sricb\OneDrive\Desktop\AI dementia dection\AI-Powered-Multimodal-Dementia-System\data\audio\features\mfcc\train\Dionne Warwick\DionneWarwick_3_chunk_003.npy,40,313,False
train,Dionne Warwick,nodementia,nodementia/Dionne Warwick/DionneWarwick_3.wav,DionneWarwick_3,4,C:\Users\sricb\OneDrive\Desktop\AI dementia dection\AI-Powered-Multimodal-Dementia-System\data\audio\features\mfcc\train\Dionne Warwick\DionneWarwick_3_chunk_004.npy,40,313,False
train,Dionne Warwick,nodementia,nodementia/Dionne Warwick/DionneWarwick_3.wav,DionneWarwick_3,5,C:\Users\sricb\OneDrive\Desktop\AI dementia dection\AI-Powered-Multimodal-Dementia-System\data\audio\features\mfcc\train\Dionne Warwick\DionneWarwick_3_chunk_005.npy,40,313,False
train,Dionne Warwick,nodementia,nodementia/Dionne Warwick/DionneWarwick_3.wav,DionneWarwick_3,6,C:\Users\sricb\OneDrive\Desktop\AI dementia dection\AI-Powered-Multimodal-Dementia-System\data\audio\features\mfcc\train\Dionne Warwick\DionneWarwick_3_chunk_006.npy,40,313,False
train,Dionne Warwick,nodementia,nodementia/Dionne Warwick/DionneWarwick_3.wav,DionneWarwick_3,7,C:\Users\sricb\OneDrive\Desktop\AI dementia dection\AI-Powered-Multimodal-Dementia-System\data\audio\features\mfcc\train\Dionne Warwick\DionneWarwick_3_chunk_007.npy,40,313,False
train,Dionne Warwick,nodementia,nodementia/Dionne Warwick/DionneWarwick_3.wav,DionneWarwick_3,8,C:\Users\sricb\OneDrive\Desktop\AI dementia dection\AI-Powered-Multimodal-Dementia-System\data\audio\features\mfcc\train\Dionne Warwick\DionneWarwick_3_chunk_008.npy,40,313,False
train,Dionne Warwick,nodementia,nodementia/Dionne Warwick/DionneWarwick_3.wav,DionneWarwick_3,9,C:\Users\sricb\OneDrive\Desktop\AI dementia dection\AI-Powered-Multimodal-Dementia-System\data\audio\features\mfcc\train\Dionne Warwick\DionneWarwick_3_chunk_009.npy,40,313,False
train,Dionne Warwick,nodementia,nodementia/Dionne Warwick/DionneWarwick_3.wav,DionneWarwick_3,10,C:\Users\sricb\OneDrive\Desktop\AI dementia dection\AI-Powered-Multimodal-Dementia-System\data\audio\features\mfcc\train\Dionne Warwick\DionneWarwick_3_chunk_010.npy,40,313,False
train,Dionne Warwick,nodementia,nodementia/Dionne Warwick/DionneWarwick_3.wav,DionneWarwick_3,11,C:\Users\sricb\OneDrive\Desktop\AI dementia dection\AI-Powered-Multimodal-Dementia-System\data\audio\features\mfcc\train\Dionne Warwick\DionneWarwick_3_chunk_011.npy,40,313,False
train,Dionne Warwick,nodementia,nodementia/Dionne Warwick/DionneWarwick_3.wav,DionneWarwick_3,12,C:\Users\sricb\OneDrive\Desktop\AI dementia dection\AI-Powered-Multimodal-Dementia-System\data\audio\features\mfcc\train\Dionne Warwick\DionneWarwick_3_chunk_012.npy,40,313,False
train,Dionne Warwick,nodementia,nodementia/Dionne Warwick/DionneWarwick_3.wav,DionneWarwick_3,13,C:\Users\sricb\OneDrive\Desktop\AI dementia dection\AI-Powered-Multimodal-Dementia-System\data\audio\features\mfcc\train\Dionne Warwick\DionneWarwick_3_chunk_013.npy,40,313,False
train,Dionne Warwick,nodementia,nodementia/Dionne Warwick/DionneWarwick_3.wav,DionneWarwick_3,14,C:\Users\sricb\OneDrive\Desktop\AI dementia dection\AI-Powered-Multimodal-Dementia-System\data\audio\features\mfcc\train\Dionne Warwick\DionneWarwick_3_chunk_014.npy,40,313,False
train,Dionne Warwick,nodementia,nodementia/Dionne Warwick/DionneWarwick_3.wav,DionneWarwick_3,15,C:\Users\sricb\OneDrive\Desktop\AI dementia dection\AI-Powered-Multimodal-Dementia-System\data\audio\features\mfcc\train\Dionne Warwick\DionneWarwick_3_chunk_015.npy,40,313,False
train,Dionne Warwick,nodementia,nodementia/Dionne Warwick/DionneWarwick_3.wav,DionneWarwick_3,16,C:\Users\sricb\OneDrive\Desktop\AI dementia dection\AI-Powered-Multimodal-Dementia-System\data\audio\features\mfcc\train\Dionne Warwick\DionneWarwick_3_chunk_016.npy,40,313,False
train,Dionne Warwick,nodementia,nodementia/Dionne Warwick/DionneWarwick_3.wav,DionneWarwick_3,17,C:\Users\sricb\OneDrive\Desktop\AI dementia dection\AI-Powered-Multimodal-Dementia-System\data\audio\features\mfcc\train\Dionne Warwick\DionneWarwick_3_chunk_017.npy,40,313,False
train,Dionne Warwick,nodementia,nodementia/Dionne Warwick/DionneWarwick_3.wav,DionneWarwick_3,18,C:\Users\sricb\OneDrive\Desktop\AI dementia dection\AI-Powered-Multimodal-Dementia-System\data\audio\features\mfcc\train\Dionne Warwick\DionneWarwick_3_chunk_018.npy,40,313,True
train,Dominic Chianese,nodementia,nodementia/Dominic Chianese/DominicChianese_3.wav,DominicChianese_3,1,C:\Users\sricb\OneDrive\Desktop\AI dementia dection\AI-Powered-Multimodal-Dementia-System\data\audio\features\mfcc\train\Dominic Chianese\DominicChianese_3_chunk_001.npy,40,313,False
train,Dominic Chianese,nodementia,nodementia/Dominic Chianese/DominicChianese_3.wav,DominicChianese_3,2,C:\Users\sricb\OneDrive\Desktop\AI dementia dection\AI-Powered-Multimodal-Dementia-System\data\audio\features\mfcc\train\Dominic Chianese\DominicChianese_3_chunk_002.npy,40,313,False
train,Dominic Chianese,nodementia,nodementia/Dominic Chianese/DominicChianese_3.wav,DominicChianese_3,3,C:\Users\sricb\OneDrive\Desktop\AI dementia dection\AI-Powered-Multimodal-Dementia-System\data\audio\features\mfcc\train\Dominic Chianese\DominicChianese_3_chunk_003.npy,40,313,False
train,Dominic Chianese,nodementia,nodementia/Dominic Chianese/DominicChianese_3.wav,DominicChianese_3,4,C:\Users\sricb\OneDrive\Desktop\AI dementia dection\AI-Powered-Multimodal-Dementia-System\data\audio\features\mfcc\train\Dominic Chianese\DominicChianese_3_chunk_004.npy,40,313,False
train,Dominic Chianese,nodementia,nodementia/Dominic Chianese/DominicChianese_3.wav,DominicChianese_3,5,C:\Users\sricb\OneDrive\Desktop\AI dementia dection\AI-Powered-Multimodal-Dementia-System\data\audio\features\mfcc\train\Dominic Chianese\DominicChianese_3_chunk_005.npy,40,313,False
train,Dominic Chianese,nodementia,nodementia/Dominic Chianese/DominicChianese_3.wav,DominicChianese_3,6,C:\Users\sricb\OneDrive\Desktop\AI dementia dection\AI-Powered-Multimodal-Dementia-System\data\audio\features\mfcc\train\Dominic Chianese\DominicChianese_3_chunk_006.npy,40,313,False
train,Dominic Chianese,nodementia,nodementia/Dominic Chianese/DominicChianese_3.wav,DominicChianese_3,7,C:\Users\sricb\OneDrive\Desktop\AI dementia dection\AI-Powered-Multimodal-Dementia-System\data\audio\features\mfcc\train\Dominic Chianese\DominicChianese_3_chunk_007.npy,40,313,False
train,Dominic Chianese,nodementia,nodementia/Dominic Chianese/DominicChianese_3.wav,DominicChianese_3,8,C:\Users\sricb\OneDrive\Desktop\AI dementia dection\AI-Powered-Multimodal-Dementia-System\data\audio\features\mfcc\train\Dominic Chianese\DominicChianese_3_chunk_008.npy,40,313,True
train,Dominic Chianese,nodementia,nodementia/Dominic Chianese/DominicChianese_3.wav,DominicChianese_3,9,C:\Users\sricb\OneDrive\Desktop\AI dementia dection\AI-Powered-Multimodal-Dementia-System\data\audio\features\mfcc\train\Dominic Chianese\DominicChianese_3_chunk_009.npy,40,313,True
train,George Clinton,nodementia,nodementia/George Clinton/GeorgeClinton_3.wav,GeorgeClinton_3,1,C:\Users\sricb\OneDrive\Desktop\AI dementia dection\AI-Powered-Multimodal-Dementia-System\data\audio\features\mfcc\train\George Clinton\GeorgeClinton_3_chunk_001.npy,40,313,False
train,George Clinton,nodementia,nodementia/George Clinton/GeorgeClinton_3.wav,GeorgeClinton_3,2,C:\Users\sricb\OneDrive\Desktop\AI dementia dection\AI-Powered-Multimodal-Dementia-System\data\audio\features\mfcc\train\George Clinton\GeorgeClinton_3_chunk_002.npy,40,313,False
train,George Clinton,nodementia,nodementia/George Clinton/GeorgeClinton_3.wav,GeorgeClinton_3,3,C:\Users\sricb\OneDrive\Desktop\AI dementia dection\AI-Powered-Multimodal-Dementia-System\data\audio\features\mfcc\train\George Clinton\GeorgeClinton_3_chunk_003.npy,40,313,False
train,George Clinton,nodementia,nodementia/George Clinton/GeorgeClinton_3.wav,GeorgeClinton_3,4,C:\Users\sricb\OneDrive\Desktop\AI dementia dection\AI-Powered-Multimodal-Dementia-System\data\audio\features\mfcc\train\George Clinton\GeorgeClinton_3_chunk_004.npy,40,313,False
train,George Clinton,nodementia,nodementia/George Clinton/GeorgeClinton_3.wav,GeorgeClinton_3,5,C:\Users\sricb\OneDrive\Desktop\AI dementia dection\AI-Powered-Multimodal-Dementia-System\data\audio\features\mfcc\train\George Clinton\GeorgeClinton_3_chunk_005.npy,40,313,False
train,George Clinton,nodementia,nodementia/George Clinton/GeorgeClinton_3.wav,GeorgeClinton_3,6,C:\Users\sricb\OneDrive\Desktop\AI dementia dection\AI-Powered-Multimodal-Dementia-System\data\audio\features\mfcc\train\George Clinton\GeorgeClinton_3_chunk_006.npy,40,313,False
train,George Clinton,nodementia,nodementia/George Clinton/GeorgeClinton_3.wav,GeorgeClinton_3,7,C:\Users\sricb\OneDrive\Desktop\AI dementia dection\AI-Powered-Multimodal-Dementia-System\data\audio\features\mfcc\train\George Clinton\GeorgeClinton_3_chunk_007.npy,40,313,False
train,George Clinton,nodementia,nodementia/George Clinton/GeorgeClinton_3.wav,GeorgeClinton_3,8,C:\Users\sricb\OneDrive\Desktop\AI dementia dection\AI-Powered-Multimodal-Dementia-System\data\audio\features\mfcc\train\George Clinton\GeorgeClinton_3_chunk_008.npy,40,313,False
train,George Clinton,nodementia,nodementia/George Clinton/GeorgeClinton_3.wav,GeorgeClinton_3,9,C:\Users\sricb\OneDrive\Desktop\AI dementia dection\AI-Powered-Multimodal-Dementia-System\data\audio\features\mfcc\train\George Clinton\GeorgeClinton_3_chunk_009.npy,40,313,False
train,George Clinton,nodementia,nodementia/George Clinton/GeorgeClinton_3.wav,GeorgeClinton_3,10,C:\Users\sricb\OneDrive\Desktop\AI dementia dection\AI-Powered-Multimodal-Dementia-System\data\audio\features\mfcc\train\George Clinton\GeorgeClinton_3_chunk_010.npy,40,313,False
train,George Clinton,nodementia,nodementia/George Clinton/GeorgeClinton_3.wav,GeorgeClinton_3,11,C:\Users\sricb\OneDrive\Desktop\AI dementia dection\AI-Powered-Multimodal-Dementia-System\data\audio\features\mfcc\train\George Clinton\GeorgeClinton_3_chunk_011.npy,40,313,False
train,George Clinton,nodementia,nodementia/George Clinton/GeorgeClinton_3.wav,GeorgeClinton_3,12,C:\Users\sricb\OneDrive\Desktop\AI dementia dection\AI-Powered-Multimodal-Dementia-System\data\audio\features\mfcc\train\George Clinton\GeorgeClinton_3_chunk_012.npy,40,313,False
train,George Clinton,nodementia,nodementia/George Clinton/GeorgeClinton_3.wav,GeorgeClinton_3,13,C:\Users\sricb\OneDrive\Desktop\AI dementia dection\AI-Powered-Multimodal-Dementia-System\data\audio\features\mfcc\train\George Clinton\GeorgeClinton_3_chunk_013.npy,40,313,False
train,George Clinton,nodementia,nodementia/George Clinton/GeorgeClinton_3.wav,GeorgeClinton_3,14,C:\Users\sricb\OneDrive\Desktop\AI dementia dection\AI-Powered-Multimodal-Dementia-System\data\audio\features\mfcc\train\George Clinton\GeorgeClinton_3_chunk_014.npy,40,313,False
train,George Clinton,nodementia,nodementia/George Clinton/GeorgeClinton_3.wav,GeorgeClinton_3,15,C:\Users\sricb\OneDrive\Desktop\AI dementia dection\AI-Powered-Multimodal-Dementia-System\data\audio\features\mfcc\train\George Clinton\GeorgeClinton_3_chunk_015.npy,40,313,False
train,George Clinton,nodementia,nodementia/George Clinton/GeorgeClinton_3.wav,GeorgeClinton_3,16,C:\Users\sricb\OneDrive\Desktop\AI dementia dection\AI-Powered-Multimodal-Dementia-System\data\audio\features\mfcc\train\George Clinton\GeorgeClinton_3_chunk_016.npy,40,313,False
train,George Clinton,nodementia,nodementia/George Clinton/GeorgeClinton_3.wav,GeorgeClinton_3,17,C:\Users\sricb\OneDrive\Desktop\AI dementia dection\AI-Powered-Multimodal-Dementia-System\data\audio\features\mfcc\train\George Clinton\GeorgeClinton_3_chunk_017.npy,40,313,False
train,George Clinton,nodementia,nodementia/George Clinton/GeorgeClinton_3.wav,GeorgeClinton_3,18,C:\Users\sricb\OneDrive\Desktop\AI dementia dection\AI-Powered-Multimodal-Dementia-System\data\audio\features\mfcc\train\George Clinton\GeorgeClinton_3_chunk_018.npy,40,313,True
train,James Brolin,nodementia,nodementia/James Brolin/JamesBrolin_1.wav,JamesBrolin_1,1,C:\Users\sricb\OneDrive\Desktop\AI dementia dection\AI-Powered-Multimodal-Dementia-System\data\audio\features\mfcc\train\James Brolin\JamesBrolin_1_chunk_001.npy,40,313,False
train,James Brolin,nodementia,nodementia/James Brolin/JamesBrolin_1.wav,JamesBrolin_1,2,C:\Users\sricb\OneDrive\Desktop\AI dementia dection\AI-Powered-Multimodal-Dementia-System\data\audio\features\mfcc\train\James Brolin\JamesBrolin_1_chunk_002.npy,40,313,False
train,James Brolin,nodementia,nodementia/James Brolin/JamesBrolin_1.wav,JamesBrolin_1,3,C:\Users\sricb\OneDrive\Desktop\AI dementia dection\AI-Powered-Multimodal-Dementia-System\data\audio\features\mfcc\train\James Brolin\JamesBrolin_1_chunk_003.npy,40,313,False
train,James Brolin,nodementia,nodementia/James Brolin/JamesBrolin_1.wav,JamesBrolin_1,4,C:\Users\sricb\OneDrive\Desktop\AI dementia dection\AI-Powered-Multimodal-Dementia-System\data\audio\features\mfcc\train\James Brolin\JamesBrolin_1_chunk_004.npy,40,313,False
train,James Brolin,nodementia,nodementia/James Brolin/JamesBrolin_1.wav,JamesBrolin_1,5,C:\Users\sricb\OneDrive\Desktop\AI dementia dection\AI-Powered-Multimodal-Dementia-System\data\audio\features\mfcc\train\James Brolin\JamesBrolin_1_chunk_005.npy,40,313,False
train,James Brolin,nodementia,nodementia/James Brolin/JamesBrolin_1.wav,JamesBrolin_1,6,C:\Users\sricb\OneDrive\Desktop\AI dementia dection\AI-Powered-Multimodal-Dementia-System\data\audio\features\mfcc\train\James Brolin\JamesBrolin_1_chunk_006.npy,40,313,False
train,James Brolin,nodementia,nodementia/James Brolin/JamesBrolin_1.wav,JamesBrolin_1,7,C:\Users\sricb\OneDrive\Desktop\AI dementia dection\AI-Powered-Multimodal-Dementia-System\data\audio\features\mfcc\train\James Brolin\JamesBrolin_1_chunk_007.npy,40,313,False
train,James Brolin,nodementia,nodementia/James Brolin/JamesBrolin_1.wav,JamesBrolin_1,8,C:\Users\sricb\OneDrive\Desktop\AI dementia dection\AI-Powered-Multimodal-Dementia-System\data\audio\features\mfcc\train\James Brolin\JamesBrolin_1_chunk_008.npy,40,313,False
train,James Brolin,nodementia,nodementia/James Brolin/JamesBrolin_1.wav,JamesBrolin_1,9,C:\Users\sricb\OneDrive\Desktop\AI dementia dection\AI-Powered-Multimodal-Dementia-System\data\audio\features\mfcc\train\James Brolin\JamesBrolin_1_chunk_009.npy,40,313,False
train,James Brolin,nodementia,nodementia/James Brolin/JamesBrolin_1.wav,JamesBrolin_1,10,C:\Users\sricb\OneDrive\Desktop\AI dementia dection\AI-Powered-Multimodal-Dementia-System\data\audio\features\mfcc\train\James Brolin\JamesBrolin_1_chunk_010.npy,40,313,True
train,James Brolin,nodementia,nodementia/James Brolin/JamesBrolin_1.wav,JamesBrolin_1,11,C:\Users\sricb\OneDrive\Desktop\AI dementia dection\AI-Powered-Multimodal-Dementia-System\data\audio\features\mfcc\train\James Brolin\JamesBrolin_1_chunk_011.npy,40,313,True
train,James Caan,nodementia,nodementia/James Caan/JamesCaan_2.wav,JamesCaan_2,1,C:\Users\sricb\OneDrive\Desktop\AI dementia dection\AI-Powered-Multimodal-Dementia-System\data\audio\features\mfcc\train\James Caan\JamesCaan_2_chunk_001.npy,40,313,False
train,James Caan,nodementia,nodementia/James Caan/JamesCaan_2.wav,JamesCaan_2,2,C:\Users\sricb\OneDrive\Desktop\AI dementia dection\AI-Powered-Multimodal-Dementia-System\data\audio\features\mfcc\train\James Caan\JamesCaan_2_chunk_002.npy,40,313,False
train,James Caan,nodementia,nodementia/James Caan/JamesCaan_2.wav,JamesCaan_2,3,C:\Users\sricb\OneDrive\Desktop\AI dementia dection\AI-Powered-Multimodal-Dementia-System\data\audio\features\mfcc\train\James Caan\JamesCaan_2_chunk_003.npy,40,313,False
train,James Caan,nodementia,nodementia/James Caan/JamesCaan_2.wav,JamesCaan_2,4,C:\Users\sricb\OneDrive\Desktop\AI dementia dection\AI-Powered-Multimodal-Dementia-System\data\audio\features\mfcc\train\James Caan\JamesCaan_2_chunk_004.npy,40,313,False
train,James Caan,nodementia,nodementia/James Caan/JamesCaan_2.wav,JamesCaan_2,5,C:\Users\sricb\OneDrive\Desktop\AI dementia dection\AI-Powered-Multimodal-Dementia-System\data\audio\features\mfcc\train\James Caan\JamesCaan_2_chunk_005.npy,40,313,False
train,James Caan,nodementia,nodementia/James Caan/JamesCaan_2.wav,JamesCaan_2,6,C:\Users\sricb\OneDrive\Desktop\AI dementia dection\AI-Powered-Multimodal-Dementia-System\data\audio\features\mfcc\train\James Caan\JamesCaan_2_chunk_006.npy,40,313,True
train,James Caan,nodementia,nodementia/James Caan/JamesCaan_2.wav,JamesCaan_2,7,C:\Users\sricb\OneDrive\Desktop\AI dementia dection\AI-Powered-Multimodal-Dementia-System\data\audio\features\mfcc\train\James Caan\JamesCaan_2_chunk_007.npy,40,313,True
train,James Cromwell,nodementia,nodementia/James Cromwell/JamesCromwell_3.wav,JamesCromwell_3,1,C:\Users\sricb\OneDrive\Desktop\AI dementia dection\AI-Powered-Multimodal-Dementia-System\data\audio\features\mfcc\train\James Cromwell\JamesCromwell_3_chunk_001.npy,40,313,False
train,James Cromwell,nodementia,nodementia/James Cromwell/JamesCromwell_3.wav,JamesCromwell_3,2,C:\Users\sricb\OneDrive\Desktop\AI dementia dection\AI-Powered-Multimodal-Dementia-System\data\audio\features\mfcc\train\James Cromwell\JamesCromwell_3_chunk_002.npy,40,313,False
train,James Cromwell,nodementia,nodementia/James Cromwell/JamesCromwell_3.wav,JamesCromwell_3,3,C:\Users\sricb\OneDrive\Desktop\AI dementia dection\AI-Powered-Multimodal-Dementia-System\data\audio\features\mfcc\train\James Cromwell\JamesCromwell_3_chunk_003.npy,40,313,False
train,James Cromwell,nodementia,nodementia/James Cromwell/JamesCromwell_3.wav,JamesCromwell_3,4,C:\Users\sricb\OneDrive\Desktop\AI dementia dection\AI-Powered-Multimodal-Dementia-System\data\audio\features\mfcc\train\James Cromwell\JamesCromwell_3_chunk_004.npy,40,313,False
train,James Cromwell,nodementia,nodementia/James Cromwell/JamesCromwell_3.wav,JamesCromwell_3,5,C:\Users\sricb\OneDrive\Desktop\AI dementia dection\AI-Powered-Multimodal-Dementia-System\data\audio\features\mfcc\train\James Cromwell\JamesCromwell_3_chunk_005.npy,40,313,False
train,James Cromwell,nodementia,nodementia/James Cromwell/JamesCromwell_3.wav,JamesCromwell_3,6,C:\Users\sricb\OneDrive\Desktop\AI dementia dection\AI-Powered-Multimodal-Dementia-System\data\audio\features\mfcc\train\James Cromwell\JamesCromwell_3_chunk_006.npy,40,313,False
train,James Cromwell,nodementia,nodementia/James Cromwell/JamesCromwell_3.wav,JamesCromwell_3,7,C:\Users\sricb\OneDrive\Desktop\AI dementia dection\AI-Powered-Multimodal-Dementia-System\data\audio\features\mfcc\train\James Cromwell\JamesCromwell_3_chunk_007.npy,40,313,False
train,James Cromwell,nodementia,nodementia/James Cromwell/JamesCromwell_3.wav,JamesCromwell_3,8,C:\Users\sricb\OneDrive\Desktop\AI dementia dection\AI-Powered-Multimodal-Dementia-System\data\audio\features\mfcc\train\James Cromwell\JamesCromwell_3_chunk_008.npy,40,313,False
train,James Cromwell,nodementia,nodementia/James Cromwell/JamesCromwell_3.wav,JamesCromwell_3,9,C:\Users\sricb\OneDrive\Desktop\AI dementia dection\AI-Powered-Multimodal-Dementia-System\data\audio\features\mfcc\train\James Cromwell\JamesCromwell_3_chunk_009.npy,40,313,False
train,James Cromwell,nodementia,nodementia/James Cromwell/JamesCromwell_3.wav,JamesCromwell_3,10,C:\Users\sricb\OneDrive\Desktop\AI dementia dection\AI-Powered-Multimodal-Dementia-System\data\audio\features\mfcc\train\James Cromwell\JamesCromwell_3_chunk_010.npy,40,313,False
train,James Cromwell,nodementia,nodementia/James Cromwell/JamesCromwell_3.wav,JamesCromwell_3,11,C:\Users\sricb\OneDrive\Desktop\AI dementia dection\AI-Powered-Multimodal-Dementia-System\data\audio\features\mfcc\train\James Cromwell\JamesCromwell_3_chunk_011.npy,40,313,False
train,James Cromwell,nodementia,nodementia/James Cromwell/JamesCromwell_3.wav,JamesCromwell_3,12,C:\Users\sricb\OneDrive\Desktop\AI dementia dection\AI-Powered-Multimodal-Dementia-System\data\audio\features\mfcc\train\James Cromwell\JamesCromwell_3_chunk_012.npy,40,313,False
train,James Cromwell,nodementia,nodementia/James Cromwell/JamesCromwell_3.wav,JamesCromwell_3,13,C:\Users\sricb\OneDrive\Desktop\AI dementia dection\AI-Powered-Multimodal-Dementia-System\data\audio\features\mfcc\train\James Cromwell\JamesCromwell_3_chunk_013.npy,40,313,True
train,James Cromwell,nodementia,nodementia/James Cromwell/JamesCromwell_3.wav,JamesCromwell_3,14,C:\Users\sricb\OneDrive\Desktop\AI dementia dection\AI-Powered-Multimodal-Dementia-System\data\audio\features\mfcc\train\James Cromwell\JamesCromwell_3_chunk_014.npy,40,313,True
train,James Earl Jones,nodementia,nodementia/James Earl Jones/james earl jones_1.wav,james earl jones_1,1,C:\Users\sricb\OneDrive\Desktop\AI dementia dection\AI-Powered-Multimodal-Dementia-System\data\audio\features\mfcc\train\James Earl Jones\james earl jones_1_chunk_001.npy,40,313,False
train,James Earl Jones,nodementia,nodementia/James Earl Jones/james earl jones_1.wav,james earl jones_1,2,C:\Users\sricb\OneDrive\Desktop\AI dementia dection\AI-Powered-Multimodal-Dementia-System\data\audio\features\mfcc\train\James Earl Jones\james earl jones_1_chunk_002.npy,40,313,False
train,James Earl Jones,nodementia,nodementia/James Earl Jones/james earl jones_1.wav,james earl jones_1,3,C:\Users\sricb\OneDrive\Desktop\AI dementia dection\AI-Powered-Multimodal-Dementia-System\data\audio\features\mfcc\train\James Earl Jones\james earl jones_1_chunk_003.npy,40,313,False
train,James Earl Jones,nodementia,nodementia/James Earl Jones/james earl jones_1.wav,james earl jones_1,4,C:\Users\sricb\OneDrive\Desktop\AI dementia dection\AI-Powered-Multimodal-Dementia-System\data\audio\features\mfcc\train\James Earl Jones\james earl jones_1_chunk_004.npy,40,313,False
train,James Earl Jones,nodementia,nodementia/James Earl Jones/james earl jones_1.wav,james earl jones_1,5,C:\Users\sricb\OneDrive\Desktop\AI dementia dection\AI-Powered-Multimodal-Dementia-System\data\audio\features\mfcc\train\James Earl Jones\james earl jones_1_chunk_005.npy,40,313,False
train,James Earl Jones,nodementia,nodementia/James Earl Jones/james earl jones_1.wav,james earl jones_1,6,C:\Users\sricb\OneDrive\Desktop\AI dementia dection\AI-Powered-Multimodal-Dementia-System\data\audio\features\mfcc\train\James Earl Jones\james earl jones_1_chunk_006.npy,40,313,False
train,James Earl Jones,nodementia,nodementia/James Earl Jones/james earl jones_1.wav,james earl jones_1,7,C:\Users\sricb\OneDrive\Desktop\AI dementia dection\AI-Powered-Multimodal-Dementia-System\data\audio\features\mfcc\train\James Earl Jones\james earl jones_1_chunk_007.npy,40,313,False
train,James Earl Jones,nodementia,nodementia/James Earl Jones/james earl jones_1.wav,james earl jones_1,8,C:\Users\sricb\OneDrive\Desktop\AI dementia dection\AI-Powered-Multimodal-Dementia-System\data\audio\features\mfcc\train\James Earl Jones\james earl jones_1_chunk_008.npy,40,313,False
train,James Earl Jones,nodementia,nodementia/James Earl Jones/james earl jones_1.wav,james earl jones_1,9,C:\Users\sricb\OneDrive\Desktop\AI dementia dection\AI-Powered-Multimodal-Dementia-System\data\audio\features\mfcc\train\James Earl Jones\james earl jones_1_chunk_009.npy,40,313,False
train,James Earl Jones,nodementia,nodementia/James Earl Jones/james earl jones_1.wav,james earl jones_1,10,C:\Users\sricb\OneDrive\Desktop\AI dementia dection\AI-Powered-Multimodal-Dementia-System\data\audio\features\mfcc\train\James Earl Jones\james earl jones_1_chunk_010.npy,40,313,False
train,James Earl Jones,nodementia,nodementia/James Earl Jones/james earl jones_1.wav,james earl jones_1,11,C:\Users\sricb\OneDrive\Desktop\AI dementia dection\AI-Powered-Multimodal-Dementia-System\data\audio\features\mfcc\train\James Earl Jones\james earl jones_1_chunk_011.npy,40,313,False
train,James Earl Jones,nodementia,nodementia/James Earl Jones/james earl jones_1.wav,james earl jones_1,12,C:\Users\sricb\OneDrive\Desktop\AI dementia dection\AI-Powered-Multimodal-Dementia-System\data\audio\features\mfcc\train\James Earl Jones\james earl jones_1_chunk_012.npy,40,313,False
train,James Earl Jones,nodementia,nodementia/James Earl Jones/james earl jones_1.wav,james earl jones_1,13,C:\Users\sricb\OneDrive\Desktop\AI dementia dection\AI-Powered-Multimodal-Dementia-System\data\audio\features\mfcc\train\James Earl Jones\james earl jones_1_chunk_013.npy,40,313,False
train,James Earl Jones,nodementia,nodementia/James Earl Jones/james earl jones_1.wav,james earl jones_1,14,C:\Users\sricb\OneDrive\Desktop\AI dementia dection\AI-Powered-Multimodal-Dementia-System\data\audio\features\mfcc\train\James Earl Jones\james earl jones_1_chunk_014.npy,40,313,False
train,James Earl Jones,nodementia,nodementia/James Earl Jones/james earl jones_1.wav,james earl jones_1,15,C:\Users\sricb\OneDrive\Desktop\AI dementia dection\AI-Powered-Multimodal-Dementia-System\data\audio\features\mfcc\train\James Earl Jones\james earl jones_1_chunk_015.npy,40,313,False
train,James Earl Jones,nodementia,nodementia/James Earl Jones/james earl jones_1.wav,james earl jones_1,16,C:\Users\sricb\OneDrive\Desktop\AI dementia dection\AI-Powered-Multimodal-Dementia-System\data\audio\features\mfcc\train\James Earl Jones\james earl jones_1_chunk_016.npy,40,313,False
train,James Earl Jones,nodementia,nodementia/James Earl Jones/james earl jones_1.wav,james earl jones_1,17,C:\Users\sricb\OneDrive\Desktop\AI dementia dection\AI-Powered-Multimodal-Dementia-System\data\audio\features\mfcc\train\James Earl Jones\james earl jones_1_chunk_017.npy,40,313,False
train,James Earl Jones,nodementia,nodementia/James Earl Jones/james earl jones_1.wav,james earl jones_1,18,C:\Users\sricb\OneDrive\Desktop\AI dementia dection\AI-Powered-Multimodal-Dementia-System\data\audio\features\mfcc\train\James Earl Jones\james earl jones_1_chunk_018.npy,40,313,True
train,Jerry Lewis,nodementia,nodementia/Jerry Lewis/JerryLewis1.wav,JerryLewis1,1,C:\Users\sricb\OneDrive\Desktop\AI dementia dection\AI-Powered-Multimodal-Dementia-System\data\audio\features\mfcc\train\Jerry Lewis\JerryLewis1_chunk_001.npy,40,313,False
train,Jerry Lewis,nodementia,nodementia/Jerry Lewis/JerryLewis1.wav,JerryLewis1,2,C:\Users\sricb\OneDrive\Desktop\AI dementia dection\AI-Powered-Multimodal-Dementia-System\data\audio\features\mfcc\train\Jerry Lewis\JerryLewis1_chunk_002.npy,40,313,False
train,Jerry Lewis,nodementia,nodementia/Jerry Lewis/JerryLewis1.wav,JerryLewis1,3,C:\Users\sricb\OneDrive\Desktop\AI dementia dection\AI-Powered-Multimodal-Dementia-System\data\audio\features\mfcc\train\Jerry Lewis\JerryLewis1_chunk_003.npy,40,313,False
train,Jerry Lewis,nodementia,nodementia/Jerry Lewis/JerryLewis1.wav,JerryLewis1,4,C:\Users\sricb\OneDrive\Desktop\AI dementia dection\AI-Powered-Multimodal-Dementia-System\data\audio\features\mfcc\train\Jerry Lewis\JerryLewis1_chunk_004.npy,40,313,False
train,Jerry Lewis,nodementia,nodementia/Jerry Lewis/JerryLewis1.wav,JerryLewis1,5,C:\Users\sricb\OneDrive\Desktop\AI dementia dection\AI-Powered-Multimodal-Dementia-System\data\audio\features\mfcc\train\Jerry Lewis\JerryLewis1_chunk_005.npy,40,313,False
train,Jerry Lewis,nodementia,nodementia/Jerry Lewis/JerryLewis1.wav,JerryLewis1,6,C:\Users\sricb\OneDrive\Desktop\AI dementia dection\AI-Powered-Multimodal-Dementia-System\data\audio\features\mfcc\train\Jerry Lewis\JerryLewis1_chunk_006.npy,40,313,False
train,Jerry Lewis,nodementia,nodementia/Jerry Lewis/JerryLewis1.wav,JerryLewis1,7,C:\Users\sricb\OneDrive\Desktop\AI dementia dection\AI-Powered-Multimodal-Dementia-System\data\audio\features\mfcc\train\Jerry Lewis\JerryLewis1_chunk_007.npy,40,313,False
train,Jerry Lewis,nodementia,nodementia/Jerry Lewis/JerryLewis1.wav,JerryLewis1,8,C:\Users\sricb\OneDrive\Desktop\AI dementia dection\AI-Powered-Multimodal-Dementia-System\data\audio\features\mfcc\train\Jerry Lewis\JerryLewis1_chunk_008.npy,40,313,False
train,Jerry Lewis,nodementia,nodementia/Jerry Lewis/JerryLewis1.wav,JerryLewis1,9,C:\Users\sricb\OneDrive\Desktop\AI dementia dection\AI-Powered-Multimodal-Dementia-System\data\audio\features\mfcc\train\Jerry Lewis\JerryLewis1_chunk_009.npy,40,313,False
train,Jerry Lewis,nodementia,nodementia/Jerry Lewis/JerryLewis1.wav,JerryLewis1,10,C:\Users\sricb\OneDrive\Desktop\AI dementia dection\AI-Powered-Multimodal-Dementia-System\data\audio\features\mfcc\train\Jerry Lewis\JerryLewis1_chunk_010.npy,40,313,False
train,Jerry Lewis,nodementia,nodementia/Jerry Lewis/JerryLewis1.wav,JerryLewis1,11,C:\Users\sricb\OneDrive\Desktop\AI dementia dection\AI-Powered-Multimodal-Dementia-System\data\audio\features\mfcc\train\Jerry Lewis\JerryLewis1_chunk_011.npy,40,313,False
train,Jerry Lewis,nodementia,nodementia/Jerry Lewis/JerryLewis1.wav,JerryLewis1,12,C:\Users\sricb\OneDrive\Desktop\AI dementia dection\AI-Powered-Multimodal-Dementia-System\data\audio\features\mfcc\train\Jerry Lewis\JerryLewis1_chunk_012.npy,40,313,False
train,Jerry Lewis,nodementia,nodementia/Jerry Lewis/JerryLewis1.wav,JerryLewis1,13,C:\Users\sricb\OneDrive\Desktop\AI dementia dection\AI-Powered-Multimodal-Dementia-System\data\audio\features\mfcc\train\Jerry Lewis\JerryLewis1_chunk_013.npy,40,313,False
train,Jerry Lewis,nodementia,nodementia/Jerry Lewis/JerryLewis1.wav,JerryLewis1,14,C:\Users\sricb\OneDrive\Desktop\AI dementia dection\AI-Powered-Multimodal-Dementia-System\data\audio\features\mfcc\train\Jerry Lewis\JerryLewis1_chunk_014.npy,40,313,False
train,Jerry Lewis,nodementia,nodementia/Jerry Lewis/JerryLewis1.wav,JerryLewis1,15,C:\Users\sricb\OneDrive\Desktop\AI dementia dection\AI-Powered-Multimodal-Dementia-System\data\audio\features\mfcc\train\Jerry Lewis\JerryLewis1_chunk_015.npy,40,313,True
train,Jerry Lewis,nodementia,nodementia/Jerry Lewis/JerryLewis1.wav,JerryLewis1,16,C:\Users\sricb\OneDrive\Desktop\AI dementia dection\AI-Powered-Multimodal-Dementia-System\data\audio\features\mfcc\train\Jerry Lewis\JerryLewis1_chunk_016.npy,40,313,True
train,Jerry Lewis,nodementia,nodementia/Jerry Lewis/JerryLewis2.wav,JerryLewis2,1,C:\Users\sricb\OneDrive\Desktop\AI dementia dection\AI-Powered-Multimodal-Dementia-System\data\audio\features\mfcc\train\Jerry Lewis\JerryLewis2_chunk_001.npy,40,313,False
train,Jerry Lewis,nodementia,nodementia/Jerry Lewis/JerryLewis2.wav,JerryLewis2,2,C:\Users\sricb\OneDrive\Desktop\AI dementia dection\AI-Powered-Multimodal-Dementia-System\data\audio\features\mfcc\train\Jerry Lewis\JerryLewis2_chunk_002.npy,40,313,False
train,Jerry Lewis,nodementia,nodementia/Jerry Lewis/JerryLewis2.wav,JerryLewis2,3,C:\Users\sricb\OneDrive\Desktop\AI dementia dection\AI-Powered-Multimodal-Dementia-System\data\audio\features\mfcc\train\Jerry Lewis\JerryLewis2_chunk_003.npy,40,313,False
train,Jerry Lewis,nodementia,nodementia/Jerry Lewis/JerryLewis2.wav,JerryLewis2,4,C:\Users\sricb\OneDrive\Desktop\AI dementia dection\AI-Powered-Multimodal-Dementia-System\data\audio\features\mfcc\train\Jerry Lewis\JerryLewis2_chunk_004.npy,40,313,False
train,Jerry Lewis,nodementia,nodementia/Jerry Lewis/JerryLewis2.wav,JerryLewis2,5,C:\Users\sricb\OneDrive\Desktop\AI dementia dection\AI-Powered-Multimodal-Dementia-System\data\audio\features\mfcc\train\Jerry Lewis\JerryLewis2_chunk_005.npy,40,313,False
train,Jerry Lewis,nodementia,nodementia/Jerry Lewis/JerryLewis2.wav,JerryLewis2,6,C:\Users\sricb\OneDrive\Desktop\AI dementia dection\AI-Powered-Multimodal-Dementia-System\data\audio\features\mfcc\train\Jerry Lewis\JerryLewis2_chunk_006.npy,40,313,False
train,Jerry Lewis,nodementia,nodementia/Jerry Lewis/JerryLewis2.wav,JerryLewis2,7,C:\Users\sricb\OneDrive\Desktop\AI dementia dection\AI-Powered-Multimodal-Dementia-System\data\audio\features\mfcc\train\Jerry Lewis\JerryLewis2_chunk_007.npy,40,313,False
train,Jerry Lewis,nodementia,nodementia/Jerry Lewis/JerryLewis2.wav,JerryLewis2,8,C:\Users\sricb\OneDrive\Desktop\AI dementia dection\AI-Powered-Multimodal-Dementia-System\data\audio\features\mfcc\train\Jerry Lewis\JerryLewis2_chunk_008.npy,40,313,False
train,Jerry Lewis,nodementia,nodementia/Jerry Lewis/JerryLewis2.wav,JerryLewis2,9,C:\Users\sricb\OneDrive\Desktop\AI dementia dection\AI-Powered-Multimodal-Dementia-System\data\audio\features\mfcc\train\Jerry Lewis\JerryLewis2_chunk_009.npy,40,313,False
train,Jerry Lewis,nodementia,nodementia/Jerry Lewis/JerryLewis2.wav,JerryLewis2,10,C:\Users\sricb\OneDrive\Desktop\AI dementia dection\AI-Powered-Multimodal-Dementia-System\data\audio\features\mfcc\train\Jerry Lewis\JerryLewis2_chunk_010.npy,40,313,False
train,Jerry Lewis,nodementia,nodementia/Jerry Lewis/JerryLewis2.wav,JerryLewis2,11,C:\Users\sricb\OneDrive\Desktop\AI dementia dection\AI-Powered-Multimodal-Dementia-System\data\audio\features\mfcc\train\Jerry Lewis\JerryLewis2_chunk_011.npy,40,313,False
train,Jerry Lewis,nodementia,nodementia/Jerry Lewis/JerryLewis2.wav,JerryLewis2,12,C:\Users\sricb\OneDrive\Desktop\AI dementia dection\AI-Powered-Multimodal-Dementia-System\data\audio\features\mfcc\train\Jerry Lewis\JerryLewis2_chunk_012.npy,40,313,False
train,Jerry Lewis,nodementia,nodementia/Jerry Lewis/JerryLewis2.wav,JerryLewis2,13,C:\Users\sricb\OneDrive\Desktop\AI dementia dection\AI-Powered-Multimodal-Dementia-System\data\audio\features\mfcc\train\Jerry Lewis\JerryLewis2_chunk_013.npy,40,313,False
train,Jerry Lewis,nodementia,nodementia/Jerry Lewis/JerryLewis2.wav,JerryLewis2,14,C:\Users\sricb\OneDrive\Desktop\AI dementia dection\AI-Powered-Multimodal-Dementia-System\data\audio\features\mfcc\train\Jerry Lewis\JerryLewis2_chunk_014.npy,40,313,False
train,Jerry Lewis,nodementia,nodementia/Jerry Lewis/JerryLewis2.wav,JerryLewis2,15,C:\Users\sricb\OneDrive\Desktop\AI dementia dection\AI-Powered-Multimodal-Dementia-System\data\audio\features\mfcc\train\Jerry Lewis\JerryLewis2_chunk_015.npy,40,313,False
train,Jerry Lewis,nodementia,nodementia/Jerry Lewis/JerryLewis2.wav,JerryLewis2,16,C:\Users\sricb\OneDrive\Desktop\AI dementia dection\AI-Powered-Multimodal-Dementia-System\data\audio\features\mfcc\train\Jerry Lewis\JerryLewis2_chunk_016.npy,40,313,False
train,Jerry Lewis,nodementia,nodementia/Jerry Lewis/JerryLewis2.wav,JerryLewis2,17,C:\Users\sricb\OneDrive\Desktop\AI dementia dection\AI-Powered-Multimodal-Dementia-System\data\audio\features\mfcc\train\Jerry Lewis\JerryLewis2_chunk_017.npy,40,313,False
train,Jerry Lewis,nodementia,nodementia/Jerry Lewis/JerryLewis2.wav,JerryLewis2,18,C:\Users\sricb\OneDrive\Desktop\AI dementia dection\AI-Powered-Multimodal-Dementia-System\data\audio\features\mfcc\train\Jerry Lewis\JerryLewis2_chunk_018.npy,40,313,True
train,Jimmy Carter,nodementia,nodementia/Jimmy Carter/Jimmy carter_2.wav,Jimmy carter_2,1,C:\Users\sricb\OneDrive\Desktop\AI dementia dection\AI-Powered-Multimodal-Dementia-System\data\audio\features\mfcc\train\Jimmy Carter\Jimmy carter_2_chunk_001.npy,40,313,False
train,Jimmy Carter,nodementia,nodementia/Jimmy Carter/Jimmy carter_2.wav,Jimmy carter_2,2,C:\Users\sricb\OneDrive\Desktop\AI dementia dection\AI-Powered-Multimodal-Dementia-System\data\audio\features\mfcc\train\Jimmy Carter\Jimmy carter_2_chunk_002.npy,40,313,False
train,Jimmy Carter,nodementia,nodementia/Jimmy Carter/Jimmy carter_2.wav,Jimmy carter_2,3,C:\Users\sricb\OneDrive\Desktop\AI dementia dection\AI-Powered-Multimodal-Dementia-System\data\audio\features\mfcc\train\Jimmy Carter\Jimmy carter_2_chunk_003.npy,40,313,False
train,Jimmy Carter,nodementia,nodementia/Jimmy Carter/Jimmy carter_2.wav,Jimmy carter_2,4,C:\Users\sricb\OneDrive\Desktop\AI dementia dection\AI-Powered-Multimodal-Dementia-System\data\audio\features\mfcc\train\Jimmy Carter\Jimmy carter_2_chunk_004.npy,40,313,False
train,Jimmy Carter,nodementia,nodementia/Jimmy Carter/Jimmy carter_2.wav,Jimmy carter_2,5,C:\Users\sricb\OneDrive\Desktop\AI dementia dection\AI-Powered-Multimodal-Dementia-System\data\audio\features\mfcc\train\Jimmy Carter\Jimmy carter_2_chunk_005.npy,40,313,False
train,Jimmy Carter,nodementia,nodementia/Jimmy Carter/Jimmy carter_2.wav,Jimmy carter_2,6,C:\Users\sricb\OneDrive\Desktop\AI dementia dection\AI-Powered-Multimodal-Dementia-System\data\audio\features\mfcc\train\Jimmy Carter\Jimmy carter_2_chunk_006.npy,40,313,False
train,Jimmy Carter,nodementia,nodementia/Jimmy Carter/Jimmy carter_2.wav,Jimmy carter_2,7,C:\Users\sricb\OneDrive\Desktop\AI dementia dection\AI-Powered-Multimodal-Dementia-System\data\audio\features\mfcc\train\Jimmy Carter\Jimmy carter_2_chunk_007.npy,40,313,True
train,Jimmy Carter,nodementia,nodementia/Jimmy Carter/Jimmy carter_2.wav,Jimmy carter_2,8,C:\Users\sricb\OneDrive\Desktop\AI dementia dection\AI-Powered-Multimodal-Dementia-System\data\audio\features\mfcc\train\Jimmy Carter\Jimmy carter_2_chunk_008.npy,40,313,True
train,Judi Dench,nodementia,nodementia/Judi Dench/Judi Dench_2.wav,Judi Dench_2,1,C:\Users\sricb\OneDrive\Desktop\AI dementia dection\AI-Powered-Multimodal-Dementia-System\data\audio\features\mfcc\train\Judi Dench\Judi Dench_2_chunk_001.npy,40,313,False
train,Judi Dench,nodementia,nodementia/Judi Dench/Judi Dench_2.wav,Judi Dench_2,2,C:\Users\sricb\OneDrive\Desktop\AI dementia dection\AI-Powered-Multimodal-Dementia-System\data\audio\features\mfcc\train\Judi Dench\Judi Dench_2_chunk_002.npy,40,313,False
train,Judi Dench,nodementia,nodementia/Judi Dench/Judi Dench_2.wav,Judi Dench_2,3,C:\Users\sricb\OneDrive\Desktop\AI dementia dection\AI-Powered-Multimodal-Dementia-System\data\audio\features\mfcc\train\Judi Dench\Judi Dench_2_chunk_003.npy,40,313,False
train,Judi Dench,nodementia,nodementia/Judi Dench/Judi Dench_2.wav,Judi Dench_2,4,C:\Users\sricb\OneDrive\Desktop\AI dementia dection\AI-Powered-Multimodal-Dementia-System\data\audio\features\mfcc\train\Judi Dench\Judi Dench_2_chunk_004.npy,40,313,False
train,Judi Dench,nodementia,nodementia/Judi Dench/Judi Dench_2.wav,Judi Dench_2,5,C:\Users\sricb\OneDrive\Desktop\AI dementia dection\AI-Powered-Multimodal-Dementia-System\data\audio\features\mfcc\train\Judi Dench\Judi Dench_2_chunk_005.npy,40,313,False
train,Judi Dench,nodementia,nodementia/Judi Dench/Judi Dench_2.wav,Judi Dench_2,6,C:\Users\sricb\OneDrive\Desktop\AI dementia dection\AI-Powered-Multimodal-Dementia-System\data\audio\features\mfcc\train\Judi Dench\Judi Dench_2_chunk_006.npy,40,313,False
train,Judi Dench,nodementia,nodementia/Judi Dench/Judi Dench_2.wav,Judi Dench_2,7,C:\Users\sricb\OneDrive\Desktop\AI dementia dection\AI-Powered-Multimodal-Dementia-System\data\audio\features\mfcc\train\Judi Dench\Judi Dench_2_chunk_007.npy,40,313,False
train,Judi Dench,nodementia,nodementia/Judi Dench/Judi Dench_2.wav,Judi Dench_2,8,C:\Users\sricb\OneDrive\Desktop\AI dementia dection\AI-Powered-Multimodal-Dementia-System\data\audio\features\mfcc\train\Judi Dench\Judi Dench_2_chunk_008.npy,40,313,False
train,Judi Dench,nodementia,nodementia/Judi Dench/Judi Dench_2.wav,Judi Dench_2,9,C:\Users\sricb\OneDrive\Desktop\AI dementia dection\AI-Powered-Multimodal-Dementia-System\data\audio\features\mfcc\train\Judi Dench\Judi Dench_2_chunk_009.npy,40,313,False
train,Judi Dench,nodementia,nodementia/Judi Dench/Judi Dench_2.wav,Judi Dench_2,10,C:\Users\sricb\OneDrive\Desktop\AI dementia dection\AI-Powered-Multimodal-Dementia-System\data\audio\features\mfcc\train\Judi Dench\Judi Dench_2_chunk_010.npy,40,313,False
train,Judi Dench,nodementia,nodementia/Judi Dench/Judi Dench_2.wav,Judi Dench_2,11,C:\Users\sricb\OneDrive\Desktop\AI dementia dection\AI-Powered-Multimodal-Dementia-System\data\audio\features\mfcc\train\Judi Dench\Judi Dench_2_chunk_011.npy,40,313,False
train,Judi Dench,nodementia,nodementia/Judi Dench/Judi Dench_2.wav,Judi Dench_2,12,C:\Users\sricb\OneDrive\Desktop\AI dementia dection\AI-Powered-Multimodal-Dementia-System\data\audio\features\mfcc\train\Judi Dench\Judi Dench_2_chunk_012.npy,40,313,False
train,Judi Dench,nodementia,nodementia/Judi Dench/Judi Dench_2.wav,Judi Dench_2,13,C:\Users\sricb\OneDrive\Desktop\AI dementia dection\AI-Powered-Multimodal-Dementia-System\data\audio\features\mfcc\train\Judi Dench\Judi Dench_2_chunk_013.npy,40,313,False
train,Judi Dench,nodementia,nodementia/Judi Dench/Judi Dench_2.wav,Judi Dench_2,14,C:\Users\sricb\OneDrive\Desktop\AI dementia dection\AI-Powered-Multimodal-Dementia-System\data\audio\features\mfcc\train\Judi Dench\Judi Dench_2_chunk_014.npy,40,313,False
train,Judi Dench,nodementia,nodementia/Judi Dench/Judi Dench_2.wav,Judi Dench_2,15,C:\Users\sricb\OneDrive\Desktop\AI dementia dection\AI-Powered-Multimodal-Dementia-System\data\audio\features\mfcc\train\Judi Dench\Judi Dench_2_chunk_015.npy,40,313,False
train,Judi Dench,nodementia,nodementia/Judi Dench/Judi Dench_2.wav,Judi Dench_2,16,C:\Users\sricb\OneDrive\Desktop\AI dementia dection\AI-Powered-Multimodal-Dementia-System\data\audio\features\mfcc\train\Judi Dench\Judi Dench_2_chunk_016.npy,40,313,False
train,Judi Dench,nodementia,nodementia/Judi Dench/Judi Dench_2.wav,Judi Dench_2,17,C:\Users\sricb\OneDrive\Desktop\AI dementia dection\AI-Powered-Multimodal-Dementia-System\data\audio\features\mfcc\train\Judi Dench\Judi Dench_2_chunk_017.npy,40,313,False
train,Judi Dench,nodementia,nodementia/Judi Dench/Judi Dench_2.wav,Judi Dench_2,18,C:\Users\sricb\OneDrive\Desktop\AI dementia dection\AI-Powered-Multimodal-Dementia-System\data\audio\features\mfcc\train\Judi Dench\Judi Dench_2_chunk_018.npy,40,313,True
train,Judi Dench,nodementia,nodementia/Judi Dench/Judi Dench_3.wav,Judi Dench_3,1,C:\Users\sricb\OneDrive\Desktop\AI dementia dection\AI-Powered-Multimodal-Dementia-System\data\audio\features\mfcc\train\Judi Dench\Judi Dench_3_chunk_001.npy,40,313,False
train,Judi Dench,nodementia,nodementia/Judi Dench/Judi Dench_3.wav,Judi Dench_3,2,C:\Users\sricb\OneDrive\Desktop\AI dementia dection\AI-Powered-Multimodal-Dementia-System\data\audio\features\mfcc\train\Judi Dench\Judi Dench_3_chunk_002.npy,40,313,False
train,Judi Dench,nodementia,nodementia/Judi Dench/Judi Dench_3.wav,Judi Dench_3,3,C:\Users\sricb\OneDrive\Desktop\AI dementia dection\AI-Powered-Multimodal-Dementia-System\data\audio\features\mfcc\train\Judi Dench\Judi Dench_3_chunk_003.npy,40,313,False
train,Judi Dench,nodementia,nodementia/Judi Dench/Judi Dench_3.wav,Judi Dench_3,4,C:\Users\sricb\OneDrive\Desktop\AI dementia dection\AI-Powered-Multimodal-Dementia-System\data\audio\features\mfcc\train\Judi Dench\Judi Dench_3_chunk_004.npy,40,313,False
train,Judi Dench,nodementia,nodementia/Judi Dench/Judi Dench_3.wav,Judi Dench_3,5,C:\Users\sricb\OneDrive\Desktop\AI dementia dection\AI-Powered-Multimodal-Dementia-System\data\audio\features\mfcc\train\Judi Dench\Judi Dench_3_chunk_005.npy,40,313,False
train,Judi Dench,nodementia,nodementia/Judi Dench/Judi Dench_3.wav,Judi Dench_3,6,C:\Users\sricb\OneDrive\Desktop\AI dementia dection\AI-Powered-Multimodal-Dementia-System\data\audio\features\mfcc\train\Judi Dench\Judi Dench_3_chunk_006.npy,40,313,False
train,Judi Dench,nodementia,nodementia/Judi Dench/Judi Dench_3.wav,Judi Dench_3,7,C:\Users\sricb\OneDrive\Desktop\AI dementia dection\AI-Powered-Multimodal-Dementia-System\data\audio\features\mfcc\train\Judi Dench\Judi Dench_3_chunk_007.npy,40,313,False
train,Judi Dench,nodementia,nodementia/Judi Dench/Judi Dench_3.wav,Judi Dench_3,8,C:\Users\sricb\OneDrive\Desktop\AI dementia dection\AI-Powered-Multimodal-Dementia-System\data\audio\features\mfcc\train\Judi Dench\Judi Dench_3_chunk_008.npy,40,313,False
train,Judi Dench,nodementia,nodementia/Judi Dench/Judi Dench_3.wav,Judi Dench_3,9,C:\Users\sricb\OneDrive\Desktop\AI dementia dection\AI-Powered-Multimodal-Dementia-System\data\audio\features\mfcc\train\Judi Dench\Judi Dench_3_chunk_009.npy,40,313,False
train,Judi Dench,nodementia,nodementia/Judi Dench/Judi Dench_3.wav,Judi Dench_3,10,C:\Users\sricb\OneDrive\Desktop\AI dementia dection\AI-Powered-Multimodal-Dementia-System\data\audio\features\mfcc\train\Judi Dench\Judi Dench_3_chunk_010.npy,40,313,False
train,Judi Dench,nodementia,nodementia/Judi Dench/Judi Dench_3.wav,Judi Dench_3,11,C:\Users\sricb\OneDrive\Desktop\AI dementia dection\AI-Powered-Multimodal-Dementia-System\data\audio\features\mfcc\train\Judi Dench\Judi Dench_3_chunk_011.npy,40,313,False
train,Judi Dench,nodementia,nodementia/Judi Dench/Judi Dench_3.wav,Judi Dench_3,12,C:\Users\sricb\OneDrive\Desktop\AI dementia dection\AI-Powered-Multimodal-Dementia-System\data\audio\features\mfcc\train\Judi Dench\Judi Dench_3_chunk_012.npy,40,313,False
train,Judi Dench,nodementia,nodementia/Judi Dench/Judi Dench_3.wav,Judi Dench_3,13,C:\Users\sricb\OneDrive\Desktop\AI dementia dection\AI-Powered-Multimodal-Dementia-System\data\audio\features\mfcc\train\Judi Dench\Judi Dench_3_chunk_013.npy,40,313,False
train,Judi Dench,nodementia,nodementia/Judi Dench/Judi Dench_3.wav,Judi Dench_3,14,C:\Users\sricb\OneDrive\Desktop\AI dementia dection\AI-Powered-Multimodal-Dementia-System\data\audio\features\mfcc\train\Judi Dench\Judi Dench_3_chunk_014.npy,40,313,False
train,Judi Dench,nodementia,nodementia/Judi Dench/Judi Dench_3.wav,Judi Dench_3,15,C:\Users\sricb\OneDrive\Desktop\AI dementia dection\AI-Powered-Multimodal-Dementia-System\data\audio\features\mfcc\train\Judi Dench\Judi Dench_3_chunk_015.npy,40,313,False
train,Judi Dench,nodementia,nodementia/Judi Dench/Judi Dench_3.wav,Judi Dench_3,16,C:\Users\sricb\OneDrive\Desktop\AI dementia dection\AI-Powered-Multimodal-Dementia-System\data\audio\features\mfcc\train\Judi Dench\Judi Dench_3_chunk_016.npy,40,313,False
train,Judi Dench,nodementia,nodementia/Judi Dench/Judi Dench_3.wav,Judi Dench_3,17,C:\Users\sricb\OneDrive\Desktop\AI dementia dection\AI-Powered-Multimodal-Dementia-System\data\audio\features\mfcc\train\Judi Dench\Judi Dench_3_chunk_017.npy,40,313,False
train,Judi Dench,nodementia,nodementia/Judi Dench/Judi Dench_3.wav,Judi Dench_3,18,C:\Users\sricb\OneDrive\Desktop\AI dementia dection\AI-Powered-Multimodal-Dementia-System\data\audio\features\mfcc\train\Judi Dench\Judi Dench_3_chunk_018.npy,40,313,True
train,Kenny Rogers,nodementia,nodementia/Kenny Rogers/KennyRogers_1.wav,KennyRogers_1,1,C:\Users\sricb\OneDrive\Desktop\AI dementia dection\AI-Powered-Multimodal-Dementia-System\data\audio\features\mfcc\train\Kenny Rogers\KennyRogers_1_chunk_001.npy,40,313,False
train,Kenny Rogers,nodementia,nodementia/Kenny Rogers/KennyRogers_1.wav,KennyRogers_1,2,C:\Users\sricb\OneDrive\Desktop\AI dementia dection\AI-Powered-Multimodal-Dementia-System\data\audio\features\mfcc\train\Kenny Rogers\KennyRogers_1_chunk_002.npy,40,313,False
train,Kenny Rogers,nodementia,nodementia/Kenny Rogers/KennyRogers_1.wav,KennyRogers_1,3,C:\Users\sricb\OneDrive\Desktop\AI dementia dection\AI-Powered-Multimodal-Dementia-System\data\audio\features\mfcc\train\Kenny Rogers\KennyRogers_1_chunk_003.npy,40,313,False
train,Kenny Rogers,nodementia,nodementia/Kenny Rogers/KennyRogers_1.wav,KennyRogers_1,4,C:\Users\sricb\OneDrive\Desktop\AI dementia dection\AI-Powered-Multimodal-Dementia-System\data\audio\features\mfcc\train\Kenny Rogers\KennyRogers_1_chunk_004.npy,40,313,True
train,Kenny Rogers,nodementia,nodementia/Kenny Rogers/KennyRogers_1.wav,KennyRogers_1,5,C:\Users\sricb\OneDrive\Desktop\AI dementia dection\AI-Powered-Multimodal-Dementia-System\data\audio\features\mfcc\train\Kenny Rogers\KennyRogers_1_chunk_005.npy,40,313,True
train,Kenny Rogers,nodementia,nodementia/Kenny Rogers/KennyRogers_3.wav,KennyRogers_3,1,C:\Users\sricb\OneDrive\Desktop\AI dementia dection\AI-Powered-Multimodal-Dementia-System\data\audio\features\mfcc\train\Kenny Rogers\KennyRogers_3_chunk_001.npy,40,313,False
train,Kenny Rogers,nodementia,nodementia/Kenny Rogers/KennyRogers_3.wav,KennyRogers_3,2,C:\Users\sricb\OneDrive\Desktop\AI dementia dection\AI-Powered-Multimodal-Dementia-System\data\audio\features\mfcc\train\Kenny Rogers\KennyRogers_3_chunk_002.npy,40,313,False
train,Kenny Rogers,nodementia,nodementia/Kenny Rogers/KennyRogers_3.wav,KennyRogers_3,3,C:\Users\sricb\OneDrive\Desktop\AI dementia dection\AI-Powered-Multimodal-Dementia-System\data\audio\features\mfcc\train\Kenny Rogers\KennyRogers_3_chunk_003.npy,40,313,False
train,Kenny Rogers,nodementia,nodementia/Kenny Rogers/KennyRogers_3.wav,KennyRogers_3,4,C:\Users\sricb\OneDrive\Desktop\AI dementia dection\AI-Powered-Multimodal-Dementia-System\data\audio\features\mfcc\train\Kenny Rogers\KennyRogers_3_chunk_004.npy,40,313,False
train,Kenny Rogers,nodementia,nodementia/Kenny Rogers/KennyRogers_3.wav,KennyRogers_3,5,C:\Users\sricb\OneDrive\Desktop\AI dementia dection\AI-Powered-Multimodal-Dementia-System\data\audio\features\mfcc\train\Kenny Rogers\KennyRogers_3_chunk_005.npy,40,313,False
train,Kenny Rogers,nodementia,nodementia/Kenny Rogers/KennyRogers_3.wav,KennyRogers_3,6,C:\Users\sricb\OneDrive\Desktop\AI dementia dection\AI-Powered-Multimodal-Dementia-System\data\audio\features\mfcc\train\Kenny Rogers\KennyRogers_3_chunk_006.npy,40,313,False
train,Kenny Rogers,nodementia,nodementia/Kenny Rogers/KennyRogers_3.wav,KennyRogers_3,7,C:\Users\sricb\OneDrive\Desktop\AI dementia dection\AI-Powered-Multimodal-Dementia-System\data\audio\features\mfcc\train\Kenny Rogers\KennyRogers_3_chunk_007.npy,40,313,False
train,Kenny Rogers,nodementia,nodementia/Kenny Rogers/KennyRogers_3.wav,KennyRogers_3,8,C:\Users\sricb\OneDrive\Desktop\AI dementia dection\AI-Powered-Multimodal-Dementia-System\data\audio\features\mfcc\train\Kenny Rogers\KennyRogers_3_chunk_008.npy,40,313,False
train,Kenny Rogers,nodementia,nodementia/Kenny Rogers/KennyRogers_3.wav,KennyRogers_3,9,C:\Users\sricb\OneDrive\Desktop\AI dementia dection\AI-Powered-Multimodal-Dementia-System\data\audio\features\mfcc\train\Kenny Rogers\KennyRogers_3_chunk_009.npy,40,313,False
train,Kenny Rogers,nodementia,nodementia/Kenny Rogers/KennyRogers_3.wav,KennyRogers_3,10,C:\Users\sricb\OneDrive\Desktop\AI dementia dection\AI-Powered-Multimodal-Dementia-System\data\audio\features\mfcc\train\Kenny Rogers\KennyRogers_3_chunk_010.npy,40,313,False
train,Kenny Rogers,nodementia,nodementia/Kenny Rogers/KennyRogers_3.wav,KennyRogers_3,11,C:\Users\sricb\OneDrive\Desktop\AI dementia dection\AI-Powered-Multimodal-Dementia-System\data\audio\features\mfcc\train\Kenny Rogers\KennyRogers_3_chunk_011.npy,40,313,False
train,Kenny Rogers,nodementia,nodementia/Kenny Rogers/KennyRogers_3.wav,KennyRogers_3,12,C:\Users\sricb\OneDrive\Desktop\AI dementia dection\AI-Powered-Multimodal-Dementia-System\data\audio\features\mfcc\train\Kenny Rogers\KennyRogers_3_chunk_012.npy,40,313,False
train,Kenny Rogers,nodementia,nodementia/Kenny Rogers/KennyRogers_3.wav,KennyRogers_3,13,C:\Users\sricb\OneDrive\Desktop\AI dementia dection\AI-Powered-Multimodal-Dementia-System\data\audio\features\mfcc\train\Kenny Rogers\KennyRogers_3_chunk_013.npy,40,313,False
train,Kenny Rogers,nodementia,nodementia/Kenny Rogers/KennyRogers_3.wav,KennyRogers_3,14,C:\Users\sricb\OneDrive\Desktop\AI dementia dection\AI-Powered-Multimodal-Dementia-System\data\audio\features\mfcc\train\Kenny Rogers\KennyRogers_3_chunk_014.npy,40,313,False
train,Kenny Rogers,nodementia,nodementia/Kenny Rogers/KennyRogers_3.wav,KennyRogers_3,15,C:\Users\sricb\OneDrive\Desktop\AI dementia dection\AI-Powered-Multimodal-Dementia-System\data\audio\features\mfcc\train\Kenny Rogers\KennyRogers_3_chunk_015.npy,40,313,False
train,Kenny Rogers,nodementia,nodementia/Kenny Rogers/KennyRogers_3.wav,KennyRogers_3,16,C:\Users\sricb\OneDrive\Desktop\AI dementia dection\AI-Powered-Multimodal-Dementia-System\data\audio\features\mfcc\train\Kenny Rogers\KennyRogers_3_chunk_016.npy,40,313,False
train,Kenny Rogers,nodementia,nodementia/Kenny Rogers/KennyRogers_3.wav,KennyRogers_3,17,C:\Users\sricb\OneDrive\Desktop\AI dementia dection\AI-Powered-Multimodal-Dementia-System\data\audio\features\mfcc\train\Kenny Rogers\KennyRogers_3_chunk_017.npy,40,313,False
train,Kenny Rogers,nodementia,nodementia/Kenny Rogers/KennyRogers_3.wav,KennyRogers_3,18,C:\Users\sricb\OneDrive\Desktop\AI dementia dection\AI-Powered-Multimodal-Dementia-System\data\audio\features\mfcc\train\Kenny Rogers\KennyRogers_3_chunk_018.npy,40,313,True
train,Line Renaud,nodementia,nodementia/Line Renaud/LineRenaud_1.wav,LineRenaud_1,1,C:\Users\sricb\OneDrive\Desktop\AI dementia dection\AI-Powered-Multimodal-Dementia-System\data\audio\features\mfcc\train\Line Renaud\LineRenaud_1_chunk_001.npy,40,313,False
train,Line Renaud,nodementia,nodementia/Line Renaud/LineRenaud_1.wav,LineRenaud_1,2,C:\Users\sricb\OneDrive\Desktop\AI dementia dection\AI-Powered-Multimodal-Dementia-System\data\audio\features\mfcc\train\Line Renaud\LineRenaud_1_chunk_002.npy,40,313,False
train,Line Renaud,nodementia,nodementia/Line Renaud/LineRenaud_1.wav,LineRenaud_1,3,C:\Users\sricb\OneDrive\Desktop\AI dementia dection\AI-Powered-Multimodal-Dementia-System\data\audio\features\mfcc\train\Line Renaud\LineRenaud_1_chunk_003.npy,40,313,False
train,Line Renaud,nodementia,nodementia/Line Renaud/LineRenaud_1.wav,LineRenaud_1,4,C:\Users\sricb\OneDrive\Desktop\AI dementia dection\AI-Powered-Multimodal-Dementia-System\data\audio\features\mfcc\train\Line Renaud\LineRenaud_1_chunk_004.npy,40,313,False
train,Line Renaud,nodementia,nodementia/Line Renaud/LineRenaud_1.wav,LineRenaud_1,5,C:\Users\sricb\OneDrive\Desktop\AI dementia dection\AI-Powered-Multimodal-Dementia-System\data\audio\features\mfcc\train\Line Renaud\LineRenaud_1_chunk_005.npy,40,313,False
train,Line Renaud,nodementia,nodementia/Line Renaud/LineRenaud_1.wav,LineRenaud_1,6,C:\Users\sricb\OneDrive\Desktop\AI dementia dection\AI-Powered-Multimodal-Dementia-System\data\audio\features\mfcc\train\Line Renaud\LineRenaud_1_chunk_006.npy,40,313,True
train,Line Renaud,nodementia,nodementia/Line Renaud/LineRenaud_1.wav,LineRenaud_1,7,C:\Users\sricb\OneDrive\Desktop\AI dementia dection\AI-Powered-Multimodal-Dementia-System\data\audio\features\mfcc\train\Line Renaud\LineRenaud_1_chunk_007.npy,40,313,True
train,Line Renaud,nodementia,nodementia/Line Renaud/LineRenaud_3.wav,LineRenaud_3,1,C:\Users\sricb\OneDrive\Desktop\AI dementia dection\AI-Powered-Multimodal-Dementia-System\data\audio\features\mfcc\train\Line Renaud\LineRenaud_3_chunk_001.npy,40,313,False
train,Line Renaud,nodementia,nodementia/Line Renaud/LineRenaud_3.wav,LineRenaud_3,2,C:\Users\sricb\OneDrive\Desktop\AI dementia dection\AI-Powered-Multimodal-Dementia-System\data\audio\features\mfcc\train\Line Renaud\LineRenaud_3_chunk_002.npy,40,313,False
train,Line Renaud,nodementia,nodementia/Line Renaud/LineRenaud_3.wav,LineRenaud_3,3,C:\Users\sricb\OneDrive\Desktop\AI dementia dection\AI-Powered-Multimodal-Dementia-System\data\audio\features\mfcc\train\Line Renaud\LineRenaud_3_chunk_003.npy,40,313,False
train,Line Renaud,nodementia,nodementia/Line Renaud/LineRenaud_3.wav,LineRenaud_3,4,C:\Users\sricb\OneDrive\Desktop\AI dementia dection\AI-Powered-Multimodal-Dementia-System\data\audio\features\mfcc\train\Line Renaud\LineRenaud_3_chunk_004.npy,40,313,False
train,Line Renaud,nodementia,nodementia/Line Renaud/LineRenaud_3.wav,LineRenaud_3,5,C:\Users\sricb\OneDrive\Desktop\AI dementia dection\AI-Powered-Multimodal-Dementia-System\data\audio\features\mfcc\train\Line Renaud\LineRenaud_3_chunk_005.npy,40,313,True
train,Max von Sydow,nodementia,nodementia/Max von Sydow/MaxvonSydow_1.wav,MaxvonSydow_1,1,C:\Users\sricb\OneDrive\Desktop\AI dementia dection\AI-Powered-Multimodal-Dementia-System\data\audio\features\mfcc\train\Max von Sydow\MaxvonSydow_1_chunk_001.npy,40,313,False
train,Max von Sydow,nodementia,nodementia/Max von Sydow/MaxvonSydow_1.wav,MaxvonSydow_1,2,C:\Users\sricb\OneDrive\Desktop\AI dementia dection\AI-Powered-Multimodal-Dementia-System\data\audio\features\mfcc\train\Max von Sydow\MaxvonSydow_1_chunk_002.npy,40,313,False
train,Max von Sydow,nodementia,nodementia/Max von Sydow/MaxvonSydow_1.wav,MaxvonSydow_1,3,C:\Users\sricb\OneDrive\Desktop\AI dementia dection\AI-Powered-Multimodal-Dementia-System\data\audio\features\mfcc\train\Max von Sydow\MaxvonSydow_1_chunk_003.npy,40,313,False
train,Max von Sydow,nodementia,nodementia/Max von Sydow/MaxvonSydow_1.wav,MaxvonSydow_1,4,C:\Users\sricb\OneDrive\Desktop\AI dementia dection\AI-Powered-Multimodal-Dementia-System\data\audio\features\mfcc\train\Max von Sydow\MaxvonSydow_1_chunk_004.npy,40,313,False
train,Max von Sydow,nodementia,nodementia/Max von Sydow/MaxvonSydow_1.wav,MaxvonSydow_1,5,C:\Users\sricb\OneDrive\Desktop\AI dementia dection\AI-Powered-Multimodal-Dementia-System\data\audio\features\mfcc\train\Max von Sydow\MaxvonSydow_1_chunk_005.npy,40,313,False
train,Max von Sydow,nodementia,nodementia/Max von Sydow/MaxvonSydow_1.wav,MaxvonSydow_1,6,C:\Users\sricb\OneDrive\Desktop\AI dementia dection\AI-Powered-Multimodal-Dementia-System\data\audio\features\mfcc\train\Max von Sydow\MaxvonSydow_1_chunk_006.npy,40,313,False
train,Max von Sydow,nodementia,nodementia/Max von Sydow/MaxvonSydow_1.wav,MaxvonSydow_1,7,C:\Users\sricb\OneDrive\Desktop\AI dementia dection\AI-Powered-Multimodal-Dementia-System\data\audio\features\mfcc\train\Max von Sydow\MaxvonSydow_1_chunk_007.npy,40,313,False
train,Max von Sydow,nodementia,nodementia/Max von Sydow/MaxvonSydow_1.wav,MaxvonSydow_1,8,C:\Users\sricb\OneDrive\Desktop\AI dementia dection\AI-Powered-Multimodal-Dementia-System\data\audio\features\mfcc\train\Max von Sydow\MaxvonSydow_1_chunk_008.npy,40,313,True
train,Max von Sydow,nodementia,nodementia/Max von Sydow/MaxvonSydow_1.wav,MaxvonSydow_1,9,C:\Users\sricb\OneDrive\Desktop\AI dementia dection\AI-Powered-Multimodal-Dementia-System\data\audio\features\mfcc\train\Max von Sydow\MaxvonSydow_1_chunk_009.npy,40,313,True
train,Michael Dukakis,nodementia,nodementia/Michael Dukakis/MichaelDukakis_1.wav,MichaelDukakis_1,1,C:\Users\sricb\OneDrive\Desktop\AI dementia dection\AI-Powered-Multimodal-Dementia-System\data\audio\features\mfcc\train\Michael Dukakis\MichaelDukakis_1_chunk_001.npy,40,313,False
train,Michael Dukakis,nodementia,nodementia/Michael Dukakis/MichaelDukakis_1.wav,MichaelDukakis_1,2,C:\Users\sricb\OneDrive\Desktop\AI dementia dection\AI-Powered-Multimodal-Dementia-System\data\audio\features\mfcc\train\Michael Dukakis\MichaelDukakis_1_chunk_002.npy,40,313,False
train,Michael Dukakis,nodementia,nodementia/Michael Dukakis/MichaelDukakis_1.wav,MichaelDukakis_1,3,C:\Users\sricb\OneDrive\Desktop\AI dementia dection\AI-Powered-Multimodal-Dementia-System\data\audio\features\mfcc\train\Michael Dukakis\MichaelDukakis_1_chunk_003.npy,40,313,False
train,Michael Dukakis,nodementia,nodementia/Michael Dukakis/MichaelDukakis_1.wav,MichaelDukakis_1,4,C:\Users\sricb\OneDrive\Desktop\AI dementia dection\AI-Powered-Multimodal-Dementia-System\data\audio\features\mfcc\train\Michael Dukakis\MichaelDukakis_1_chunk_004.npy,40,313,False
train,Michael Dukakis,nodementia,nodementia/Michael Dukakis/MichaelDukakis_1.wav,MichaelDukakis_1,5,C:\Users\sricb\OneDrive\Desktop\AI dementia dection\AI-Powered-Multimodal-Dementia-System\data\audio\features\mfcc\train\Michael Dukakis\MichaelDukakis_1_chunk_005.npy,40,313,False
train,Michael Dukakis,nodementia,nodementia/Michael Dukakis/MichaelDukakis_1.wav,MichaelDukakis_1,6,C:\Users\sricb\OneDrive\Desktop\AI dementia dection\AI-Powered-Multimodal-Dementia-System\data\audio\features\mfcc\train\Michael Dukakis\MichaelDukakis_1_chunk_006.npy,40,313,False
train,Michael Dukakis,nodementia,nodementia/Michael Dukakis/MichaelDukakis_1.wav,MichaelDukakis_1,7,C:\Users\sricb\OneDrive\Desktop\AI dementia dection\AI-Powered-Multimodal-Dementia-System\data\audio\features\mfcc\train\Michael Dukakis\MichaelDukakis_1_chunk_007.npy,40,313,False
train,Michael Dukakis,nodementia,nodementia/Michael Dukakis/MichaelDukakis_1.wav,MichaelDukakis_1,8,C:\Users\sricb\OneDrive\Desktop\AI dementia dection\AI-Powered-Multimodal-Dementia-System\data\audio\features\mfcc\train\Michael Dukakis\MichaelDukakis_1_chunk_008.npy,40,313,False
train,Michael Dukakis,nodementia,nodementia/Michael Dukakis/MichaelDukakis_1.wav,MichaelDukakis_1,9,C:\Users\sricb\OneDrive\Desktop\AI dementia dection\AI-Powered-Multimodal-Dementia-System\data\audio\features\mfcc\train\Michael Dukakis\MichaelDukakis_1_chunk_009.npy,40,313,True
train,Michael Dukakis,nodementia,nodementia/Michael Dukakis/MichaelDukakis_1.wav,MichaelDukakis_1,10,C:\Users\sricb\OneDrive\Desktop\AI dementia dection\AI-Powered-Multimodal-Dementia-System\data\audio\features\mfcc\train\Michael Dukakis\MichaelDukakis_1_chunk_010.npy,40,313,True
train,Michael Dukakis,nodementia,nodementia/Michael Dukakis/MichaelDukakis_3.wav,MichaelDukakis_3,1,C:\Users\sricb\OneDrive\Desktop\AI dementia dection\AI-Powered-Multimodal-Dementia-System\data\audio\features\mfcc\train\Michael Dukakis\MichaelDukakis_3_chunk_001.npy,40,313,False
train,Michael Dukakis,nodementia,nodementia/Michael Dukakis/MichaelDukakis_3.wav,MichaelDukakis_3,2,C:\Users\sricb\OneDrive\Desktop\AI dementia dection\AI-Powered-Multimodal-Dementia-System\data\audio\features\mfcc\train\Michael Dukakis\MichaelDukakis_3_chunk_002.npy,40,313,False
train,Michael Dukakis,nodementia,nodementia/Michael Dukakis/MichaelDukakis_3.wav,MichaelDukakis_3,3,C:\Users\sricb\OneDrive\Desktop\AI dementia dection\AI-Powered-Multimodal-Dementia-System\data\audio\features\mfcc\train\Michael Dukakis\MichaelDukakis_3_chunk_003.npy,40,313,False
train,Michael Dukakis,nodementia,nodementia/Michael Dukakis/MichaelDukakis_3.wav,MichaelDukakis_3,4,C:\Users\sricb\OneDrive\Desktop\AI dementia dection\AI-Powered-Multimodal-Dementia-System\data\audio\features\mfcc\train\Michael Dukakis\MichaelDukakis_3_chunk_004.npy,40,313,False
train,Michael Dukakis,nodementia,nodementia/Michael Dukakis/MichaelDukakis_3.wav,MichaelDukakis_3,5,C:\Users\sricb\OneDrive\Desktop\AI dementia dection\AI-Powered-Multimodal-Dementia-System\data\audio\features\mfcc\train\Michael Dukakis\MichaelDukakis_3_chunk_005.npy,40,313,False
train,Michael Dukakis,nodementia,nodementia/Michael Dukakis/MichaelDukakis_3.wav,MichaelDukakis_3,6,C:\Users\sricb\OneDrive\Desktop\AI dementia dection\AI-Powered-Multimodal-Dementia-System\data\audio\features\mfcc\train\Michael Dukakis\MichaelDukakis_3_chunk_006.npy,40,313,False
train,Michael Dukakis,nodementia,nodementia/Michael Dukakis/MichaelDukakis_3.wav,MichaelDukakis_3,7,C:\Users\sricb\OneDrive\Desktop\AI dementia dection\AI-Powered-Multimodal-Dementia-System\data\audio\features\mfcc\train\Michael Dukakis\MichaelDukakis_3_chunk_007.npy,40,313,False
train,Michael Dukakis,nodementia,nodementia/Michael Dukakis/MichaelDukakis_3.wav,MichaelDukakis_3,8,C:\Users\sricb\OneDrive\Desktop\AI dementia dection\AI-Powered-Multimodal-Dementia-System\data\audio\features\mfcc\train\Michael Dukakis\MichaelDukakis_3_chunk_008.npy,40,313,False
train,Michael Dukakis,nodementia,nodementia/Michael Dukakis/MichaelDukakis_3.wav,MichaelDukakis_3,9,C:\Users\sricb\OneDrive\Desktop\AI dementia dection\AI-Powered-Multimodal-Dementia-System\data\audio\features\mfcc\train\Michael Dukakis\MichaelDukakis_3_chunk_009.npy,40,313,False
train,Michael Dukakis,nodementia,nodementia/Michael Dukakis/MichaelDukakis_3.wav,MichaelDukakis_3,10,C:\Users\sricb\OneDrive\Desktop\AI dementia dection\AI-Powered-Multimodal-Dementia-System\data\audio\features\mfcc\train\Michael Dukakis\MichaelDukakis_3_chunk_010.npy,40,313,False
train,Michael Dukakis,nodementia,nodementia/Michael Dukakis/MichaelDukakis_3.wav,MichaelDukakis_3,11,C:\Users\sricb\OneDrive\Desktop\AI dementia dection\AI-Powered-Multimodal-Dementia-System\data\audio\features\mfcc\train\Michael Dukakis\MichaelDukakis_3_chunk_011.npy,40,313,False
train,Michael Dukakis,nodementia,nodementia/Michael Dukakis/MichaelDukakis_3.wav,MichaelDukakis_3,12,C:\Users\sricb\OneDrive\Desktop\AI dementia dection\AI-Powered-Multimodal-Dementia-System\data\audio\features\mfcc\train\Michael Dukakis\MichaelDukakis_3_chunk_012.npy,40,313,False
train,Michael Dukakis,nodementia,nodementia/Michael Dukakis/MichaelDukakis_3.wav,MichaelDukakis_3,13,C:\Users\sricb\OneDrive\Desktop\AI dementia dection\AI-Powered-Multimodal-Dementia-System\data\audio\features\mfcc\train\Michael Dukakis\MichaelDukakis_3_chunk_013.npy,40,313,False
train,Michael Dukakis,nodementia,nodementia/Michael Dukakis/MichaelDukakis_3.wav,MichaelDukakis_3,14,C:\Users\sricb\OneDrive\Desktop\AI dementia dection\AI-Powered-Multimodal-Dementia-System\data\audio\features\mfcc\train\Michael Dukakis\MichaelDukakis_3_chunk_014.npy,40,313,False
train,Michael Dukakis,nodementia,nodementia/Michael Dukakis/MichaelDukakis_3.wav,MichaelDukakis_3,15,C:\Users\sricb\OneDrive\Desktop\AI dementia dection\AI-Powered-Multimodal-Dementia-System\data\audio\features\mfcc\train\Michael Dukakis\MichaelDukakis_3_chunk_015.npy,40,313,False
train,Michael Dukakis,nodementia,nodementia/Michael Dukakis/MichaelDukakis_3.wav,MichaelDukakis_3,16,C:\Users\sricb\OneDrive\Desktop\AI dementia dection\AI-Powered-Multimodal-Dementia-System\data\audio\features\mfcc\train\Michael Dukakis\MichaelDukakis_3_chunk_016.npy,40,313,False
train,Michael Dukakis,nodementia,nodementia/Michael Dukakis/MichaelDukakis_3.wav,MichaelDukakis_3,17,C:\Users\sricb\OneDrive\Desktop\AI dementia dection\AI-Powered-Multimodal-Dementia-System\data\audio\features\mfcc\train\Michael Dukakis\MichaelDukakis_3_chunk_017.npy,40,313,True
train,Michael Dukakis,nodementia,nodementia/Michael Dukakis/MichaelDukakis_3.wav,MichaelDukakis_3,18,C:\Users\sricb\OneDrive\Desktop\AI dementia dection\AI-Powered-Multimodal-Dementia-System\data\audio\features\mfcc\train\Michael Dukakis\MichaelDukakis_3_chunk_018.npy,40,313,True
train,Michael Gambon,nodementia,nodementia/Michael Gambon/MichaelGambon_2.wav,MichaelGambon_2,1,C:\Users\sricb\OneDrive\Desktop\AI dementia dection\AI-Powered-Multimodal-Dementia-System\data\audio\features\mfcc\train\Michael Gambon\MichaelGambon_2_chunk_001.npy,40,313,False
train,Michael Gambon,nodementia,nodementia/Michael Gambon/MichaelGambon_2.wav,MichaelGambon_2,2,C:\Users\sricb\OneDrive\Desktop\AI dementia dection\AI-Powered-Multimodal-Dementia-System\data\audio\features\mfcc\train\Michael Gambon\MichaelGambon_2_chunk_002.npy,40,313,False
train,Michael Gambon,nodementia,nodementia/Michael Gambon/MichaelGambon_2.wav,MichaelGambon_2,3,C:\Users\sricb\OneDrive\Desktop\AI dementia dection\AI-Powered-Multimodal-Dementia-System\data\audio\features\mfcc\train\Michael Gambon\MichaelGambon_2_chunk_003.npy,40,313,False
train,Michael Gambon,nodementia,nodementia/Michael Gambon/MichaelGambon_2.wav,MichaelGambon_2,4,C:\Users\sricb\OneDrive\Desktop\AI dementia dection\AI-Powered-Multimodal-Dementia-System\data\audio\features\mfcc\train\Michael Gambon\MichaelGambon_2_chunk_004.npy,40,313,False
train,Michael Gambon,nodementia,nodementia/Michael Gambon/MichaelGambon_2.wav,MichaelGambon_2,5,C:\Users\sricb\OneDrive\Desktop\AI dementia dection\AI-Powered-Multimodal-Dementia-System\data\audio\features\mfcc\train\Michael Gambon\MichaelGambon_2_chunk_005.npy,40,313,False
train,Michael Gambon,nodementia,nodementia/Michael Gambon/MichaelGambon_2.wav,MichaelGambon_2,6,C:\Users\sricb\OneDrive\Desktop\AI dementia dection\AI-Powered-Multimodal-Dementia-System\data\audio\features\mfcc\train\Michael Gambon\MichaelGambon_2_chunk_006.npy,40,313,False
train,Michael Gambon,nodementia,nodementia/Michael Gambon/MichaelGambon_2.wav,MichaelGambon_2,7,C:\Users\sricb\OneDrive\Desktop\AI dementia dection\AI-Powered-Multimodal-Dementia-System\data\audio\features\mfcc\train\Michael Gambon\MichaelGambon_2_chunk_007.npy,40,313,False
train,Michael Gambon,nodementia,nodementia/Michael Gambon/MichaelGambon_2.wav,MichaelGambon_2,8,C:\Users\sricb\OneDrive\Desktop\AI dementia dection\AI-Powered-Multimodal-Dementia-System\data\audio\features\mfcc\train\Michael Gambon\MichaelGambon_2_chunk_008.npy,40,313,False
train,Michael Gambon,nodementia,nodementia/Michael Gambon/MichaelGambon_2.wav,MichaelGambon_2,9,C:\Users\sricb\OneDrive\Desktop\AI dementia dection\AI-Powered-Multimodal-Dementia-System\data\audio\features\mfcc\train\Michael Gambon\MichaelGambon_2_chunk_009.npy,40,313,True
train,Michael Gambon,nodementia,nodementia/Michael Gambon/MichaelGambon_2.wav,MichaelGambon_2,10,C:\Users\sricb\OneDrive\Desktop\AI dementia dection\AI-Powered-Multimodal-Dementia-System\data\audio\features\mfcc\train\Michael Gambon\MichaelGambon_2_chunk_010.npy,40,313,True
train,Michael Gambon,nodementia,nodementia/Michael Gambon/MichaelGambon_3.wav,MichaelGambon_3,1,C:\Users\sricb\OneDrive\Desktop\AI dementia dection\AI-Powered-Multimodal-Dementia-System\data\audio\features\mfcc\train\Michael Gambon\MichaelGambon_3_chunk_001.npy,40,313,False
train,Michael Gambon,nodementia,nodementia/Michael Gambon/MichaelGambon_3.wav,MichaelGambon_3,2,C:\Users\sricb\OneDrive\Desktop\AI dementia dection\AI-Powered-Multimodal-Dementia-System\data\audio\features\mfcc\train\Michael Gambon\MichaelGambon_3_chunk_002.npy,40,313,False
train,Michael Gambon,nodementia,nodementia/Michael Gambon/MichaelGambon_3.wav,MichaelGambon_3,3,C:\Users\sricb\OneDrive\Desktop\AI dementia dection\AI-Powered-Multimodal-Dementia-System\data\audio\features\mfcc\train\Michael Gambon\MichaelGambon_3_chunk_003.npy,40,313,False
train,Michael Gambon,nodementia,nodementia/Michael Gambon/MichaelGambon_3.wav,MichaelGambon_3,4,C:\Users\sricb\OneDrive\Desktop\AI dementia dection\AI-Powered-Multimodal-Dementia-System\data\audio\features\mfcc\train\Michael Gambon\MichaelGambon_3_chunk_004.npy,40,313,False
train,Michael Gambon,nodementia,nodementia/Michael Gambon/MichaelGambon_3.wav,MichaelGambon_3,5,C:\Users\sricb\OneDrive\Desktop\AI dementia dection\AI-Powered-Multimodal-Dementia-System\data\audio\features\mfcc\train\Michael Gambon\MichaelGambon_3_chunk_005.npy,40,313,False
train,Michael Gambon,nodementia,nodementia/Michael Gambon/MichaelGambon_3.wav,MichaelGambon_3,6,C:\Users\sricb\OneDrive\Desktop\AI dementia dection\AI-Powered-Multimodal-Dementia-System\data\audio\features\mfcc\train\Michael Gambon\MichaelGambon_3_chunk_006.npy,40,313,False
train,Michael Gambon,nodementia,nodementia/Michael Gambon/MichaelGambon_3.wav,MichaelGambon_3,7,C:\Users\sricb\OneDrive\Desktop\AI dementia dection\AI-Powered-Multimodal-Dementia-System\data\audio\features\mfcc\train\Michael Gambon\MichaelGambon_3_chunk_007.npy,40,313,False
train,Michael Gambon,nodementia,nodementia/Michael Gambon/MichaelGambon_3.wav,MichaelGambon_3,8,C:\Users\sricb\OneDrive\Desktop\AI dementia dection\AI-Powered-Multimodal-Dementia-System\data\audio\features\mfcc\train\Michael Gambon\MichaelGambon_3_chunk_008.npy,40,313,False
train,Michael Gambon,nodementia,nodementia/Michael Gambon/MichaelGambon_3.wav,MichaelGambon_3,9,C:\Users\sricb\OneDrive\Desktop\AI dementia dection\AI-Powered-Multimodal-Dementia-System\data\audio\features\mfcc\train\Michael Gambon\MichaelGambon_3_chunk_009.npy,40,313,False
train,Michael Gambon,nodementia,nodementia/Michael Gambon/MichaelGambon_3.wav,MichaelGambon_3,10,C:\Users\sricb\OneDrive\Desktop\AI dementia dection\AI-Powered-Multimodal-Dementia-System\data\audio\features\mfcc\train\Michael Gambon\MichaelGambon_3_chunk_010.npy,40,313,False
train,Michael Gambon,nodementia,nodementia/Michael Gambon/MichaelGambon_3.wav,MichaelGambon_3,11,C:\Users\sricb\OneDrive\Desktop\AI dementia dection\AI-Powered-Multimodal-Dementia-System\data\audio\features\mfcc\train\Michael Gambon\MichaelGambon_3_chunk_011.npy,40,313,False
train,Michael Gambon,nodementia,nodementia/Michael Gambon/MichaelGambon_3.wav,MichaelGambon_3,12,C:\Users\sricb\OneDrive\Desktop\AI dementia dection\AI-Powered-Multimodal-Dementia-System\data\audio\features\mfcc\train\Michael Gambon\MichaelGambon_3_chunk_012.npy,40,313,False
train,Michael Gambon,nodementia,nodementia/Michael Gambon/MichaelGambon_3.wav,MichaelGambon_3,13,C:\Users\sricb\OneDrive\Desktop\AI dementia dection\AI-Powered-Multimodal-Dementia-System\data\audio\features\mfcc\train\Michael Gambon\MichaelGambon_3_chunk_013.npy,40,313,True
train,Michael Gambon,nodementia,nodementia/Michael Gambon/MichaelGambon_3.wav,MichaelGambon_3,14,C:\Users\sricb\OneDrive\Desktop\AI dementia dection\AI-Powered-Multimodal-Dementia-System\data\audio\features\mfcc\train\Michael Gambon\MichaelGambon_3_chunk_014.npy,40,313,True
train,Mireille Darc,nodementia,nodementia/Mireille Darc/MireilleDarc_3.wav,MireilleDarc_3,1,C:\Users\sricb\OneDrive\Desktop\AI dementia dection\AI-Powered-Multimodal-Dementia-System\data\audio\features\mfcc\train\Mireille Darc\MireilleDarc_3_chunk_001.npy,40,313,False
train,Mireille Darc,nodementia,nodementia/Mireille Darc/MireilleDarc_3.wav,MireilleDarc_3,2,C:\Users\sricb\OneDrive\Desktop\AI dementia dection\AI-Powered-Multimodal-Dementia-System\data\audio\features\mfcc\train\Mireille Darc\MireilleDarc_3_chunk_002.npy,40,313,False
train,Mireille Darc,nodementia,nodementia/Mireille Darc/MireilleDarc_3.wav,MireilleDarc_3,3,C:\Users\sricb\OneDrive\Desktop\AI dementia dection\AI-Powered-Multimodal-Dementia-System\data\audio\features\mfcc\train\Mireille Darc\MireilleDarc_3_chunk_003.npy,40,313,False
train,Mireille Darc,nodementia,nodementia/Mireille Darc/MireilleDarc_3.wav,MireilleDarc_3,4,C:\Users\sricb\OneDrive\Desktop\AI dementia dection\AI-Powered-Multimodal-Dementia-System\data\audio\features\mfcc\train\Mireille Darc\MireilleDarc_3_chunk_004.npy,40,313,False
train,Mireille Darc,nodementia,nodementia/Mireille Darc/MireilleDarc_3.wav,MireilleDarc_3,5,C:\Users\sricb\OneDrive\Desktop\AI dementia dection\AI-Powered-Multimodal-Dementia-System\data\audio\features\mfcc\train\Mireille Darc\MireilleDarc_3_chunk_005.npy,40,313,False
train,Mireille Darc,nodementia,nodementia/Mireille Darc/MireilleDarc_3.wav,MireilleDarc_3,6,C:\Users\sricb\OneDrive\Desktop\AI dementia dection\AI-Powered-Multimodal-Dementia-System\data\audio\features\mfcc\train\Mireille Darc\MireilleDarc_3_chunk_006.npy,40,313,False
train,Mireille Darc,nodementia,nodementia/Mireille Darc/MireilleDarc_3.wav,MireilleDarc_3,7,C:\Users\sricb\OneDrive\Desktop\AI dementia dection\AI-Powered-Multimodal-Dementia-System\data\audio\features\mfcc\train\Mireille Darc\MireilleDarc_3_chunk_007.npy,40,313,False
train,Mireille Darc,nodementia,nodementia/Mireille Darc/MireilleDarc_3.wav,MireilleDarc_3,8,C:\Users\sricb\OneDrive\Desktop\AI dementia dection\AI-Powered-Multimodal-Dementia-System\data\audio\features\mfcc\train\Mireille Darc\MireilleDarc_3_chunk_008.npy,40,313,False
train,Mireille Darc,nodementia,nodementia/Mireille Darc/MireilleDarc_3.wav,MireilleDarc_3,9,C:\Users\sricb\OneDrive\Desktop\AI dementia dection\AI-Powered-Multimodal-Dementia-System\data\audio\features\mfcc\train\Mireille Darc\MireilleDarc_3_chunk_009.npy,40,313,False
train,Mireille Darc,nodementia,nodementia/Mireille Darc/MireilleDarc_3.wav,MireilleDarc_3,10,C:\Users\sricb\OneDrive\Desktop\AI dementia dection\AI-Powered-Multimodal-Dementia-System\data\audio\features\mfcc\train\Mireille Darc\MireilleDarc_3_chunk_010.npy,40,313,False
train,Mireille Darc,nodementia,nodementia/Mireille Darc/MireilleDarc_3.wav,MireilleDarc_3,11,C:\Users\sricb\OneDrive\Desktop\AI dementia dection\AI-Powered-Multimodal-Dementia-System\data\audio\features\mfcc\train\Mireille Darc\MireilleDarc_3_chunk_011.npy,40,313,True
train,Mireille Darc,nodementia,nodementia/Mireille Darc/MireilleDarc_3.wav,MireilleDarc_3,12,C:\Users\sricb\OneDrive\Desktop\AI dementia dection\AI-Powered-Multimodal-Dementia-System\data\audio\features\mfcc\train\Mireille Darc\MireilleDarc_3_chunk_012.npy,40,313,True
train,Paul McCartney,nodementia,nodementia/Paul McCartney/PaulMcCartney_3.wav,PaulMcCartney_3,1,C:\Users\sricb\OneDrive\Desktop\AI dementia dection\AI-Powered-Multimodal-Dementia-System\data\audio\features\mfcc\train\Paul McCartney\PaulMcCartney_3_chunk_001.npy,40,313,False
train,Paul McCartney,nodementia,nodementia/Paul McCartney/PaulMcCartney_3.wav,PaulMcCartney_3,2,C:\Users\sricb\OneDrive\Desktop\AI dementia dection\AI-Powered-Multimodal-Dementia-System\data\audio\features\mfcc\train\Paul McCartney\PaulMcCartney_3_chunk_002.npy,40,313,False
train,Paul McCartney,nodementia,nodementia/Paul McCartney/PaulMcCartney_3.wav,PaulMcCartney_3,3,C:\Users\sricb\OneDrive\Desktop\AI dementia dection\AI-Powered-Multimodal-Dementia-System\data\audio\features\mfcc\train\Paul McCartney\PaulMcCartney_3_chunk_003.npy,40,313,False
train,Paul McCartney,nodementia,nodementia/Paul McCartney/PaulMcCartney_3.wav,PaulMcCartney_3,4,C:\Users\sricb\OneDrive\Desktop\AI dementia dection\AI-Powered-Multimodal-Dementia-System\data\audio\features\mfcc\train\Paul McCartney\PaulMcCartney_3_chunk_004.npy,40,313,False
train,Paul McCartney,nodementia,nodementia/Paul McCartney/PaulMcCartney_3.wav,PaulMcCartney_3,5,C:\Users\sricb\OneDrive\Desktop\AI dementia dection\AI-Powered-Multimodal-Dementia-System\data\audio\features\mfcc\train\Paul McCartney\PaulMcCartney_3_chunk_005.npy,40,313,False
train,Paul McCartney,nodementia,nodementia/Paul McCartney/PaulMcCartney_3.wav,PaulMcCartney_3,6,C:\Users\sricb\OneDrive\Desktop\AI dementia dection\AI-Powered-Multimodal-Dementia-System\data\audio\features\mfcc\train\Paul McCartney\PaulMcCartney_3_chunk_006.npy,40,313,False
train,Paul McCartney,nodementia,nodementia/Paul McCartney/PaulMcCartney_3.wav,PaulMcCartney_3,7,C:\Users\sricb\OneDrive\Desktop\AI dementia dection\AI-Powered-Multimodal-Dementia-System\data\audio\features\mfcc\train\Paul McCartney\PaulMcCartney_3_chunk_007.npy,40,313,False
train,Paul McCartney,nodementia,nodementia/Paul McCartney/PaulMcCartney_3.wav,PaulMcCartney_3,8,C:\Users\sricb\OneDrive\Desktop\AI dementia dection\AI-Powered-Multimodal-Dementia-System\data\audio\features\mfcc\train\Paul McCartney\PaulMcCartney_3_chunk_008.npy,40,313,False
train,Paul McCartney,nodementia,nodementia/Paul McCartney/PaulMcCartney_3.wav,PaulMcCartney_3,9,C:\Users\sricb\OneDrive\Desktop\AI dementia dection\AI-Powered-Multimodal-Dementia-System\data\audio\features\mfcc\train\Paul McCartney\PaulMcCartney_3_chunk_009.npy,40,313,False
train,Paul McCartney,nodementia,nodementia/Paul McCartney/PaulMcCartney_3.wav,PaulMcCartney_3,10,C:\Users\sricb\OneDrive\Desktop\AI dementia dection\AI-Powered-Multimodal-Dementia-System\data\audio\features\mfcc\train\Paul McCartney\PaulMcCartney_3_chunk_010.npy,40,313,False
train,Paul McCartney,nodementia,nodementia/Paul McCartney/PaulMcCartney_3.wav,PaulMcCartney_3,11,C:\Users\sricb\OneDrive\Desktop\AI dementia dection\AI-Powered-Multimodal-Dementia-System\data\audio\features\mfcc\train\Paul McCartney\PaulMcCartney_3_chunk_011.npy,40,313,False
train,Paul McCartney,nodementia,nodementia/Paul McCartney/PaulMcCartney_3.wav,PaulMcCartney_3,12,C:\Users\sricb\OneDrive\Desktop\AI dementia dection\AI-Powered-Multimodal-Dementia-System\data\audio\features\mfcc\train\Paul McCartney\PaulMcCartney_3_chunk_012.npy,40,313,False
train,Paul McCartney,nodementia,nodementia/Paul McCartney/PaulMcCartney_3.wav,PaulMcCartney_3,13,C:\Users\sricb\OneDrive\Desktop\AI dementia dection\AI-Powered-Multimodal-Dementia-System\data\audio\features\mfcc\train\Paul McCartney\PaulMcCartney_3_chunk_013.npy,40,313,False
train,Paul McCartney,nodementia,nodementia/Paul McCartney/PaulMcCartney_3.wav,PaulMcCartney_3,14,C:\Users\sricb\OneDrive\Desktop\AI dementia dection\AI-Powered-Multimodal-Dementia-System\data\audio\features\mfcc\train\Paul McCartney\PaulMcCartney_3_chunk_014.npy,40,313,False
train,Paul McCartney,nodementia,nodementia/Paul McCartney/PaulMcCartney_3.wav,PaulMcCartney_3,15,C:\Users\sricb\OneDrive\Desktop\AI dementia dection\AI-Powered-Multimodal-Dementia-System\data\audio\features\mfcc\train\Paul McCartney\PaulMcCartney_3_chunk_015.npy,40,313,False
train,Paul McCartney,nodementia,nodementia/Paul McCartney/PaulMcCartney_3.wav,PaulMcCartney_3,16,C:\Users\sricb\OneDrive\Desktop\AI dementia dection\AI-Powered-Multimodal-Dementia-System\data\audio\features\mfcc\train\Paul McCartney\PaulMcCartney_3_chunk_016.npy,40,313,False
train,Paul McCartney,nodementia,nodementia/Paul McCartney/PaulMcCartney_3.wav,PaulMcCartney_3,17,C:\Users\sricb\OneDrive\Desktop\AI dementia dection\AI-Powered-Multimodal-Dementia-System\data\audio\features\mfcc\train\Paul McCartney\PaulMcCartney_3_chunk_017.npy,40,313,True
train,Paul McCartney,nodementia,nodementia/Paul McCartney/PaulMcCartney_3.wav,PaulMcCartney_3,18,C:\Users\sricb\OneDrive\Desktop\AI dementia dection\AI-Powered-Multimodal-Dementia-System\data\audio\features\mfcc\train\Paul McCartney\PaulMcCartney_3_chunk_018.npy,40,313,True
train,Paul Sorvino,nodementia,nodementia/Paul Sorvino/PaulSorvino_3.wav,PaulSorvino_3,1,C:\Users\sricb\OneDrive\Desktop\AI dementia dection\AI-Powered-Multimodal-Dementia-System\data\audio\features\mfcc\train\Paul Sorvino\PaulSorvino_3_chunk_001.npy,40,313,False
train,Paul Sorvino,nodementia,nodementia/Paul Sorvino/PaulSorvino_3.wav,PaulSorvino_3,2,C:\Users\sricb\OneDrive\Desktop\AI dementia dection\AI-Powered-Multimodal-Dementia-System\data\audio\features\mfcc\train\Paul Sorvino\PaulSorvino_3_chunk_002.npy,40,313,False
train,Paul Sorvino,nodementia,nodementia/Paul Sorvino/PaulSorvino_3.wav,PaulSorvino_3,3,C:\Users\sricb\OneDrive\Desktop\AI dementia dection\AI-Powered-Multimodal-Dementia-System\data\audio\features\mfcc\train\Paul Sorvino\PaulSorvino_3_chunk_003.npy,40,313,False
train,Paul Sorvino,nodementia,nodementia/Paul Sorvino/PaulSorvino_3.wav,PaulSorvino_3,4,C:\Users\sricb\OneDrive\Desktop\AI dementia dection\AI-Powered-Multimodal-Dementia-System\data\audio\features\mfcc\train\Paul Sorvino\PaulSorvino_3_chunk_004.npy,40,313,False
train,Paul Sorvino,nodementia,nodementia/Paul Sorvino/PaulSorvino_3.wav,PaulSorvino_3,5,C:\Users\sricb\OneDrive\Desktop\AI dementia dection\AI-Powered-Multimodal-Dementia-System\data\audio\features\mfcc\train\Paul Sorvino\PaulSorvino_3_chunk_005.npy,40,313,True
train,Paul Sorvino,nodementia,nodementia/Paul Sorvino/PaulSorvino_3.wav,PaulSorvino_3,6,C:\Users\sricb\OneDrive\Desktop\AI dementia dection\AI-Powered-Multimodal-Dementia-System\data\audio\features\mfcc\train\Paul Sorvino\PaulSorvino_3_chunk_006.npy,40,313,True
train,Paul Verhoeven,nodementia,nodementia/Paul Verhoeven/PaulVerhoeven_1.wav,PaulVerhoeven_1,1,C:\Users\sricb\OneDrive\Desktop\AI dementia dection\AI-Powered-Multimodal-Dementia-System\data\audio\features\mfcc\train\Paul Verhoeven\PaulVerhoeven_1_chunk_001.npy,40,313,False
train,Paul Verhoeven,nodementia,nodementia/Paul Verhoeven/PaulVerhoeven_1.wav,PaulVerhoeven_1,2,C:\Users\sricb\OneDrive\Desktop\AI dementia dection\AI-Powered-Multimodal-Dementia-System\data\audio\features\mfcc\train\Paul Verhoeven\PaulVerhoeven_1_chunk_002.npy,40,313,False
train,Paul Verhoeven,nodementia,nodementia/Paul Verhoeven/PaulVerhoeven_1.wav,PaulVerhoeven_1,3,C:\Users\sricb\OneDrive\Desktop\AI dementia dection\AI-Powered-Multimodal-Dementia-System\data\audio\features\mfcc\train\Paul Verhoeven\PaulVerhoeven_1_chunk_003.npy,40,313,False
train,Paul Verhoeven,nodementia,nodementia/Paul Verhoeven/PaulVerhoeven_1.wav,PaulVerhoeven_1,4,C:\Users\sricb\OneDrive\Desktop\AI dementia dection\AI-Powered-Multimodal-Dementia-System\data\audio\features\mfcc\train\Paul Verhoeven\PaulVerhoeven_1_chunk_004.npy,40,313,False
train,Paul Verhoeven,nodementia,nodementia/Paul Verhoeven/PaulVerhoeven_1.wav,PaulVerhoeven_1,5,C:\Users\sricb\OneDrive\Desktop\AI dementia dection\AI-Powered-Multimodal-Dementia-System\data\audio\features\mfcc\train\Paul Verhoeven\PaulVerhoeven_1_chunk_005.npy,40,313,False
train,Paul Verhoeven,nodementia,nodementia/Paul Verhoeven/PaulVerhoeven_1.wav,PaulVerhoeven_1,6,C:\Users\sricb\OneDrive\Desktop\AI dementia dection\AI-Powered-Multimodal-Dementia-System\data\audio\features\mfcc\train\Paul Verhoeven\PaulVerhoeven_1_chunk_006.npy,40,313,False
train,Paul Verhoeven,nodementia,nodementia/Paul Verhoeven/PaulVerhoeven_1.wav,PaulVerhoeven_1,7,C:\Users\sricb\OneDrive\Desktop\AI dementia dection\AI-Powered-Multimodal-Dementia-System\data\audio\features\mfcc\train\Paul Verhoeven\PaulVerhoeven_1_chunk_007.npy,40,313,False
train,Paul Verhoeven,nodementia,nodementia/Paul Verhoeven/PaulVerhoeven_1.wav,PaulVerhoeven_1,8,C:\Users\sricb\OneDrive\Desktop\AI dementia dection\AI-Powered-Multimodal-Dementia-System\data\audio\features\mfcc\train\Paul Verhoeven\PaulVerhoeven_1_chunk_008.npy,40,313,False
train,Paul Verhoeven,nodementia,nodementia/Paul Verhoeven/PaulVerhoeven_1.wav,PaulVerhoeven_1,9,C:\Users\sricb\OneDrive\Desktop\AI dementia dection\AI-Powered-Multimodal-Dementia-System\data\audio\features\mfcc\train\Paul Verhoeven\PaulVerhoeven_1_chunk_009.npy,40,313,False
train,Paul Verhoeven,nodementia,nodementia/Paul Verhoeven/PaulVerhoeven_1.wav,PaulVerhoeven_1,10,C:\Users\sricb\OneDrive\Desktop\AI dementia dection\AI-Powered-Multimodal-Dementia-System\data\audio\features\mfcc\train\Paul Verhoeven\PaulVerhoeven_1_chunk_010.npy,40,313,False
train,Paul Verhoeven,nodementia,nodementia/Paul Verhoeven/PaulVerhoeven_1.wav,PaulVerhoeven_1,11,C:\Users\sricb\OneDrive\Desktop\AI dementia dection\AI-Powered-Multimodal-Dementia-System\data\audio\features\mfcc\train\Paul Verhoeven\PaulVerhoeven_1_chunk_011.npy,40,313,False
train,Paul Verhoeven,nodementia,nodementia/Paul Verhoeven/PaulVerhoeven_1.wav,PaulVerhoeven_1,12,C:\Users\sricb\OneDrive\Desktop\AI dementia dection\AI-Powered-Multimodal-Dementia-System\data\audio\features\mfcc\train\Paul Verhoeven\PaulVerhoeven_1_chunk_012.npy,40,313,False
train,Paul Verhoeven,nodementia,nodementia/Paul Verhoeven/PaulVerhoeven_1.wav,PaulVerhoeven_1,13,C:\Users\sricb\OneDrive\Desktop\AI dementia dection\AI-Powered-Multimodal-Dementia-System\data\audio\features\mfcc\train\Paul Verhoeven\PaulVerhoeven_1_chunk_013.npy,40,313,False
train,Paul Verhoeven,nodementia,nodementia/Paul Verhoeven/PaulVerhoeven_1.wav,PaulVerhoeven_1,14,C:\Users\sricb\OneDrive\Desktop\AI dementia dection\AI-Powered-Multimodal-Dementia-System\data\audio\features\mfcc\train\Paul Verhoeven\PaulVerhoeven_1_chunk_014.npy,40,313,False
train,Paul Verhoeven,nodementia,nodementia/Paul Verhoeven/PaulVerhoeven_1.wav,PaulVerhoeven_1,15,C:\Users\sricb\OneDrive\Desktop\AI dementia dection\AI-Powered-Multimodal-Dementia-System\data\audio\features\mfcc\train\Paul Verhoeven\PaulVerhoeven_1_chunk_015.npy,40,313,False
train,Paul Verhoeven,nodementia,nodementia/Paul Verhoeven/PaulVerhoeven_1.wav,PaulVerhoeven_1,16,C:\Users\sricb\OneDrive\Desktop\AI dementia dection\AI-Powered-Multimodal-Dementia-System\data\audio\features\mfcc\train\Paul Verhoeven\PaulVerhoeven_1_chunk_016.npy,40,313,False
train,Paul Verhoeven,nodementia,nodementia/Paul Verhoeven/PaulVerhoeven_1.wav,PaulVerhoeven_1,17,C:\Users\sricb\OneDrive\Desktop\AI dementia dection\AI-Powered-Multimodal-Dementia-System\data\audio\features\mfcc\train\Paul Verhoeven\PaulVerhoeven_1_chunk_017.npy,40,313,False
train,Paul Verhoeven,nodementia,nodementia/Paul Verhoeven/PaulVerhoeven_1.wav,PaulVerhoeven_1,18,C:\Users\sricb\OneDrive\Desktop\AI dementia dection\AI-Powered-Multimodal-Dementia-System\data\audio\features\mfcc\train\Paul Verhoeven\PaulVerhoeven_1_chunk_018.npy,40,313,True
train,Paul Verhoeven,nodementia,nodementia/Paul Verhoeven/PaulVerhoeven_3.wav,PaulVerhoeven_3,1,C:\Users\sricb\OneDrive\Desktop\AI dementia dection\AI-Powered-Multimodal-Dementia-System\data\audio\features\mfcc\train\Paul Verhoeven\PaulVerhoeven_3_chunk_001.npy,40,313,False
train,Paul Verhoeven,nodementia,nodementia/Paul Verhoeven/PaulVerhoeven_3.wav,PaulVerhoeven_3,2,C:\Users\sricb\OneDrive\Desktop\AI dementia dection\AI-Powered-Multimodal-Dementia-System\data\audio\features\mfcc\train\Paul Verhoeven\PaulVerhoeven_3_chunk_002.npy,40,313,False
train,Paul Verhoeven,nodementia,nodementia/Paul Verhoeven/PaulVerhoeven_3.wav,PaulVerhoeven_3,3,C:\Users\sricb\OneDrive\Desktop\AI dementia dection\AI-Powered-Multimodal-Dementia-System\data\audio\features\mfcc\train\Paul Verhoeven\PaulVerhoeven_3_chunk_003.npy,40,313,False
train,Paul Verhoeven,nodementia,nodementia/Paul Verhoeven/PaulVerhoeven_3.wav,PaulVerhoeven_3,4,C:\Users\sricb\OneDrive\Desktop\AI dementia dection\AI-Powered-Multimodal-Dementia-System\data\audio\features\mfcc\train\Paul Verhoeven\PaulVerhoeven_3_chunk_004.npy,40,313,False
train,Paul Verhoeven,nodementia,nodementia/Paul Verhoeven/PaulVerhoeven_3.wav,PaulVerhoeven_3,5,C:\Users\sricb\OneDrive\Desktop\AI dementia dection\AI-Powered-Multimodal-Dementia-System\data\audio\features\mfcc\train\Paul Verhoeven\PaulVerhoeven_3_chunk_005.npy,40,313,False
train,Paul Verhoeven,nodementia,nodementia/Paul Verhoeven/PaulVerhoeven_3.wav,PaulVerhoeven_3,6,C:\Users\sricb\OneDrive\Desktop\AI dementia dection\AI-Powered-Multimodal-Dementia-System\data\audio\features\mfcc\train\Paul Verhoeven\PaulVerhoeven_3_chunk_006.npy,40,313,False
train,Paul Verhoeven,nodementia,nodementia/Paul Verhoeven/PaulVerhoeven_3.wav,PaulVerhoeven_3,7,C:\Users\sricb\OneDrive\Desktop\AI dementia dection\AI-Powered-Multimodal-Dementia-System\data\audio\features\mfcc\train\Paul Verhoeven\PaulVerhoeven_3_chunk_007.npy,40,313,False
train,Paul Verhoeven,nodementia,nodementia/Paul Verhoeven/PaulVerhoeven_3.wav,PaulVerhoeven_3,8,C:\Users\sricb\OneDrive\Desktop\AI dementia dection\AI-Powered-Multimodal-Dementia-System\data\audio\features\mfcc\train\Paul Verhoeven\PaulVerhoeven_3_chunk_008.npy,40,313,False
train,Paul Verhoeven,nodementia,nodementia/Paul Verhoeven/PaulVerhoeven_3.wav,PaulVerhoeven_3,9,C:\Users\sricb\OneDrive\Desktop\AI dementia dection\AI-Powered-Multimodal-Dementia-System\data\audio\features\mfcc\train\Paul Verhoeven\PaulVerhoeven_3_chunk_009.npy,40,313,False
train,Paul Verhoeven,nodementia,nodementia/Paul Verhoeven/PaulVerhoeven_3.wav,PaulVerhoeven_3,10,C:\Users\sricb\OneDrive\Desktop\AI dementia dection\AI-Powered-Multimodal-Dementia-System\data\audio\features\mfcc\train\Paul Verhoeven\PaulVerhoeven_3_chunk_010.npy,40,313,False
train,Paul Verhoeven,nodementia,nodementia/Paul Verhoeven/PaulVerhoeven_3.wav,PaulVerhoeven_3,11,C:\Users\sricb\OneDrive\Desktop\AI dementia dection\AI-Powered-Multimodal-Dementia-System\data\audio\features\mfcc\train\Paul Verhoeven\PaulVerhoeven_3_chunk_011.npy,40,313,False
train,Paul Verhoeven,nodementia,nodementia/Paul Verhoeven/PaulVerhoeven_3.wav,PaulVerhoeven_3,12,C:\Users\sricb\OneDrive\Desktop\AI dementia dection\AI-Powered-Multimodal-Dementia-System\data\audio\features\mfcc\train\Paul Verhoeven\PaulVerhoeven_3_chunk_012.npy,40,313,False
train,Paul Verhoeven,nodementia,nodementia/Paul Verhoeven/PaulVerhoeven_3.wav,PaulVerhoeven_3,13,C:\Users\sricb\OneDrive\Desktop\AI dementia dection\AI-Powered-Multimodal-Dementia-System\data\audio\features\mfcc\train\Paul Verhoeven\PaulVerhoeven_3_chunk_013.npy,40,313,False
train,Paul Verhoeven,nodementia,nodementia/Paul Verhoeven/PaulVerhoeven_3.wav,PaulVerhoeven_3,14,C:\Users\sricb\OneDrive\Desktop\AI dementia dection\AI-Powered-Multimodal-Dementia-System\data\audio\features\mfcc\train\Paul Verhoeven\PaulVerhoeven_3_chunk_014.npy,40,313,False
train,Paul Verhoeven,nodementia,nodementia/Paul Verhoeven/PaulVerhoeven_3.wav,PaulVerhoeven_3,15,C:\Users\sricb\OneDrive\Desktop\AI dementia dection\AI-Powered-Multimodal-Dementia-System\data\audio\features\mfcc\train\Paul Verhoeven\PaulVerhoeven_3_chunk_015.npy,40,313,False
train,Paul Verhoeven,nodementia,nodementia/Paul Verhoeven/PaulVerhoeven_3.wav,PaulVerhoeven_3,16,C:\Users\sricb\OneDrive\Desktop\AI dementia dection\AI-Powered-Multimodal-Dementia-System\data\audio\features\mfcc\train\Paul Verhoeven\PaulVerhoeven_3_chunk_016.npy,40,313,False
train,Paul Verhoeven,nodementia,nodementia/Paul Verhoeven/PaulVerhoeven_3.wav,PaulVerhoeven_3,17,C:\Users\sricb\OneDrive\Desktop\AI dementia dection\AI-Powered-Multimodal-Dementia-System\data\audio\features\mfcc\train\Paul Verhoeven\PaulVerhoeven_3_chunk_017.npy,40,313,False
train,Paul Verhoeven,nodementia,nodementia/Paul Verhoeven/PaulVerhoeven_3.wav,PaulVerhoeven_3,18,C:\Users\sricb\OneDrive\Desktop\AI dementia dection\AI-Powered-Multimodal-Dementia-System\data\audio\features\mfcc\train\Paul Verhoeven\PaulVerhoeven_3_chunk_018.npy,40,313,True
train,Peter Fonda,nodementia,nodementia/Peter Fonda/PeterFonda_2.wav,PeterFonda_2,1,C:\Users\sricb\OneDrive\Desktop\AI dementia dection\AI-Powered-Multimodal-Dementia-System\data\audio\features\mfcc\train\Peter Fonda\PeterFonda_2_chunk_001.npy,40,313,False
train,Peter Fonda,nodementia,nodementia/Peter Fonda/PeterFonda_2.wav,PeterFonda_2,2,C:\Users\sricb\OneDrive\Desktop\AI dementia dection\AI-Powered-Multimodal-Dementia-System\data\audio\features\mfcc\train\Peter Fonda\PeterFonda_2_chunk_002.npy,40,313,False
train,Peter Fonda,nodementia,nodementia/Peter Fonda/PeterFonda_2.wav,PeterFonda_2,3,C:\Users\sricb\OneDrive\Desktop\AI dementia dection\AI-Powered-Multimodal-Dementia-System\data\audio\features\mfcc\train\Peter Fonda\PeterFonda_2_chunk_003.npy,40,313,False
train,Peter Fonda,nodementia,nodementia/Peter Fonda/PeterFonda_2.wav,PeterFonda_2,4,C:\Users\sricb\OneDrive\Desktop\AI dementia dection\AI-Powered-Multimodal-Dementia-System\data\audio\features\mfcc\train\Peter Fonda\PeterFonda_2_chunk_004.npy,40,313,False
train,Peter Fonda,nodementia,nodementia/Peter Fonda/PeterFonda_2.wav,PeterFonda_2,5,C:\Users\sricb\OneDrive\Desktop\AI dementia dection\AI-Powered-Multimodal-Dementia-System\data\audio\features\mfcc\train\Peter Fonda\PeterFonda_2_chunk_005.npy,40,313,False
train,Peter Fonda,nodementia,nodementia/Peter Fonda/PeterFonda_2.wav,PeterFonda_2,6,C:\Users\sricb\OneDrive\Desktop\AI dementia dection\AI-Powered-Multimodal-Dementia-System\data\audio\features\mfcc\train\Peter Fonda\PeterFonda_2_chunk_006.npy,40,313,True
train,Peter Fonda,nodementia,nodementia/Peter Fonda/PeterFonda_2.wav,PeterFonda_2,7,C:\Users\sricb\OneDrive\Desktop\AI dementia dection\AI-Powered-Multimodal-Dementia-System\data\audio\features\mfcc\train\Peter Fonda\PeterFonda_2_chunk_007.npy,40,313,True
train,Peter Fonda,nodementia,nodementia/Peter Fonda/PeterFonda_3.wav,PeterFonda_3,1,C:\Users\sricb\OneDrive\Desktop\AI dementia dection\AI-Powered-Multimodal-Dementia-System\data\audio\features\mfcc\train\Peter Fonda\PeterFonda_3_chunk_001.npy,40,313,False
train,Peter Fonda,nodementia,nodementia/Peter Fonda/PeterFonda_3.wav,PeterFonda_3,2,C:\Users\sricb\OneDrive\Desktop\AI dementia dection\AI-Powered-Multimodal-Dementia-System\data\audio\features\mfcc\train\Peter Fonda\PeterFonda_3_chunk_002.npy,40,313,False
train,Peter Fonda,nodementia,nodementia/Peter Fonda/PeterFonda_3.wav,PeterFonda_3,3,C:\Users\sricb\OneDrive\Desktop\AI dementia dection\AI-Powered-Multimodal-Dementia-System\data\audio\features\mfcc\train\Peter Fonda\PeterFonda_3_chunk_003.npy,40,313,False
train,Peter Fonda,nodementia,nodementia/Peter Fonda/PeterFonda_3.wav,PeterFonda_3,4,C:\Users\sricb\OneDrive\Desktop\AI dementia dection\AI-Powered-Multimodal-Dementia-System\data\audio\features\mfcc\train\Peter Fonda\PeterFonda_3_chunk_004.npy,40,313,False
train,Peter Fonda,nodementia,nodementia/Peter Fonda/PeterFonda_3.wav,PeterFonda_3,5,C:\Users\sricb\OneDrive\Desktop\AI dementia dection\AI-Powered-Multimodal-Dementia-System\data\audio\features\mfcc\train\Peter Fonda\PeterFonda_3_chunk_005.npy,40,313,False
train,Peter Fonda,nodementia,nodementia/Peter Fonda/PeterFonda_3.wav,PeterFonda_3,6,C:\Users\sricb\OneDrive\Desktop\AI dementia dection\AI-Powered-Multimodal-Dementia-System\data\audio\features\mfcc\train\Peter Fonda\PeterFonda_3_chunk_006.npy,40,313,False
train,Peter Fonda,nodementia,nodementia/Peter Fonda/PeterFonda_3.wav,PeterFonda_3,7,C:\Users\sricb\OneDrive\Desktop\AI dementia dection\AI-Powered-Multimodal-Dementia-System\data\audio\features\mfcc\train\Peter Fonda\PeterFonda_3_chunk_007.npy,40,313,False
train,Peter Fonda,nodementia,nodementia/Peter Fonda/PeterFonda_3.wav,PeterFonda_3,8,C:\Users\sricb\OneDrive\Desktop\AI dementia dection\AI-Powered-Multimodal-Dementia-System\data\audio\features\mfcc\train\Peter Fonda\PeterFonda_3_chunk_008.npy,40,313,False
train,Peter Fonda,nodementia,nodementia/Peter Fonda/PeterFonda_3.wav,PeterFonda_3,9,C:\Users\sricb\OneDrive\Desktop\AI dementia dection\AI-Powered-Multimodal-Dementia-System\data\audio\features\mfcc\train\Peter Fonda\PeterFonda_3_chunk_009.npy,40,313,False
train,Peter Fonda,nodementia,nodementia/Peter Fonda/PeterFonda_3.wav,PeterFonda_3,10,C:\Users\sricb\OneDrive\Desktop\AI dementia dection\AI-Powered-Multimodal-Dementia-System\data\audio\features\mfcc\train\Peter Fonda\PeterFonda_3_chunk_010.npy,40,313,False
train,Peter Fonda,nodementia,nodementia/Peter Fonda/PeterFonda_3.wav,PeterFonda_3,11,C:\Users\sricb\OneDrive\Desktop\AI dementia dection\AI-Powered-Multimodal-Dementia-System\data\audio\features\mfcc\train\Peter Fonda\PeterFonda_3_chunk_011.npy,40,313,True
train,Philip Glass,nodementia,nodementia/Philip Glass/PhilipGlass_1.wav,PhilipGlass_1,1,C:\Users\sricb\OneDrive\Desktop\AI dementia dection\AI-Powered-Multimodal-Dementia-System\data\audio\features\mfcc\train\Philip Glass\PhilipGlass_1_chunk_001.npy,40,313,False
train,Philip Glass,nodementia,nodementia/Philip Glass/PhilipGlass_1.wav,PhilipGlass_1,2,C:\Users\sricb\OneDrive\Desktop\AI dementia dection\AI-Powered-Multimodal-Dementia-System\data\audio\features\mfcc\train\Philip Glass\PhilipGlass_1_chunk_002.npy,40,313,False
train,Philip Glass,nodementia,nodementia/Philip Glass/PhilipGlass_1.wav,PhilipGlass_1,3,C:\Users\sricb\OneDrive\Desktop\AI dementia dection\AI-Powered-Multimodal-Dementia-System\data\audio\features\mfcc\train\Philip Glass\PhilipGlass_1_chunk_003.npy,40,313,False
train,Philip Glass,nodementia,nodementia/Philip Glass/PhilipGlass_1.wav,PhilipGlass_1,4,C:\Users\sricb\OneDrive\Desktop\AI dementia dection\AI-Powered-Multimodal-Dementia-System\data\audio\features\mfcc\train\Philip Glass\PhilipGlass_1_chunk_004.npy,40,313,False
train,Philip Glass,nodementia,nodementia/Philip Glass/PhilipGlass_1.wav,PhilipGlass_1,5,C:\Users\sricb\OneDrive\Desktop\AI dementia dection\AI-Powered-Multimodal-Dementia-System\data\audio\features\mfcc\train\Philip Glass\PhilipGlass_1_chunk_005.npy,40,313,True
train,Philip Glass,nodementia,nodementia/Philip Glass/PhilipGlass_1.wav,PhilipGlass_1,6,C:\Users\sricb\OneDrive\Desktop\AI dementia dection\AI-Powered-Multimodal-Dementia-System\data\audio\features\mfcc\train\Philip Glass\PhilipGlass_1_chunk_006.npy,40,313,True
train,Philip Glass,nodementia,nodementia/Philip Glass/PhilipGlass_3.wav,PhilipGlass_3,1,C:\Users\sricb\OneDrive\Desktop\AI dementia dection\AI-Powered-Multimodal-Dementia-System\data\audio\features\mfcc\train\Philip Glass\PhilipGlass_3_chunk_001.npy,40,313,False
train,Philip Glass,nodementia,nodementia/Philip Glass/PhilipGlass_3.wav,PhilipGlass_3,2,C:\Users\sricb\OneDrive\Desktop\AI dementia dection\AI-Powered-Multimodal-Dementia-System\data\audio\features\mfcc\train\Philip Glass\PhilipGlass_3_chunk_002.npy,40,313,False
train,Philip Glass,nodementia,nodementia/Philip Glass/PhilipGlass_3.wav,PhilipGlass_3,3,C:\Users\sricb\OneDrive\Desktop\AI dementia dection\AI-Powered-Multimodal-Dementia-System\data\audio\features\mfcc\train\Philip Glass\PhilipGlass_3_chunk_003.npy,40,313,False
train,Philip Glass,nodementia,nodementia/Philip Glass/PhilipGlass_3.wav,PhilipGlass_3,4,C:\Users\sricb\OneDrive\Desktop\AI dementia dection\AI-Powered-Multimodal-Dementia-System\data\audio\features\mfcc\train\Philip Glass\PhilipGlass_3_chunk_004.npy,40,313,False
train,Philip Glass,nodementia,nodementia/Philip Glass/PhilipGlass_3.wav,PhilipGlass_3,5,C:\Users\sricb\OneDrive\Desktop\AI dementia dection\AI-Powered-Multimodal-Dementia-System\data\audio\features\mfcc\train\Philip Glass\PhilipGlass_3_chunk_005.npy,40,313,False
train,Philip Glass,nodementia,nodementia/Philip Glass/PhilipGlass_3.wav,PhilipGlass_3,6,C:\Users\sricb\OneDrive\Desktop\AI dementia dection\AI-Powered-Multimodal-Dementia-System\data\audio\features\mfcc\train\Philip Glass\PhilipGlass_3_chunk_006.npy,40,313,False
train,Philip Glass,nodementia,nodementia/Philip Glass/PhilipGlass_3.wav,PhilipGlass_3,7,C:\Users\sricb\OneDrive\Desktop\AI dementia dection\AI-Powered-Multimodal-Dementia-System\data\audio\features\mfcc\train\Philip Glass\PhilipGlass_3_chunk_007.npy,40,313,False
train,Philip Glass,nodementia,nodementia/Philip Glass/PhilipGlass_3.wav,PhilipGlass_3,8,C:\Users\sricb\OneDrive\Desktop\AI dementia dection\AI-Powered-Multimodal-Dementia-System\data\audio\features\mfcc\train\Philip Glass\PhilipGlass_3_chunk_008.npy,40,313,False
train,Philip Glass,nodementia,nodementia/Philip Glass/PhilipGlass_3.wav,PhilipGlass_3,9,C:\Users\sricb\OneDrive\Desktop\AI dementia dection\AI-Powered-Multimodal-Dementia-System\data\audio\features\mfcc\train\Philip Glass\PhilipGlass_3_chunk_009.npy,40,313,False
train,Philip Glass,nodementia,nodementia/Philip Glass/PhilipGlass_3.wav,PhilipGlass_3,10,C:\Users\sricb\OneDrive\Desktop\AI dementia dection\AI-Powered-Multimodal-Dementia-System\data\audio\features\mfcc\train\Philip Glass\PhilipGlass_3_chunk_010.npy,40,313,False
train,Philip Glass,nodementia,nodementia/Philip Glass/PhilipGlass_3.wav,PhilipGlass_3,11,C:\Users\sricb\OneDrive\Desktop\AI dementia dection\AI-Powered-Multimodal-Dementia-System\data\audio\features\mfcc\train\Philip Glass\PhilipGlass_3_chunk_011.npy,40,313,False
train,Philip Glass,nodementia,nodementia/Philip Glass/PhilipGlass_3.wav,PhilipGlass_3,12,C:\Users\sricb\OneDrive\Desktop\AI dementia dection\AI-Powered-Multimodal-Dementia-System\data\audio\features\mfcc\train\Philip Glass\PhilipGlass_3_chunk_012.npy,40,313,False
train,Philip Glass,nodementia,nodementia/Philip Glass/PhilipGlass_3.wav,PhilipGlass_3,13,C:\Users\sricb\OneDrive\Desktop\AI dementia dection\AI-Powered-Multimodal-Dementia-System\data\audio\features\mfcc\train\Philip Glass\PhilipGlass_3_chunk_013.npy,40,313,False
train,Philip Glass,nodementia,nodementia/Philip Glass/PhilipGlass_3.wav,PhilipGlass_3,14,C:\Users\sricb\OneDrive\Desktop\AI dementia dection\AI-Powered-Multimodal-Dementia-System\data\audio\features\mfcc\train\Philip Glass\PhilipGlass_3_chunk_014.npy,40,313,False
train,Philip Glass,nodementia,nodementia/Philip Glass/PhilipGlass_3.wav,PhilipGlass_3,15,C:\Users\sricb\OneDrive\Desktop\AI dementia dection\AI-Powered-Multimodal-Dementia-System\data\audio\features\mfcc\train\Philip Glass\PhilipGlass_3_chunk_015.npy,40,313,False
train,Philip Glass,nodementia,nodementia/Philip Glass/PhilipGlass_3.wav,PhilipGlass_3,16,C:\Users\sricb\OneDrive\Desktop\AI dementia dection\AI-Powered-Multimodal-Dementia-System\data\audio\features\mfcc\train\Philip Glass\PhilipGlass_3_chunk_016.npy,40,313,False
train,Philip Glass,nodementia,nodementia/Philip Glass/PhilipGlass_3.wav,PhilipGlass_3,17,C:\Users\sricb\OneDrive\Desktop\AI dementia dection\AI-Powered-Multimodal-Dementia-System\data\audio\features\mfcc\train\Philip Glass\PhilipGlass_3_chunk_017.npy,40,313,False
train,Philip Glass,nodementia,nodementia/Philip Glass/PhilipGlass_3.wav,PhilipGlass_3,18,C:\Users\sricb\OneDrive\Desktop\AI dementia dection\AI-Powered-Multimodal-Dementia-System\data\audio\features\mfcc\train\Philip Glass\PhilipGlass_3_chunk_018.npy,40,313,True
train,Prince Philip,nodementia,nodementia/Prince Philip/Prince Philip_1.wav,Prince Philip_1,1,C:\Users\sricb\OneDrive\Desktop\AI dementia dection\AI-Powered-Multimodal-Dementia-System\data\audio\features\mfcc\train\Prince Philip\Prince Philip_1_chunk_001.npy,40,313,False
train,Prince Philip,nodementia,nodementia/Prince Philip/Prince Philip_1.wav,Prince Philip_1,2,C:\Users\sricb\OneDrive\Desktop\AI dementia dection\AI-Powered-Multimodal-Dementia-System\data\audio\features\mfcc\train\Prince Philip\Prince Philip_1_chunk_002.npy,40,313,False
train,Prince Philip,nodementia,nodementia/Prince Philip/Prince Philip_1.wav,Prince Philip_1,3,C:\Users\sricb\OneDrive\Desktop\AI dementia dection\AI-Powered-Multimodal-Dementia-System\data\audio\features\mfcc\train\Prince Philip\Prince Philip_1_chunk_003.npy,40,313,False
train,Prince Philip,nodementia,nodementia/Prince Philip/Prince Philip_1.wav,Prince Philip_1,4,C:\Users\sricb\OneDrive\Desktop\AI dementia dection\AI-Powered-Multimodal-Dementia-System\data\audio\features\mfcc\train\Prince Philip\Prince Philip_1_chunk_004.npy,40,313,False
train,Prince Philip,nodementia,nodementia/Prince Philip/Prince Philip_1.wav,Prince Philip_1,5,C:\Users\sricb\OneDrive\Desktop\AI dementia dection\AI-Powered-Multimodal-Dementia-System\data\audio\features\mfcc\train\Prince Philip\Prince Philip_1_chunk_005.npy,40,313,False
train,Prince Philip,nodementia,nodementia/Prince Philip/Prince Philip_1.wav,Prince Philip_1,6,C:\Users\sricb\OneDrive\Desktop\AI dementia dection\AI-Powered-Multimodal-Dementia-System\data\audio\features\mfcc\train\Prince Philip\Prince Philip_1_chunk_006.npy,40,313,False
train,Prince Philip,nodementia,nodementia/Prince Philip/Prince Philip_1.wav,Prince Philip_1,7,C:\Users\sricb\OneDrive\Desktop\AI dementia dection\AI-Powered-Multimodal-Dementia-System\data\audio\features\mfcc\train\Prince Philip\Prince Philip_1_chunk_007.npy,40,313,False
train,Prince Philip,nodementia,nodementia/Prince Philip/Prince Philip_1.wav,Prince Philip_1,8,C:\Users\sricb\OneDrive\Desktop\AI dementia dection\AI-Powered-Multimodal-Dementia-System\data\audio\features\mfcc\train\Prince Philip\Prince Philip_1_chunk_008.npy,40,313,True
train,Prince Philip,nodementia,nodementia/Prince Philip/Prince Philip_1.wav,Prince Philip_1,9,C:\Users\sricb\OneDrive\Desktop\AI dementia dection\AI-Powered-Multimodal-Dementia-System\data\audio\features\mfcc\train\Prince Philip\Prince Philip_1_chunk_009.npy,40,313,True
train,Prince Philip,nodementia,nodementia/Prince Philip/Prince Philip_2.wav,Prince Philip_2,1,C:\Users\sricb\OneDrive\Desktop\AI dementia dection\AI-Powered-Multimodal-Dementia-System\data\audio\features\mfcc\train\Prince Philip\Prince Philip_2_chunk_001.npy,40,313,False
train,Prince Philip,nodementia,nodementia/Prince Philip/Prince Philip_2.wav,Prince Philip_2,2,C:\Users\sricb\OneDrive\Desktop\AI dementia dection\AI-Powered-Multimodal-Dementia-System\data\audio\features\mfcc\train\Prince Philip\Prince Philip_2_chunk_002.npy,40,313,False
train,Prince Philip,nodementia,nodementia/Prince Philip/Prince Philip_2.wav,Prince Philip_2,3,C:\Users\sricb\OneDrive\Desktop\AI dementia dection\AI-Powered-Multimodal-Dementia-System\data\audio\features\mfcc\train\Prince Philip\Prince Philip_2_chunk_003.npy,40,313,False
train,Prince Philip,nodementia,nodementia/Prince Philip/Prince Philip_2.wav,Prince Philip_2,4,C:\Users\sricb\OneDrive\Desktop\AI dementia dection\AI-Powered-Multimodal-Dementia-System\data\audio\features\mfcc\train\Prince Philip\Prince Philip_2_chunk_004.npy,40,313,False
train,Prince Philip,nodementia,nodementia/Prince Philip/Prince Philip_2.wav,Prince Philip_2,5,C:\Users\sricb\OneDrive\Desktop\AI dementia dection\AI-Powered-Multimodal-Dementia-System\data\audio\features\mfcc\train\Prince Philip\Prince Philip_2_chunk_005.npy,40,313,False
train,Prince Philip,nodementia,nodementia/Prince Philip/Prince Philip_2.wav,Prince Philip_2,6,C:\Users\sricb\OneDrive\Desktop\AI dementia dection\AI-Powered-Multimodal-Dementia-System\data\audio\features\mfcc\train\Prince Philip\Prince Philip_2_chunk_006.npy,40,313,False
train,Prince Philip,nodementia,nodementia/Prince Philip/Prince Philip_2.wav,Prince Philip_2,7,C:\Users\sricb\OneDrive\Desktop\AI dementia dection\AI-Powered-Multimodal-Dementia-System\data\audio\features\mfcc\train\Prince Philip\Prince Philip_2_chunk_007.npy,40,313,False
train,Prince Philip,nodementia,nodementia/Prince Philip/Prince Philip_2.wav,Prince Philip_2,8,C:\Users\sricb\OneDrive\Desktop\AI dementia dection\AI-Powered-Multimodal-Dementia-System\data\audio\features\mfcc\train\Prince Philip\Prince Philip_2_chunk_008.npy,40,313,False
train,Prince Philip,nodementia,nodementia/Prince Philip/Prince Philip_2.wav,Prince Philip_2,9,C:\Users\sricb\OneDrive\Desktop\AI dementia dection\AI-Powered-Multimodal-Dementia-System\data\audio\features\mfcc\train\Prince Philip\Prince Philip_2_chunk_009.npy,40,313,False
train,Prince Philip,nodementia,nodementia/Prince Philip/Prince Philip_2.wav,Prince Philip_2,10,C:\Users\sricb\OneDrive\Desktop\AI dementia dection\AI-Powered-Multimodal-Dementia-System\data\audio\features\mfcc\train\Prince Philip\Prince Philip_2_chunk_010.npy,40,313,False
train,Prince Philip,nodementia,nodementia/Prince Philip/Prince Philip_2.wav,Prince Philip_2,11,C:\Users\sricb\OneDrive\Desktop\AI dementia dection\AI-Powered-Multimodal-Dementia-System\data\audio\features\mfcc\train\Prince Philip\Prince Philip_2_chunk_011.npy,40,313,False
train,Prince Philip,nodementia,nodementia/Prince Philip/Prince Philip_2.wav,Prince Philip_2,12,C:\Users\sricb\OneDrive\Desktop\AI dementia dection\AI-Powered-Multimodal-Dementia-System\data\audio\features\mfcc\train\Prince Philip\Prince Philip_2_chunk_012.npy,40,313,False
train,Prince Philip,nodementia,nodementia/Prince Philip/Prince Philip_2.wav,Prince Philip_2,13,C:\Users\sricb\OneDrive\Desktop\AI dementia dection\AI-Powered-Multimodal-Dementia-System\data\audio\features\mfcc\train\Prince Philip\Prince Philip_2_chunk_013.npy,40,313,False
train,Prince Philip,nodementia,nodementia/Prince Philip/Prince Philip_2.wav,Prince Philip_2,14,C:\Users\sricb\OneDrive\Desktop\AI dementia dection\AI-Powered-Multimodal-Dementia-System\data\audio\features\mfcc\train\Prince Philip\Prince Philip_2_chunk_014.npy,40,313,True
train,Ralph Lauren,nodementia,nodementia/Ralph Lauren/RalphLauren_2.wav,RalphLauren_2,1,C:\Users\sricb\OneDrive\Desktop\AI dementia dection\AI-Powered-Multimodal-Dementia-System\data\audio\features\mfcc\train\Ralph Lauren\RalphLauren_2_chunk_001.npy,40,313,False
train,Ralph Lauren,nodementia,nodementia/Ralph Lauren/RalphLauren_2.wav,RalphLauren_2,2,C:\Users\sricb\OneDrive\Desktop\AI dementia dection\AI-Powered-Multimodal-Dementia-System\data\audio\features\mfcc\train\Ralph Lauren\RalphLauren_2_chunk_002.npy,40,313,False
train,Ralph Lauren,nodementia,nodementia/Ralph Lauren/RalphLauren_2.wav,RalphLauren_2,3,C:\Users\sricb\OneDrive\Desktop\AI dementia dection\AI-Powered-Multimodal-Dementia-System\data\audio\features\mfcc\train\Ralph Lauren\RalphLauren_2_chunk_003.npy,40,313,False
train,Ralph Lauren,nodementia,nodementia/Ralph Lauren/RalphLauren_2.wav,RalphLauren_2,4,C:\Users\sricb\OneDrive\Desktop\AI dementia dection\AI-Powered-Multimodal-Dementia-System\data\audio\features\mfcc\train\Ralph Lauren\RalphLauren_2_chunk_004.npy,40,313,False
train,Ralph Lauren,nodementia,nodementia/Ralph Lauren/RalphLauren_2.wav,RalphLauren_2,5,C:\Users\sricb\OneDrive\Desktop\AI dementia dection\AI-Powered-Multimodal-Dementia-System\data\audio\features\mfcc\train\Ralph Lauren\RalphLauren_2_chunk_005.npy,40,313,False
train,Ralph Lauren,nodementia,nodementia/Ralph Lauren/RalphLauren_2.wav,RalphLauren_2,6,C:\Users\sricb\OneDrive\Desktop\AI dementia dection\AI-Powered-Multimodal-Dementia-System\data\audio\features\mfcc\train\Ralph Lauren\RalphLauren_2_chunk_006.npy,40,313,False
train,Ralph Lauren,nodementia,nodementia/Ralph Lauren/RalphLauren_2.wav,RalphLauren_2,7,C:\Users\sricb\OneDrive\Desktop\AI dementia dection\AI-Powered-Multimodal-Dementia-System\data\audio\features\mfcc\train\Ralph Lauren\RalphLauren_2_chunk_007.npy,40,313,False
train,Ralph Lauren,nodementia,nodementia/Ralph Lauren/RalphLauren_2.wav,RalphLauren_2,8,C:\Users\sricb\OneDrive\Desktop\AI dementia dection\AI-Powered-Multimodal-Dementia-System\data\audio\features\mfcc\train\Ralph Lauren\RalphLauren_2_chunk_008.npy,40,313,False
train,Ralph Lauren,nodementia,nodementia/Ralph Lauren/RalphLauren_2.wav,RalphLauren_2,9,C:\Users\sricb\OneDrive\Desktop\AI dementia dection\AI-Powered-Multimodal-Dementia-System\data\audio\features\mfcc\train\Ralph Lauren\RalphLauren_2_chunk_009.npy,40,313,False
train,Ralph Lauren,nodementia,nodementia/Ralph Lauren/RalphLauren_2.wav,RalphLauren_2,10,C:\Users\sricb\OneDrive\Desktop\AI dementia dection\AI-Powered-Multimodal-Dementia-System\data\audio\features\mfcc\train\Ralph Lauren\RalphLauren_2_chunk_010.npy,40,313,False
train,Ralph Lauren,nodementia,nodementia/Ralph Lauren/RalphLauren_2.wav,RalphLauren_2,11,C:\Users\sricb\OneDrive\Desktop\AI dementia dection\AI-Powered-Multimodal-Dementia-System\data\audio\features\mfcc\train\Ralph Lauren\RalphLauren_2_chunk_011.npy,40,313,False
train,Ralph Lauren,nodementia,nodementia/Ralph Lauren/RalphLauren_2.wav,RalphLauren_2,12,C:\Users\sricb\OneDrive\Desktop\AI dementia dection\AI-Powered-Multimodal-Dementia-System\data\audio\features\mfcc\train\Ralph Lauren\RalphLauren_2_chunk_012.npy,40,313,False
train,Ralph Lauren,nodementia,nodementia/Ralph Lauren/RalphLauren_2.wav,RalphLauren_2,13,C:\Users\sricb\OneDrive\Desktop\AI dementia dection\AI-Powered-Multimodal-Dementia-System\data\audio\features\mfcc\train\Ralph Lauren\RalphLauren_2_chunk_013.npy,40,313,False
train,Ralph Lauren,nodementia,nodementia/Ralph Lauren/RalphLauren_2.wav,RalphLauren_2,14,C:\Users\sricb\OneDrive\Desktop\AI dementia dection\AI-Powered-Multimodal-Dementia-System\data\audio\features\mfcc\train\Ralph Lauren\RalphLauren_2_chunk_014.npy,40,313,False
train,Ralph Lauren,nodementia,nodementia/Ralph Lauren/RalphLauren_2.wav,RalphLauren_2,15,C:\Users\sricb\OneDrive\Desktop\AI dementia dection\AI-Powered-Multimodal-Dementia-System\data\audio\features\mfcc\train\Ralph Lauren\RalphLauren_2_chunk_015.npy,40,313,False
train,Ralph Lauren,nodementia,nodementia/Ralph Lauren/RalphLauren_2.wav,RalphLauren_2,16,C:\Users\sricb\OneDrive\Desktop\AI dementia dection\AI-Powered-Multimodal-Dementia-System\data\audio\features\mfcc\train\Ralph Lauren\RalphLauren_2_chunk_016.npy,40,313,False
train,Ralph Lauren,nodementia,nodementia/Ralph Lauren/RalphLauren_2.wav,RalphLauren_2,17,C:\Users\sricb\OneDrive\Desktop\AI dementia dection\AI-Powered-Multimodal-Dementia-System\data\audio\features\mfcc\train\Ralph Lauren\RalphLauren_2_chunk_017.npy,40,313,False
train,Ralph Lauren,nodementia,nodementia/Ralph Lauren/RalphLauren_2.wav,RalphLauren_2,18,C:\Users\sricb\OneDrive\Desktop\AI dementia dection\AI-Powered-Multimodal-Dementia-System\data\audio\features\mfcc\train\Ralph Lauren\RalphLauren_2_chunk_018.npy,40,313,True
train,Robert De Niro,nodementia,nodementia/Robert De Niro/RobertDeNiro_1.wav,RobertDeNiro_1,1,C:\Users\sricb\OneDrive\Desktop\AI dementia dection\AI-Powered-Multimodal-Dementia-System\data\audio\features\mfcc\train\Robert De Niro\RobertDeNiro_1_chunk_001.npy,40,313,False
train,Robert De Niro,nodementia,nodementia/Robert De Niro/RobertDeNiro_1.wav,RobertDeNiro_1,2,C:\Users\sricb\OneDrive\Desktop\AI dementia dection\AI-Powered-Multimodal-Dementia-System\data\audio\features\mfcc\train\Robert De Niro\RobertDeNiro_1_chunk_002.npy,40,313,False
train,Robert De Niro,nodementia,nodementia/Robert De Niro/RobertDeNiro_1.wav,RobertDeNiro_1,3,C:\Users\sricb\OneDrive\Desktop\AI dementia dection\AI-Powered-Multimodal-Dementia-System\data\audio\features\mfcc\train\Robert De Niro\RobertDeNiro_1_chunk_003.npy,40,313,False
train,Robert De Niro,nodementia,nodementia/Robert De Niro/RobertDeNiro_1.wav,RobertDeNiro_1,4,C:\Users\sricb\OneDrive\Desktop\AI dementia dection\AI-Powered-Multimodal-Dementia-System\data\audio\features\mfcc\train\Robert De Niro\RobertDeNiro_1_chunk_004.npy,40,313,False
train,Robert De Niro,nodementia,nodementia/Robert De Niro/RobertDeNiro_1.wav,RobertDeNiro_1,5,C:\Users\sricb\OneDrive\Desktop\AI dementia dection\AI-Powered-Multimodal-Dementia-System\data\audio\features\mfcc\train\Robert De Niro\RobertDeNiro_1_chunk_005.npy,40,313,False
train,Robert De Niro,nodementia,nodementia/Robert De Niro/RobertDeNiro_1.wav,RobertDeNiro_1,6,C:\Users\sricb\OneDrive\Desktop\AI dementia dection\AI-Powered-Multimodal-Dementia-System\data\audio\features\mfcc\train\Robert De Niro\RobertDeNiro_1_chunk_006.npy,40,313,False
train,Robert De Niro,nodementia,nodementia/Robert De Niro/RobertDeNiro_1.wav,RobertDeNiro_1,7,C:\Users\sricb\OneDrive\Desktop\AI dementia dection\AI-Powered-Multimodal-Dementia-System\data\audio\features\mfcc\train\Robert De Niro\RobertDeNiro_1_chunk_007.npy,40,313,False
train,Robert De Niro,nodementia,nodementia/Robert De Niro/RobertDeNiro_1.wav,RobertDeNiro_1,8,C:\Users\sricb\OneDrive\Desktop\AI dementia dection\AI-Powered-Multimodal-Dementia-System\data\audio\features\mfcc\train\Robert De Niro\RobertDeNiro_1_chunk_008.npy,40,313,False
train,Robert De Niro,nodementia,nodementia/Robert De Niro/RobertDeNiro_1.wav,RobertDeNiro_1,9,C:\Users\sricb\OneDrive\Desktop\AI dementia dection\AI-Powered-Multimodal-Dementia-System\data\audio\features\mfcc\train\Robert De Niro\RobertDeNiro_1_chunk_009.npy,40,313,False
train,Robert De Niro,nodementia,nodementia/Robert De Niro/RobertDeNiro_1.wav,RobertDeNiro_1,10,C:\Users\sricb\OneDrive\Desktop\AI dementia dection\AI-Powered-Multimodal-Dementia-System\data\audio\features\mfcc\train\Robert De Niro\RobertDeNiro_1_chunk_010.npy,40,313,False
train,Robert De Niro,nodementia,nodementia/Robert De Niro/RobertDeNiro_1.wav,RobertDeNiro_1,11,C:\Users\sricb\OneDrive\Desktop\AI dementia dection\AI-Powered-Multimodal-Dementia-System\data\audio\features\mfcc\train\Robert De Niro\RobertDeNiro_1_chunk_011.npy,40,313,False
train,Robert De Niro,nodementia,nodementia/Robert De Niro/RobertDeNiro_1.wav,RobertDeNiro_1,12,C:\Users\sricb\OneDrive\Desktop\AI dementia dection\AI-Powered-Multimodal-Dementia-System\data\audio\features\mfcc\train\Robert De Niro\RobertDeNiro_1_chunk_012.npy,40,313,False
train,Robert De Niro,nodementia,nodementia/Robert De Niro/RobertDeNiro_1.wav,RobertDeNiro_1,13,C:\Users\sricb\OneDrive\Desktop\AI dementia dection\AI-Powered-Multimodal-Dementia-System\data\audio\features\mfcc\train\Robert De Niro\RobertDeNiro_1_chunk_013.npy,40,313,False
train,Robert De Niro,nodementia,nodementia/Robert De Niro/RobertDeNiro_1.wav,RobertDeNiro_1,14,C:\Users\sricb\OneDrive\Desktop\AI dementia dection\AI-Powered-Multimodal-Dementia-System\data\audio\features\mfcc\train\Robert De Niro\RobertDeNiro_1_chunk_014.npy,40,313,False
train,Robert De Niro,nodementia,nodementia/Robert De Niro/RobertDeNiro_1.wav,RobertDeNiro_1,15,C:\Users\sricb\OneDrive\Desktop\AI dementia dection\AI-Powered-Multimodal-Dementia-System\data\audio\features\mfcc\train\Robert De Niro\RobertDeNiro_1_chunk_015.npy,40,313,False
train,Robert De Niro,nodementia,nodementia/Robert De Niro/RobertDeNiro_1.wav,RobertDeNiro_1,16,C:\Users\sricb\OneDrive\Desktop\AI dementia dection\AI-Powered-Multimodal-Dementia-System\data\audio\features\mfcc\train\Robert De Niro\RobertDeNiro_1_chunk_016.npy,40,313,False
train,Robert De Niro,nodementia,nodementia/Robert De Niro/RobertDeNiro_1.wav,RobertDeNiro_1,17,C:\Users\sricb\OneDrive\Desktop\AI dementia dection\AI-Powered-Multimodal-Dementia-System\data\audio\features\mfcc\train\Robert De Niro\RobertDeNiro_1_chunk_017.npy,40,313,False
train,Robert De Niro,nodementia,nodementia/Robert De Niro/RobertDeNiro_1.wav,RobertDeNiro_1,18,C:\Users\sricb\OneDrive\Desktop\AI dementia dection\AI-Powered-Multimodal-Dementia-System\data\audio\features\mfcc\train\Robert De Niro\RobertDeNiro_1_chunk_018.npy,40,313,True
train,Robert De Niro,nodementia,nodementia/Robert De Niro/RobertDeNiro_2.wav,RobertDeNiro_2,1,C:\Users\sricb\OneDrive\Desktop\AI dementia dection\AI-Powered-Multimodal-Dementia-System\data\audio\features\mfcc\train\Robert De Niro\RobertDeNiro_2_chunk_001.npy,40,313,False
train,Robert De Niro,nodementia,nodementia/Robert De Niro/RobertDeNiro_2.wav,RobertDeNiro_2,2,C:\Users\sricb\OneDrive\Desktop\AI dementia dection\AI-Powered-Multimodal-Dementia-System\data\audio\features\mfcc\train\Robert De Niro\RobertDeNiro_2_chunk_002.npy,40,313,False
train,Robert De Niro,nodementia,nodementia/Robert De Niro/RobertDeNiro_2.wav,RobertDeNiro_2,3,C:\Users\sricb\OneDrive\Desktop\AI dementia dection\AI-Powered-Multimodal-Dementia-System\data\audio\features\mfcc\train\Robert De Niro\RobertDeNiro_2_chunk_003.npy,40,313,False
train,Robert De Niro,nodementia,nodementia/Robert De Niro/RobertDeNiro_2.wav,RobertDeNiro_2,4,C:\Users\sricb\OneDrive\Desktop\AI dementia dection\AI-Powered-Multimodal-Dementia-System\data\audio\features\mfcc\train\Robert De Niro\RobertDeNiro_2_chunk_004.npy,40,313,False
train,Robert De Niro,nodementia,nodementia/Robert De Niro/RobertDeNiro_2.wav,RobertDeNiro_2,5,C:\Users\sricb\OneDrive\Desktop\AI dementia dection\AI-Powered-Multimodal-Dementia-System\data\audio\features\mfcc\train\Robert De Niro\RobertDeNiro_2_chunk_005.npy,40,313,False
train,Robert De Niro,nodementia,nodementia/Robert De Niro/RobertDeNiro_2.wav,RobertDeNiro_2,6,C:\Users\sricb\OneDrive\Desktop\AI dementia dection\AI-Powered-Multimodal-Dementia-System\data\audio\features\mfcc\train\Robert De Niro\RobertDeNiro_2_chunk_006.npy,40,313,False
train,Robert De Niro,nodementia,nodementia/Robert De Niro/RobertDeNiro_2.wav,RobertDeNiro_2,7,C:\Users\sricb\OneDrive\Desktop\AI dementia dection\AI-Powered-Multimodal-Dementia-System\data\audio\features\mfcc\train\Robert De Niro\RobertDeNiro_2_chunk_007.npy,40,313,False
train,Robert De Niro,nodementia,nodementia/Robert De Niro/RobertDeNiro_2.wav,RobertDeNiro_2,8,C:\Users\sricb\OneDrive\Desktop\AI dementia dection\AI-Powered-Multimodal-Dementia-System\data\audio\features\mfcc\train\Robert De Niro\RobertDeNiro_2_chunk_008.npy,40,313,False
train,Robert De Niro,nodementia,nodementia/Robert De Niro/RobertDeNiro_2.wav,RobertDeNiro_2,9,C:\Users\sricb\OneDrive\Desktop\AI dementia dection\AI-Powered-Multimodal-Dementia-System\data\audio\features\mfcc\train\Robert De Niro\RobertDeNiro_2_chunk_009.npy,40,313,False
train,Robert De Niro,nodementia,nodementia/Robert De Niro/RobertDeNiro_2.wav,RobertDeNiro_2,10,C:\Users\sricb\OneDrive\Desktop\AI dementia dection\AI-Powered-Multimodal-Dementia-System\data\audio\features\mfcc\train\Robert De Niro\RobertDeNiro_2_chunk_010.npy,40,313,False
train,Robert De Niro,nodementia,nodementia/Robert De Niro/RobertDeNiro_2.wav,RobertDeNiro_2,11,C:\Users\sricb\OneDrive\Desktop\AI dementia dection\AI-Powered-Multimodal-Dementia-System\data\audio\features\mfcc\train\Robert De Niro\RobertDeNiro_2_chunk_011.npy,40,313,False
train,Robert De Niro,nodementia,nodementia/Robert De Niro/RobertDeNiro_2.wav,RobertDeNiro_2,12,C:\Users\sricb\OneDrive\Desktop\AI dementia dection\AI-Powered-Multimodal-Dementia-System\data\audio\features\mfcc\train\Robert De Niro\RobertDeNiro_2_chunk_012.npy,40,313,False
train,Robert De Niro,nodementia,nodementia/Robert De Niro/RobertDeNiro_2.wav,RobertDeNiro_2,13,C:\Users\sricb\OneDrive\Desktop\AI dementia dection\AI-Powered-Multimodal-Dementia-System\data\audio\features\mfcc\train\Robert De Niro\RobertDeNiro_2_chunk_013.npy,40,313,True
train,Robert De Niro,nodementia,nodementia/Robert De Niro/RobertDeNiro_2.wav,RobertDeNiro_2,14,C:\Users\sricb\OneDrive\Desktop\AI dementia dection\AI-Powered-Multimodal-Dementia-System\data\audio\features\mfcc\train\Robert De Niro\RobertDeNiro_2_chunk_014.npy,40,313,True
train,Robert Wagner,nodementia,nodementia/Robert Wagner/RobertWagner_3.wav,RobertWagner_3,1,C:\Users\sricb\OneDrive\Desktop\AI dementia dection\AI-Powered-Multimodal-Dementia-System\data\audio\features\mfcc\train\Robert Wagner\RobertWagner_3_chunk_001.npy,40,313,False
train,Robert Wagner,nodementia,nodementia/Robert Wagner/RobertWagner_3.wav,RobertWagner_3,2,C:\Users\sricb\OneDrive\Desktop\AI dementia dection\AI-Powered-Multimodal-Dementia-System\data\audio\features\mfcc\train\Robert Wagner\RobertWagner_3_chunk_002.npy,40,313,False
train,Robert Wagner,nodementia,nodementia/Robert Wagner/RobertWagner_3.wav,RobertWagner_3,3,C:\Users\sricb\OneDrive\Desktop\AI dementia dection\AI-Powered-Multimodal-Dementia-System\data\audio\features\mfcc\train\Robert Wagner\RobertWagner_3_chunk_003.npy,40,313,False
train,Robert Wagner,nodementia,nodementia/Robert Wagner/RobertWagner_3.wav,RobertWagner_3,4,C:\Users\sricb\OneDrive\Desktop\AI dementia dection\AI-Powered-Multimodal-Dementia-System\data\audio\features\mfcc\train\Robert Wagner\RobertWagner_3_chunk_004.npy,40,313,False
train,Robert Wagner,nodementia,nodementia/Robert Wagner/RobertWagner_3.wav,RobertWagner_3,5,C:\Users\sricb\OneDrive\Desktop\AI dementia dection\AI-Powered-Multimodal-Dementia-System\data\audio\features\mfcc\train\Robert Wagner\RobertWagner_3_chunk_005.npy,40,313,False
train,Robert Wagner,nodementia,nodementia/Robert Wagner/RobertWagner_3.wav,RobertWagner_3,6,C:\Users\sricb\OneDrive\Desktop\AI dementia dection\AI-Powered-Multimodal-Dementia-System\data\audio\features\mfcc\train\Robert Wagner\RobertWagner_3_chunk_006.npy,40,313,False
train,Robert Wagner,nodementia,nodementia/Robert Wagner/RobertWagner_3.wav,RobertWagner_3,7,C:\Users\sricb\OneDrive\Desktop\AI dementia dection\AI-Powered-Multimodal-Dementia-System\data\audio\features\mfcc\train\Robert Wagner\RobertWagner_3_chunk_007.npy,40,313,True
train,Robert Wagner,nodementia,nodementia/Robert Wagner/RobertWagner_3.wav,RobertWagner_3,8,C:\Users\sricb\OneDrive\Desktop\AI dementia dection\AI-Powered-Multimodal-Dementia-System\data\audio\features\mfcc\train\Robert Wagner\RobertWagner_3_chunk_008.npy,40,313,True
train,Roger Waters,nodementia,nodementia/Roger Waters/RogerWaters_2.wav,RogerWaters_2,1,C:\Users\sricb\OneDrive\Desktop\AI dementia dection\AI-Powered-Multimodal-Dementia-System\data\audio\features\mfcc\train\Roger Waters\RogerWaters_2_chunk_001.npy,40,313,False
train,Roger Waters,nodementia,nodementia/Roger Waters/RogerWaters_2.wav,RogerWaters_2,2,C:\Users\sricb\OneDrive\Desktop\AI dementia dection\AI-Powered-Multimodal-Dementia-System\data\audio\features\mfcc\train\Roger Waters\RogerWaters_2_chunk_002.npy,40,313,False
train,Roger Waters,nodementia,nodementia/Roger Waters/RogerWaters_2.wav,RogerWaters_2,3,C:\Users\sricb\OneDrive\Desktop\AI dementia dection\AI-Powered-Multimodal-Dementia-System\data\audio\features\mfcc\train\Roger Waters\RogerWaters_2_chunk_003.npy,40,313,False
train,Roger Waters,nodementia,nodementia/Roger Waters/RogerWaters_2.wav,RogerWaters_2,4,C:\Users\sricb\OneDrive\Desktop\AI dementia dection\AI-Powered-Multimodal-Dementia-System\data\audio\features\mfcc\train\Roger Waters\RogerWaters_2_chunk_004.npy,40,313,False
train,Roger Waters,nodementia,nodementia/Roger Waters/RogerWaters_2.wav,RogerWaters_2,5,C:\Users\sricb\OneDrive\Desktop\AI dementia dection\AI-Powered-Multimodal-Dementia-System\data\audio\features\mfcc\train\Roger Waters\RogerWaters_2_chunk_005.npy,40,313,False
train,Roger Waters,nodementia,nodementia/Roger Waters/RogerWaters_2.wav,RogerWaters_2,6,C:\Users\sricb\OneDrive\Desktop\AI dementia dection\AI-Powered-Multimodal-Dementia-System\data\audio\features\mfcc\train\Roger Waters\RogerWaters_2_chunk_006.npy,40,313,False
train,Roger Waters,nodementia,nodementia/Roger Waters/RogerWaters_2.wav,RogerWaters_2,7,C:\Users\sricb\OneDrive\Desktop\AI dementia dection\AI-Powered-Multimodal-Dementia-System\data\audio\features\mfcc\train\Roger Waters\RogerWaters_2_chunk_007.npy,40,313,False
train,Roger Waters,nodementia,nodementia/Roger Waters/RogerWaters_2.wav,RogerWaters_2,8,C:\Users\sricb\OneDrive\Desktop\AI dementia dection\AI-Powered-Multimodal-Dementia-System\data\audio\features\mfcc\train\Roger Waters\RogerWaters_2_chunk_008.npy,40,313,False
train,Roger Waters,nodementia,nodementia/Roger Waters/RogerWaters_2.wav,RogerWaters_2,9,C:\Users\sricb\OneDrive\Desktop\AI dementia dection\AI-Powered-Multimodal-Dementia-System\data\audio\features\mfcc\train\Roger Waters\RogerWaters_2_chunk_009.npy,40,313,False
train,Roger Waters,nodementia,nodementia/Roger Waters/RogerWaters_2.wav,RogerWaters_2,10,C:\Users\sricb\OneDrive\Desktop\AI dementia dection\AI-Powered-Multimodal-Dementia-System\data\audio\features\mfcc\train\Roger Waters\RogerWaters_2_chunk_010.npy,40,313,False
train,Roger Waters,nodementia,nodementia/Roger Waters/RogerWaters_2.wav,RogerWaters_2,11,C:\Users\sricb\OneDrive\Desktop\AI dementia dection\AI-Powered-Multimodal-Dementia-System\data\audio\features\mfcc\train\Roger Waters\RogerWaters_2_chunk_011.npy,40,313,False
train,Roger Waters,nodementia,nodementia/Roger Waters/RogerWaters_2.wav,RogerWaters_2,12,C:\Users\sricb\OneDrive\Desktop\AI dementia dection\AI-Powered-Multimodal-Dementia-System\data\audio\features\mfcc\train\Roger Waters\RogerWaters_2_chunk_012.npy,40,313,False
train,Roger Waters,nodementia,nodementia/Roger Waters/RogerWaters_2.wav,RogerWaters_2,13,C:\Users\sricb\OneDrive\Desktop\AI dementia dection\AI-Powered-Multimodal-Dementia-System\data\audio\features\mfcc\train\Roger Waters\RogerWaters_2_chunk_013.npy,40,313,True
train,Roger Waters,nodementia,nodementia/Roger Waters/RogerWaters_2.wav,RogerWaters_2,14,C:\Users\sricb\OneDrive\Desktop\AI dementia dection\AI-Powered-Multimodal-Dementia-System\data\audio\features\mfcc\train\Roger Waters\RogerWaters_2_chunk_014.npy,40,313,True
train,Roger Waters,nodementia,nodementia/Roger Waters/RogerWaters_3.wav,RogerWaters_3,1,C:\Users\sricb\OneDrive\Desktop\AI dementia dection\AI-Powered-Multimodal-Dementia-System\data\audio\features\mfcc\train\Roger Waters\RogerWaters_3_chunk_001.npy,40,313,False
train,Roger Waters,nodementia,nodementia/Roger Waters/RogerWaters_3.wav,RogerWaters_3,2,C:\Users\sricb\OneDrive\Desktop\AI dementia dection\AI-Powered-Multimodal-Dementia-System\data\audio\features\mfcc\train\Roger Waters\RogerWaters_3_chunk_002.npy,40,313,False
train,Roger Waters,nodementia,nodementia/Roger Waters/RogerWaters_3.wav,RogerWaters_3,3,C:\Users\sricb\OneDrive\Desktop\AI dementia dection\AI-Powered-Multimodal-Dementia-System\data\audio\features\mfcc\train\Roger Waters\RogerWaters_3_chunk_003.npy,40,313,False
train,Roger Waters,nodementia,nodementia/Roger Waters/RogerWaters_3.wav,RogerWaters_3,4,C:\Users\sricb\OneDrive\Desktop\AI dementia dection\AI-Powered-Multimodal-Dementia-System\data\audio\features\mfcc\train\Roger Waters\RogerWaters_3_chunk_004.npy,40,313,False
train,Roger Waters,nodementia,nodementia/Roger Waters/RogerWaters_3.wav,RogerWaters_3,5,C:\Users\sricb\OneDrive\Desktop\AI dementia dection\AI-Powered-Multimodal-Dementia-System\data\audio\features\mfcc\train\Roger Waters\RogerWaters_3_chunk_005.npy,40,313,False
train,Roger Waters,nodementia,nodementia/Roger Waters/RogerWaters_3.wav,RogerWaters_3,6,C:\Users\sricb\OneDrive\Desktop\AI dementia dection\AI-Powered-Multimodal-Dementia-System\data\audio\features\mfcc\train\Roger Waters\RogerWaters_3_chunk_006.npy,40,313,False
train,Roger Waters,nodementia,nodementia/Roger Waters/RogerWaters_3.wav,RogerWaters_3,7,C:\Users\sricb\OneDrive\Desktop\AI dementia dection\AI-Powered-Multimodal-Dementia-System\data\audio\features\mfcc\train\Roger Waters\RogerWaters_3_chunk_007.npy,40,313,False
train,Roger Waters,nodementia,nodementia/Roger Waters/RogerWaters_3.wav,RogerWaters_3,8,C:\Users\sricb\OneDrive\Desktop\AI dementia dection\AI-Powered-Multimodal-Dementia-System\data\audio\features\mfcc\train\Roger Waters\RogerWaters_3_chunk_008.npy,40,313,False
train,Roger Waters,nodementia,nodementia/Roger Waters/RogerWaters_3.wav,RogerWaters_3,9,C:\Users\sricb\OneDrive\Desktop\AI dementia dection\AI-Powered-Multimodal-Dementia-System\data\audio\features\mfcc\train\Roger Waters\RogerWaters_3_chunk_009.npy,40,313,False
train,Roger Waters,nodementia,nodementia/Roger Waters/RogerWaters_3.wav,RogerWaters_3,10,C:\Users\sricb\OneDrive\Desktop\AI dementia dection\AI-Powered-Multimodal-Dementia-System\data\audio\features\mfcc\train\Roger Waters\RogerWaters_3_chunk_010.npy,40,313,True
train,Roger Waters,nodementia,nodementia/Roger Waters/RogerWaters_3.wav,RogerWaters_3,11,C:\Users\sricb\OneDrive\Desktop\AI dementia dection\AI-Powered-Multimodal-Dementia-System\data\audio\features\mfcc\train\Roger Waters\RogerWaters_3_chunk_011.npy,40,313,True
train,Terry Riley,nodementia,nodementia/Terry Riley/TerryRiley_2.wav,TerryRiley_2,1,C:\Users\sricb\OneDrive\Desktop\AI dementia dection\AI-Powered-Multimodal-Dementia-System\data\audio\features\mfcc\train\Terry Riley\TerryRiley_2_chunk_001.npy,40,313,False
train,Terry Riley,nodementia,nodementia/Terry Riley/TerryRiley_2.wav,TerryRiley_2,2,C:\Users\sricb\OneDrive\Desktop\AI dementia dection\AI-Powered-Multimodal-Dementia-System\data\audio\features\mfcc\train\Terry Riley\TerryRiley_2_chunk_002.npy,40,313,False
train,Terry Riley,nodementia,nodementia/Terry Riley/TerryRiley_2.wav,TerryRiley_2,3,C:\Users\sricb\OneDrive\Desktop\AI dementia dection\AI-Powered-Multimodal-Dementia-System\data\audio\features\mfcc\train\Terry Riley\TerryRiley_2_chunk_003.npy,40,313,False
train,Terry Riley,nodementia,nodementia/Terry Riley/TerryRiley_2.wav,TerryRiley_2,4,C:\Users\sricb\OneDrive\Desktop\AI dementia dection\AI-Powered-Multimodal-Dementia-System\data\audio\features\mfcc\train\Terry Riley\TerryRiley_2_chunk_004.npy,40,313,False
train,Terry Riley,nodementia,nodementia/Terry Riley/TerryRiley_2.wav,TerryRiley_2,5,C:\Users\sricb\OneDrive\Desktop\AI dementia dection\AI-Powered-Multimodal-Dementia-System\data\audio\features\mfcc\train\Terry Riley\TerryRiley_2_chunk_005.npy,40,313,False
train,Terry Riley,nodementia,nodementia/Terry Riley/TerryRiley_2.wav,TerryRiley_2,6,C:\Users\sricb\OneDrive\Desktop\AI dementia dection\AI-Powered-Multimodal-Dementia-System\data\audio\features\mfcc\train\Terry Riley\TerryRiley_2_chunk_006.npy,40,313,False
train,Terry Riley,nodementia,nodementia/Terry Riley/TerryRiley_2.wav,TerryRiley_2,7,C:\Users\sricb\OneDrive\Desktop\AI dementia dection\AI-Powered-Multimodal-Dementia-System\data\audio\features\mfcc\train\Terry Riley\TerryRiley_2_chunk_007.npy,40,313,False
train,Terry Riley,nodementia,nodementia/Terry Riley/TerryRiley_2.wav,TerryRiley_2,8,C:\Users\sricb\OneDrive\Desktop\AI dementia dection\AI-Powered-Multimodal-Dementia-System\data\audio\features\mfcc\train\Terry Riley\TerryRiley_2_chunk_008.npy,40,313,False
train,Terry Riley,nodementia,nodementia/Terry Riley/TerryRiley_2.wav,TerryRiley_2,9,C:\Users\sricb\OneDrive\Desktop\AI dementia dection\AI-Powered-Multimodal-Dementia-System\data\audio\features\mfcc\train\Terry Riley\TerryRiley_2_chunk_009.npy,40,313,False
train,Terry Riley,nodementia,nodementia/Terry Riley/TerryRiley_2.wav,TerryRiley_2,10,C:\Users\sricb\OneDrive\Desktop\AI dementia dection\AI-Powered-Multimodal-Dementia-System\data\audio\features\mfcc\train\Terry Riley\TerryRiley_2_chunk_010.npy,40,313,False
train,Terry Riley,nodementia,nodementia/Terry Riley/TerryRiley_2.wav,TerryRiley_2,11,C:\Users\sricb\OneDrive\Desktop\AI dementia dection\AI-Powered-Multimodal-Dementia-System\data\audio\features\mfcc\train\Terry Riley\TerryRiley_2_chunk_011.npy,40,313,False
train,Terry Riley,nodementia,nodementia/Terry Riley/TerryRiley_2.wav,TerryRiley_2,12,C:\Users\sricb\OneDrive\Desktop\AI dementia dection\AI-Powered-Multimodal-Dementia-System\data\audio\features\mfcc\train\Terry Riley\TerryRiley_2_chunk_012.npy,40,313,False
train,Terry Riley,nodementia,nodementia/Terry Riley/TerryRiley_2.wav,TerryRiley_2,13,C:\Users\sricb\OneDrive\Desktop\AI dementia dection\AI-Powered-Multimodal-Dementia-System\data\audio\features\mfcc\train\Terry Riley\TerryRiley_2_chunk_013.npy,40,313,False
train,Terry Riley,nodementia,nodementia/Terry Riley/TerryRiley_2.wav,TerryRiley_2,14,C:\Users\sricb\OneDrive\Desktop\AI dementia dection\AI-Powered-Multimodal-Dementia-System\data\audio\features\mfcc\train\Terry Riley\TerryRiley_2_chunk_014.npy,40,313,False
train,Terry Riley,nodementia,nodementia/Terry Riley/TerryRiley_2.wav,TerryRiley_2,15,C:\Users\sricb\OneDrive\Desktop\AI dementia dection\AI-Powered-Multimodal-Dementia-System\data\audio\features\mfcc\train\Terry Riley\TerryRiley_2_chunk_015.npy,40,313,False
train,Terry Riley,nodementia,nodementia/Terry Riley/TerryRiley_2.wav,TerryRiley_2,16,C:\Users\sricb\OneDrive\Desktop\AI dementia dection\AI-Powered-Multimodal-Dementia-System\data\audio\features\mfcc\train\Terry Riley\TerryRiley_2_chunk_016.npy,40,313,False
train,Terry Riley,nodementia,nodementia/Terry Riley/TerryRiley_2.wav,TerryRiley_2,17,C:\Users\sricb\OneDrive\Desktop\AI dementia dection\AI-Powered-Multimodal-Dementia-System\data\audio\features\mfcc\train\Terry Riley\TerryRiley_2_chunk_017.npy,40,313,False
train,Terry Riley,nodementia,nodementia/Terry Riley/TerryRiley_2.wav,TerryRiley_2,18,C:\Users\sricb\OneDrive\Desktop\AI dementia dection\AI-Powered-Multimodal-Dementia-System\data\audio\features\mfcc\train\Terry Riley\TerryRiley_2_chunk_018.npy,40,313,True
train,Terry Riley,nodementia,nodementia/Terry Riley/TerryRiley_3.wav,TerryRiley_3,1,C:\Users\sricb\OneDrive\Desktop\AI dementia dection\AI-Powered-Multimodal-Dementia-System\data\audio\features\mfcc\train\Terry Riley\TerryRiley_3_chunk_001.npy,40,313,False
train,Terry Riley,nodementia,nodementia/Terry Riley/TerryRiley_3.wav,TerryRiley_3,2,C:\Users\sricb\OneDrive\Desktop\AI dementia dection\AI-Powered-Multimodal-Dementia-System\data\audio\features\mfcc\train\Terry Riley\TerryRiley_3_chunk_002.npy,40,313,False
train,Terry Riley,nodementia,nodementia/Terry Riley/TerryRiley_3.wav,TerryRiley_3,3,C:\Users\sricb\OneDrive\Desktop\AI dementia dection\AI-Powered-Multimodal-Dementia-System\data\audio\features\mfcc\train\Terry Riley\TerryRiley_3_chunk_003.npy,40,313,False
train,Terry Riley,nodementia,nodementia/Terry Riley/TerryRiley_3.wav,TerryRiley_3,4,C:\Users\sricb\OneDrive\Desktop\AI dementia dection\AI-Powered-Multimodal-Dementia-System\data\audio\features\mfcc\train\Terry Riley\TerryRiley_3_chunk_004.npy,40,313,False
train,Terry Riley,nodementia,nodementia/Terry Riley/TerryRiley_3.wav,TerryRiley_3,5,C:\Users\sricb\OneDrive\Desktop\AI dementia dection\AI-Powered-Multimodal-Dementia-System\data\audio\features\mfcc\train\Terry Riley\TerryRiley_3_chunk_005.npy,40,313,False
train,Terry Riley,nodementia,nodementia/Terry Riley/TerryRiley_3.wav,TerryRiley_3,6,C:\Users\sricb\OneDrive\Desktop\AI dementia dection\AI-Powered-Multimodal-Dementia-System\data\audio\features\mfcc\train\Terry Riley\TerryRiley_3_chunk_006.npy,40,313,False
train,Terry Riley,nodementia,nodementia/Terry Riley/TerryRiley_3.wav,TerryRiley_3,7,C:\Users\sricb\OneDrive\Desktop\AI dementia dection\AI-Powered-Multimodal-Dementia-System\data\audio\features\mfcc\train\Terry Riley\TerryRiley_3_chunk_007.npy,40,313,False
train,Terry Riley,nodementia,nodementia/Terry Riley/TerryRiley_3.wav,TerryRiley_3,8,C:\Users\sricb\OneDrive\Desktop\AI dementia dection\AI-Powered-Multimodal-Dementia-System\data\audio\features\mfcc\train\Terry Riley\TerryRiley_3_chunk_008.npy,40,313,False
train,Terry Riley,nodementia,nodementia/Terry Riley/TerryRiley_3.wav,TerryRiley_3,9,C:\Users\sricb\OneDrive\Desktop\AI dementia dection\AI-Powered-Multimodal-Dementia-System\data\audio\features\mfcc\train\Terry Riley\TerryRiley_3_chunk_009.npy,40,313,False
train,Terry Riley,nodementia,nodementia/Terry Riley/TerryRiley_3.wav,TerryRiley_3,10,C:\Users\sricb\OneDrive\Desktop\AI dementia dection\AI-Powered-Multimodal-Dementia-System\data\audio\features\mfcc\train\Terry Riley\TerryRiley_3_chunk_010.npy,40,313,False
train,Terry Riley,nodementia,nodementia/Terry Riley/TerryRiley_3.wav,TerryRiley_3,11,C:\Users\sricb\OneDrive\Desktop\AI dementia dection\AI-Powered-Multimodal-Dementia-System\data\audio\features\mfcc\train\Terry Riley\TerryRiley_3_chunk_011.npy,40,313,False
train,Terry Riley,nodementia,nodementia/Terry Riley/TerryRiley_3.wav,TerryRiley_3,12,C:\Users\sricb\OneDrive\Desktop\AI dementia dection\AI-Powered-Multimodal-Dementia-System\data\audio\features\mfcc\train\Terry Riley\TerryRiley_3_chunk_012.npy,40,313,False
train,Terry Riley,nodementia,nodementia/Terry Riley/TerryRiley_3.wav,TerryRiley_3,13,C:\Users\sricb\OneDrive\Desktop\AI dementia dection\AI-Powered-Multimodal-Dementia-System\data\audio\features\mfcc\train\Terry Riley\TerryRiley_3_chunk_013.npy,40,313,False
train,Terry Riley,nodementia,nodementia/Terry Riley/TerryRiley_3.wav,TerryRiley_3,14,C:\Users\sricb\OneDrive\Desktop\AI dementia dection\AI-Powered-Multimodal-Dementia-System\data\audio\features\mfcc\train\Terry Riley\TerryRiley_3_chunk_014.npy,40,313,False
train,Terry Riley,nodementia,nodementia/Terry Riley/TerryRiley_3.wav,TerryRiley_3,15,C:\Users\sricb\OneDrive\Desktop\AI dementia dection\AI-Powered-Multimodal-Dementia-System\data\audio\features\mfcc\train\Terry Riley\TerryRiley_3_chunk_015.npy,40,313,False
train,Terry Riley,nodementia,nodementia/Terry Riley/TerryRiley_3.wav,TerryRiley_3,16,C:\Users\sricb\OneDrive\Desktop\AI dementia dection\AI-Powered-Multimodal-Dementia-System\data\audio\features\mfcc\train\Terry Riley\TerryRiley_3_chunk_016.npy,40,313,True
train,Terry Riley,nodementia,nodementia/Terry Riley/TerryRiley_3.wav,TerryRiley_3,17,C:\Users\sricb\OneDrive\Desktop\AI dementia dection\AI-Powered-Multimodal-Dementia-System\data\audio\features\mfcc\train\Terry Riley\TerryRiley_3_chunk_017.npy,40,313,True
train,Warren Buffett,nodementia,nodementia/Warren Buffett/Warren Buffett_2.wav,Warren Buffett_2,1,C:\Users\sricb\OneDrive\Desktop\AI dementia dection\AI-Powered-Multimodal-Dementia-System\data\audio\features\mfcc\train\Warren Buffett\Warren Buffett_2_chunk_001.npy,40,313,False
train,Warren Buffett,nodementia,nodementia/Warren Buffett/Warren Buffett_2.wav,Warren Buffett_2,2,C:\Users\sricb\OneDrive\Desktop\AI dementia dection\AI-Powered-Multimodal-Dementia-System\data\audio\features\mfcc\train\Warren Buffett\Warren Buffett_2_chunk_002.npy,40,313,False
train,Warren Buffett,nodementia,nodementia/Warren Buffett/Warren Buffett_2.wav,Warren Buffett_2,3,C:\Users\sricb\OneDrive\Desktop\AI dementia dection\AI-Powered-Multimodal-Dementia-System\data\audio\features\mfcc\train\Warren Buffett\Warren Buffett_2_chunk_003.npy,40,313,False
train,Warren Buffett,nodementia,nodementia/Warren Buffett/Warren Buffett_2.wav,Warren Buffett_2,4,C:\Users\sricb\OneDrive\Desktop\AI dementia dection\AI-Powered-Multimodal-Dementia-System\data\audio\features\mfcc\train\Warren Buffett\Warren Buffett_2_chunk_004.npy,40,313,False
train,Warren Buffett,nodementia,nodementia/Warren Buffett/Warren Buffett_2.wav,Warren Buffett_2,5,C:\Users\sricb\OneDrive\Desktop\AI dementia dection\AI-Powered-Multimodal-Dementia-System\data\audio\features\mfcc\train\Warren Buffett\Warren Buffett_2_chunk_005.npy,40,313,False
train,Warren Buffett,nodementia,nodementia/Warren Buffett/Warren Buffett_2.wav,Warren Buffett_2,6,C:\Users\sricb\OneDrive\Desktop\AI dementia dection\AI-Powered-Multimodal-Dementia-System\data\audio\features\mfcc\train\Warren Buffett\Warren Buffett_2_chunk_006.npy,40,313,False
train,Warren Buffett,nodementia,nodementia/Warren Buffett/Warren Buffett_2.wav,Warren Buffett_2,7,C:\Users\sricb\OneDrive\Desktop\AI dementia dection\AI-Powered-Multimodal-Dementia-System\data\audio\features\mfcc\train\Warren Buffett\Warren Buffett_2_chunk_007.npy,40,313,False
train,Warren Buffett,nodementia,nodementia/Warren Buffett/Warren Buffett_2.wav,Warren Buffett_2,8,C:\Users\sricb\OneDrive\Desktop\AI dementia dection\AI-Powered-Multimodal-Dementia-System\data\audio\features\mfcc\train\Warren Buffett\Warren Buffett_2_chunk_008.npy,40,313,False
train,Warren Buffett,nodementia,nodementia/Warren Buffett/Warren Buffett_2.wav,Warren Buffett_2,9,C:\Users\sricb\OneDrive\Desktop\AI dementia dection\AI-Powered-Multimodal-Dementia-System\data\audio\features\mfcc\train\Warren Buffett\Warren Buffett_2_chunk_009.npy,40,313,False
train,Warren Buffett,nodementia,nodementia/Warren Buffett/Warren Buffett_2.wav,Warren Buffett_2,10,C:\Users\sricb\OneDrive\Desktop\AI dementia dection\AI-Powered-Multimodal-Dementia-System\data\audio\features\mfcc\train\Warren Buffett\Warren Buffett_2_chunk_010.npy,40,313,False
train,Warren Buffett,nodementia,nodementia/Warren Buffett/Warren Buffett_2.wav,Warren Buffett_2,11,C:\Users\sricb\OneDrive\Desktop\AI dementia dection\AI-Powered-Multimodal-Dementia-System\data\audio\features\mfcc\train\Warren Buffett\Warren Buffett_2_chunk_011.npy,40,313,True
train,Warren Buffett,nodementia,nodementia/Warren Buffett/Warren Buffett_2.wav,Warren Buffett_2,12,C:\Users\sricb\OneDrive\Desktop\AI dementia dection\AI-Powered-Multimodal-Dementia-System\data\audio\features\mfcc\train\Warren Buffett\Warren Buffett_2_chunk_012.npy,40,313,True
train,Warren Buffett,nodementia,nodementia/Warren Buffett/WarrenBuffett_3.wav,WarrenBuffett_3,1,C:\Users\sricb\OneDrive\Desktop\AI dementia dection\AI-Powered-Multimodal-Dementia-System\data\audio\features\mfcc\train\Warren Buffett\WarrenBuffett_3_chunk_001.npy,40,313,False
train,Warren Buffett,nodementia,nodementia/Warren Buffett/WarrenBuffett_3.wav,WarrenBuffett_3,2,C:\Users\sricb\OneDrive\Desktop\AI dementia dection\AI-Powered-Multimodal-Dementia-System\data\audio\features\mfcc\train\Warren Buffett\WarrenBuffett_3_chunk_002.npy,40,313,False
train,Warren Buffett,nodementia,nodementia/Warren Buffett/WarrenBuffett_3.wav,WarrenBuffett_3,3,C:\Users\sricb\OneDrive\Desktop\AI dementia dection\AI-Powered-Multimodal-Dementia-System\data\audio\features\mfcc\train\Warren Buffett\WarrenBuffett_3_chunk_003.npy,40,313,False
train,Warren Buffett,nodementia,nodementia/Warren Buffett/WarrenBuffett_3.wav,WarrenBuffett_3,4,C:\Users\sricb\OneDrive\Desktop\AI dementia dection\AI-Powered-Multimodal-Dementia-System\data\audio\features\mfcc\train\Warren Buffett\WarrenBuffett_3_chunk_004.npy,40,313,False
train,Warren Buffett,nodementia,nodementia/Warren Buffett/WarrenBuffett_3.wav,WarrenBuffett_3,5,C:\Users\sricb\OneDrive\Desktop\AI dementia dection\AI-Powered-Multimodal-Dementia-System\data\audio\features\mfcc\train\Warren Buffett\WarrenBuffett_3_chunk_005.npy,40,313,False
train,Warren Buffett,nodementia,nodementia/Warren Buffett/WarrenBuffett_3.wav,WarrenBuffett_3,6,C:\Users\sricb\OneDrive\Desktop\AI dementia dection\AI-Powered-Multimodal-Dementia-System\data\audio\features\mfcc\train\Warren Buffett\WarrenBuffett_3_chunk_006.npy,40,313,False
train,Warren Buffett,nodementia,nodementia/Warren Buffett/WarrenBuffett_3.wav,WarrenBuffett_3,7,C:\Users\sricb\OneDrive\Desktop\AI dementia dection\AI-Powered-Multimodal-Dementia-System\data\audio\features\mfcc\train\Warren Buffett\WarrenBuffett_3_chunk_007.npy,40,313,False
train,Warren Buffett,nodementia,nodementia/Warren Buffett/WarrenBuffett_3.wav,WarrenBuffett_3,8,C:\Users\sricb\OneDrive\Desktop\AI dementia dection\AI-Powered-Multimodal-Dementia-System\data\audio\features\mfcc\train\Warren Buffett\WarrenBuffett_3_chunk_008.npy,40,313,False
train,Warren Buffett,nodementia,nodementia/Warren Buffett/WarrenBuffett_3.wav,WarrenBuffett_3,9,C:\Users\sricb\OneDrive\Desktop\AI dementia dection\AI-Powered-Multimodal-Dementia-System\data\audio\features\mfcc\train\Warren Buffett\WarrenBuffett_3_chunk_009.npy,40,313,False
train,Warren Buffett,nodementia,nodementia/Warren Buffett/WarrenBuffett_3.wav,WarrenBuffett_3,10,C:\Users\sricb\OneDrive\Desktop\AI dementia dection\AI-Powered-Multimodal-Dementia-System\data\audio\features\mfcc\train\Warren Buffett\WarrenBuffett_3_chunk_010.npy,40,313,False
train,Warren Buffett,nodementia,nodementia/Warren Buffett/WarrenBuffett_3.wav,WarrenBuffett_3,11,C:\Users\sricb\OneDrive\Desktop\AI dementia dection\AI-Powered-Multimodal-Dementia-System\data\audio\features\mfcc\train\Warren Buffett\WarrenBuffett_3_chunk_011.npy,40,313,False
train,Warren Buffett,nodementia,nodementia/Warren Buffett/WarrenBuffett_3.wav,WarrenBuffett_3,12,C:\Users\sricb\OneDrive\Desktop\AI dementia dection\AI-Powered-Multimodal-Dementia-System\data\audio\features\mfcc\train\Warren Buffett\WarrenBuffett_3_chunk_012.npy,40,313,False
train,Warren Buffett,nodementia,nodementia/Warren Buffett/WarrenBuffett_3.wav,WarrenBuffett_3,13,C:\Users\sricb\OneDrive\Desktop\AI dementia dection\AI-Powered-Multimodal-Dementia-System\data\audio\features\mfcc\train\Warren Buffett\WarrenBuffett_3_chunk_013.npy,40,313,False
train,Warren Buffett,nodementia,nodementia/Warren Buffett/WarrenBuffett_3.wav,WarrenBuffett_3,14,C:\Users\sricb\OneDrive\Desktop\AI dementia dection\AI-Powered-Multimodal-Dementia-System\data\audio\features\mfcc\train\Warren Buffett\WarrenBuffett_3_chunk_014.npy,40,313,False
train,Warren Buffett,nodementia,nodementia/Warren Buffett/WarrenBuffett_3.wav,WarrenBuffett_3,15,C:\Users\sricb\OneDrive\Desktop\AI dementia dection\AI-Powered-Multimodal-Dementia-System\data\audio\features\mfcc\train\Warren Buffett\WarrenBuffett_3_chunk_015.npy,40,313,False
train,Warren Buffett,nodementia,nodementia/Warren Buffett/WarrenBuffett_3.wav,WarrenBuffett_3,16,C:\Users\sricb\OneDrive\Desktop\AI dementia dection\AI-Powered-Multimodal-Dementia-System\data\audio\features\mfcc\train\Warren Buffett\WarrenBuffett_3_chunk_016.npy,40,313,False
train,Warren Buffett,nodementia,nodementia/Warren Buffett/WarrenBuffett_3.wav,WarrenBuffett_3,17,C:\Users\sricb\OneDrive\Desktop\AI dementia dection\AI-Powered-Multimodal-Dementia-System\data\audio\features\mfcc\train\Warren Buffett\WarrenBuffett_3_chunk_017.npy,40,313,False
train,Warren Buffett,nodementia,nodementia/Warren Buffett/WarrenBuffett_3.wav,WarrenBuffett_3,18,C:\Users\sricb\OneDrive\Desktop\AI dementia dection\AI-Powered-Multimodal-Dementia-System\data\audio\features\mfcc\train\Warren Buffett\WarrenBuffett_3_chunk_018.npy,40,313,True
train,William Shatner,nodementia,nodementia/William Shatner/WilliamShatner_1.wav,WilliamShatner_1,1,C:\Users\sricb\OneDrive\Desktop\AI dementia dection\AI-Powered-Multimodal-Dementia-System\data\audio\features\mfcc\train\William Shatner\WilliamShatner_1_chunk_001.npy,40,313,False
train,William Shatner,nodementia,nodementia/William Shatner/WilliamShatner_1.wav,WilliamShatner_1,2,C:\Users\sricb\OneDrive\Desktop\AI dementia dection\AI-Powered-Multimodal-Dementia-System\data\audio\features\mfcc\train\William Shatner\WilliamShatner_1_chunk_002.npy,40,313,False
train,William Shatner,nodementia,nodementia/William Shatner/WilliamShatner_1.wav,WilliamShatner_1,3,C:\Users\sricb\OneDrive\Desktop\AI dementia dection\AI-Powered-Multimodal-Dementia-System\data\audio\features\mfcc\train\William Shatner\WilliamShatner_1_chunk_003.npy,40,313,False
train,William Shatner,nodementia,nodementia/William Shatner/WilliamShatner_1.wav,WilliamShatner_1,4,C:\Users\sricb\OneDrive\Desktop\AI dementia dection\AI-Powered-Multimodal-Dementia-System\data\audio\features\mfcc\train\William Shatner\WilliamShatner_1_chunk_004.npy,40,313,False
train,William Shatner,nodementia,nodementia/William Shatner/WilliamShatner_1.wav,WilliamShatner_1,5,C:\Users\sricb\OneDrive\Desktop\AI dementia dection\AI-Powered-Multimodal-Dementia-System\data\audio\features\mfcc\train\William Shatner\WilliamShatner_1_chunk_005.npy,40,313,False
train,William Shatner,nodementia,nodementia/William Shatner/WilliamShatner_1.wav,WilliamShatner_1,6,C:\Users\sricb\OneDrive\Desktop\AI dementia dection\AI-Powered-Multimodal-Dementia-System\data\audio\features\mfcc\train\William Shatner\WilliamShatner_1_chunk_006.npy,40,313,False
train,William Shatner,nodementia,nodementia/William Shatner/WilliamShatner_1.wav,WilliamShatner_1,7,C:\Users\sricb\OneDrive\Desktop\AI dementia dection\AI-Powered-Multimodal-Dementia-System\data\audio\features\mfcc\train\William Shatner\WilliamShatner_1_chunk_007.npy,40,313,False
train,William Shatner,nodementia,nodementia/William Shatner/WilliamShatner_1.wav,WilliamShatner_1,8,C:\Users\sricb\OneDrive\Desktop\AI dementia dection\AI-Powered-Multimodal-Dementia-System\data\audio\features\mfcc\train\William Shatner\WilliamShatner_1_chunk_008.npy,40,313,False
train,William Shatner,nodementia,nodementia/William Shatner/WilliamShatner_1.wav,WilliamShatner_1,9,C:\Users\sricb\OneDrive\Desktop\AI dementia dection\AI-Powered-Multimodal-Dementia-System\data\audio\features\mfcc\train\William Shatner\WilliamShatner_1_chunk_009.npy,40,313,False
train,William Shatner,nodementia,nodementia/William Shatner/WilliamShatner_1.wav,WilliamShatner_1,10,C:\Users\sricb\OneDrive\Desktop\AI dementia dection\AI-Powered-Multimodal-Dementia-System\data\audio\features\mfcc\train\William Shatner\WilliamShatner_1_chunk_010.npy,40,313,False
train,William Shatner,nodementia,nodementia/William Shatner/WilliamShatner_1.wav,WilliamShatner_1,11,C:\Users\sricb\OneDrive\Desktop\AI dementia dection\AI-Powered-Multimodal-Dementia-System\data\audio\features\mfcc\train\William Shatner\WilliamShatner_1_chunk_011.npy,40,313,False
train,William Shatner,nodementia,nodementia/William Shatner/WilliamShatner_1.wav,WilliamShatner_1,12,C:\Users\sricb\OneDrive\Desktop\AI dementia dection\AI-Powered-Multimodal-Dementia-System\data\audio\features\mfcc\train\William Shatner\WilliamShatner_1_chunk_012.npy,40,313,False
train,William Shatner,nodementia,nodementia/William Shatner/WilliamShatner_1.wav,WilliamShatner_1,13,C:\Users\sricb\OneDrive\Desktop\AI dementia dection\AI-Powered-Multimodal-Dementia-System\data\audio\features\mfcc\train\William Shatner\WilliamShatner_1_chunk_013.npy,40,313,True
train,William Shatner,nodementia,nodementia/William Shatner/WilliamShatner_1.wav,WilliamShatner_1,14,C:\Users\sricb\OneDrive\Desktop\AI dementia dection\AI-Powered-Multimodal-Dementia-System\data\audio\features\mfcc\train\William Shatner\WilliamShatner_1_chunk_014.npy,40,313,True
train,William Shatner,nodementia,nodementia/William Shatner/WilliamShatner_3.wav,WilliamShatner_3,1,C:\Users\sricb\OneDrive\Desktop\AI dementia dection\AI-Powered-Multimodal-Dementia-System\data\audio\features\mfcc\train\William Shatner\WilliamShatner_3_chunk_001.npy,40,313,False
train,William Shatner,nodementia,nodementia/William Shatner/WilliamShatner_3.wav,WilliamShatner_3,2,C:\Users\sricb\OneDrive\Desktop\AI dementia dection\AI-Powered-Multimodal-Dementia-System\data\audio\features\mfcc\train\William Shatner\WilliamShatner_3_chunk_002.npy,40,313,False
train,William Shatner,nodementia,nodementia/William Shatner/WilliamShatner_3.wav,WilliamShatner_3,3,C:\Users\sricb\OneDrive\Desktop\AI dementia dection\AI-Powered-Multimodal-Dementia-System\data\audio\features\mfcc\train\William Shatner\WilliamShatner_3_chunk_003.npy,40,313,False
train,William Shatner,nodementia,nodementia/William Shatner/WilliamShatner_3.wav,WilliamShatner_3,4,C:\Users\sricb\OneDrive\Desktop\AI dementia dection\AI-Powered-Multimodal-Dementia-System\data\audio\features\mfcc\train\William Shatner\WilliamShatner_3_chunk_004.npy,40,313,False
train,William Shatner,nodementia,nodementia/William Shatner/WilliamShatner_3.wav,WilliamShatner_3,5,C:\Users\sricb\OneDrive\Desktop\AI dementia dection\AI-Powered-Multimodal-Dementia-System\data\audio\features\mfcc\train\William Shatner\WilliamShatner_3_chunk_005.npy,40,313,False
train,William Shatner,nodementia,nodementia/William Shatner/WilliamShatner_3.wav,WilliamShatner_3,6,C:\Users\sricb\OneDrive\Desktop\AI dementia dection\AI-Powered-Multimodal-Dementia-System\data\audio\features\mfcc\train\William Shatner\WilliamShatner_3_chunk_006.npy,40,313,False
train,William Shatner,nodementia,nodementia/William Shatner/WilliamShatner_3.wav,WilliamShatner_3,7,C:\Users\sricb\OneDrive\Desktop\AI dementia dection\AI-Powered-Multimodal-Dementia-System\data\audio\features\mfcc\train\William Shatner\WilliamShatner_3_chunk_007.npy,40,313,False
train,William Shatner,nodementia,nodementia/William Shatner/WilliamShatner_3.wav,WilliamShatner_3,8,C:\Users\sricb\OneDrive\Desktop\AI dementia dection\AI-Powered-Multimodal-Dementia-System\data\audio\features\mfcc\train\William Shatner\WilliamShatner_3_chunk_008.npy,40,313,False
train,William Shatner,nodementia,nodementia/William Shatner/WilliamShatner_3.wav,WilliamShatner_3,9,C:\Users\sricb\OneDrive\Desktop\AI dementia dection\AI-Powered-Multimodal-Dementia-System\data\audio\features\mfcc\train\William Shatner\WilliamShatner_3_chunk_009.npy,40,313,False
train,William Shatner,nodementia,nodementia/William Shatner/WilliamShatner_3.wav,WilliamShatner_3,10,C:\Users\sricb\OneDrive\Desktop\AI dementia dection\AI-Powered-Multimodal-Dementia-System\data\audio\features\mfcc\train\William Shatner\WilliamShatner_3_chunk_010.npy,40,313,False
train,William Shatner,nodementia,nodementia/William Shatner/WilliamShatner_3.wav,WilliamShatner_3,11,C:\Users\sricb\OneDrive\Desktop\AI dementia dection\AI-Powered-Multimodal-Dementia-System\data\audio\features\mfcc\train\William Shatner\WilliamShatner_3_chunk_011.npy,40,313,False
train,William Shatner,nodementia,nodementia/William Shatner/WilliamShatner_3.wav,WilliamShatner_3,12,C:\Users\sricb\OneDrive\Desktop\AI dementia dection\AI-Powered-Multimodal-Dementia-System\data\audio\features\mfcc\train\William Shatner\WilliamShatner_3_chunk_012.npy,40,313,False
train,William Shatner,nodementia,nodementia/William Shatner/WilliamShatner_3.wav,WilliamShatner_3,13,C:\Users\sricb\OneDrive\Desktop\AI dementia dection\AI-Powered-Multimodal-Dementia-System\data\audio\features\mfcc\train\William Shatner\WilliamShatner_3_chunk_013.npy,40,313,False
train,William Shatner,nodementia,nodementia/William Shatner/WilliamShatner_3.wav,WilliamShatner_3,14,C:\Users\sricb\OneDrive\Desktop\AI dementia dection\AI-Powered-Multimodal-Dementia-System\data\audio\features\mfcc\train\William Shatner\WilliamShatner_3_chunk_014.npy,40,313,False
train,William Shatner,nodementia,nodementia/William Shatner/WilliamShatner_3.wav,WilliamShatner_3,15,C:\Users\sricb\OneDrive\Desktop\AI dementia dection\AI-Powered-Multimodal-Dementia-System\data\audio\features\mfcc\train\William Shatner\WilliamShatner_3_chunk_015.npy,40,313,False
train,William Shatner,nodementia,nodementia/William Shatner/WilliamShatner_3.wav,WilliamShatner_3,16,C:\Users\sricb\OneDrive\Desktop\AI dementia dection\AI-Powered-Multimodal-Dementia-System\data\audio\features\mfcc\train\William Shatner\WilliamShatner_3_chunk_016.npy,40,313,False
train,William Shatner,nodementia,nodementia/William Shatner/WilliamShatner_3.wav,WilliamShatner_3,17,C:\Users\sricb\OneDrive\Desktop\AI dementia dection\AI-Powered-Multimodal-Dementia-System\data\audio\features\mfcc\train\William Shatner\WilliamShatner_3_chunk_017.npy,40,313,False
train,William Shatner,nodementia,nodementia/William Shatner/WilliamShatner_3.wav,WilliamShatner_3,18,C:\Users\sricb\OneDrive\Desktop\AI dementia dection\AI-Powered-Multimodal-Dementia-System\data\audio\features\mfcc\train\William Shatner\WilliamShatner_3_chunk_018.npy,40,313,True
validation,Ben Bradlee,dementia,dementia/Ben Bradlee/BenBradlee_15.wav,BenBradlee_15,1,C:\Users\sricb\OneDrive\Desktop\AI dementia dection\AI-Powered-Multimodal-Dementia-System\data\audio\features\mfcc\validation\Ben Bradlee\BenBradlee_15_chunk_001.npy,40,313,False
validation,Ben Bradlee,dementia,dementia/Ben Bradlee/BenBradlee_15.wav,BenBradlee_15,2,C:\Users\sricb\OneDrive\Desktop\AI dementia dection\AI-Powered-Multimodal-Dementia-System\data\audio\features\mfcc\validation\Ben Bradlee\BenBradlee_15_chunk_002.npy,40,313,False
validation,Ben Bradlee,dementia,dementia/Ben Bradlee/BenBradlee_15.wav,BenBradlee_15,3,C:\Users\sricb\OneDrive\Desktop\AI dementia dection\AI-Powered-Multimodal-Dementia-System\data\audio\features\mfcc\validation\Ben Bradlee\BenBradlee_15_chunk_003.npy,40,313,False
validation,Ben Bradlee,dementia,dementia/Ben Bradlee/BenBradlee_15.wav,BenBradlee_15,4,C:\Users\sricb\OneDrive\Desktop\AI dementia dection\AI-Powered-Multimodal-Dementia-System\data\audio\features\mfcc\validation\Ben Bradlee\BenBradlee_15_chunk_004.npy,40,313,False
validation,Ben Bradlee,dementia,dementia/Ben Bradlee/BenBradlee_15.wav,BenBradlee_15,5,C:\Users\sricb\OneDrive\Desktop\AI dementia dection\AI-Powered-Multimodal-Dementia-System\data\audio\features\mfcc\validation\Ben Bradlee\BenBradlee_15_chunk_005.npy,40,313,False
validation,Ben Bradlee,dementia,dementia/Ben Bradlee/BenBradlee_15.wav,BenBradlee_15,6,C:\Users\sricb\OneDrive\Desktop\AI dementia dection\AI-Powered-Multimodal-Dementia-System\data\audio\features\mfcc\validation\Ben Bradlee\BenBradlee_15_chunk_006.npy,40,313,False
validation,Ben Bradlee,dementia,dementia/Ben Bradlee/BenBradlee_15.wav,BenBradlee_15,7,C:\Users\sricb\OneDrive\Desktop\AI dementia dection\AI-Powered-Multimodal-Dementia-System\data\audio\features\mfcc\validation\Ben Bradlee\BenBradlee_15_chunk_007.npy,40,313,False
validation,Ben Bradlee,dementia,dementia/Ben Bradlee/BenBradlee_15.wav,BenBradlee_15,8,C:\Users\sricb\OneDrive\Desktop\AI dementia dection\AI-Powered-Multimodal-Dementia-System\data\audio\features\mfcc\validation\Ben Bradlee\BenBradlee_15_chunk_008.npy,40,313,False
validation,Ben Bradlee,dementia,dementia/Ben Bradlee/BenBradlee_15.wav,BenBradlee_15,9,C:\Users\sricb\OneDrive\Desktop\AI dementia dection\AI-Powered-Multimodal-Dementia-System\data\audio\features\mfcc\validation\Ben Bradlee\BenBradlee_15_chunk_009.npy,40,313,False
validation,Ben Bradlee,dementia,dementia/Ben Bradlee/BenBradlee_15.wav,BenBradlee_15,10,C:\Users\sricb\OneDrive\Desktop\AI dementia dection\AI-Powered-Multimodal-Dementia-System\data\audio\features\mfcc\validation\Ben Bradlee\BenBradlee_15_chunk_010.npy,40,313,False
validation,Ben Bradlee,dementia,dementia/Ben Bradlee/BenBradlee_15.wav,BenBradlee_15,11,C:\Users\sricb\OneDrive\Desktop\AI dementia dection\AI-Powered-Multimodal-Dementia-System\data\audio\features\mfcc\validation\Ben Bradlee\BenBradlee_15_chunk_011.npy,40,313,False
validation,Ben Bradlee,dementia,dementia/Ben Bradlee/BenBradlee_15.wav,BenBradlee_15,12,C:\Users\sricb\OneDrive\Desktop\AI dementia dection\AI-Powered-Multimodal-Dementia-System\data\audio\features\mfcc\validation\Ben Bradlee\BenBradlee_15_chunk_012.npy,40,313,True
validation,Ben Bradlee,dementia,dementia/Ben Bradlee/BenBradlee_15.wav,BenBradlee_15,13,C:\Users\sricb\OneDrive\Desktop\AI dementia dection\AI-Powered-Multimodal-Dementia-System\data\audio\features\mfcc\validation\Ben Bradlee\BenBradlee_15_chunk_013.npy,40,313,True
validation,Ben Bradlee,dementia,dementia/Ben Bradlee/BenBradlee_5.wav,BenBradlee_5,1,C:\Users\sricb\OneDrive\Desktop\AI dementia dection\AI-Powered-Multimodal-Dementia-System\data\audio\features\mfcc\validation\Ben Bradlee\BenBradlee_5_chunk_001.npy,40,313,False
validation,Ben Bradlee,dementia,dementia/Ben Bradlee/BenBradlee_5.wav,BenBradlee_5,2,C:\Users\sricb\OneDrive\Desktop\AI dementia dection\AI-Powered-Multimodal-Dementia-System\data\audio\features\mfcc\validation\Ben Bradlee\BenBradlee_5_chunk_002.npy,40,313,False
validation,Ben Bradlee,dementia,dementia/Ben Bradlee/BenBradlee_5.wav,BenBradlee_5,3,C:\Users\sricb\OneDrive\Desktop\AI dementia dection\AI-Powered-Multimodal-Dementia-System\data\audio\features\mfcc\validation\Ben Bradlee\BenBradlee_5_chunk_003.npy,40,313,False
validation,Ben Bradlee,dementia,dementia/Ben Bradlee/BenBradlee_5.wav,BenBradlee_5,4,C:\Users\sricb\OneDrive\Desktop\AI dementia dection\AI-Powered-Multimodal-Dementia-System\data\audio\features\mfcc\validation\Ben Bradlee\BenBradlee_5_chunk_004.npy,40,313,False
validation,Ben Bradlee,dementia,dementia/Ben Bradlee/BenBradlee_5.wav,BenBradlee_5,5,C:\Users\sricb\OneDrive\Desktop\AI dementia dection\AI-Powered-Multimodal-Dementia-System\data\audio\features\mfcc\validation\Ben Bradlee\BenBradlee_5_chunk_005.npy,40,313,False
validation,Ben Bradlee,dementia,dementia/Ben Bradlee/BenBradlee_5.wav,BenBradlee_5,6,C:\Users\sricb\OneDrive\Desktop\AI dementia dection\AI-Powered-Multimodal-Dementia-System\data\audio\features\mfcc\validation\Ben Bradlee\BenBradlee_5_chunk_006.npy,40,313,True
validation,Ben Bradlee,dementia,dementia/Ben Bradlee/BenBradlee_5.wav,BenBradlee_5,7,C:\Users\sricb\OneDrive\Desktop\AI dementia dection\AI-Powered-Multimodal-Dementia-System\data\audio\features\mfcc\validation\Ben Bradlee\BenBradlee_5_chunk_007.npy,40,313,True
validation,Casey Kasem,dementia,dementia/Casey Kasem/CaseyKasem_15.wav,CaseyKasem_15,1,C:\Users\sricb\OneDrive\Desktop\AI dementia dection\AI-Powered-Multimodal-Dementia-System\data\audio\features\mfcc\validation\Casey Kasem\CaseyKasem_15_chunk_001.npy,40,313,False
validation,Casey Kasem,dementia,dementia/Casey Kasem/CaseyKasem_15.wav,CaseyKasem_15,2,C:\Users\sricb\OneDrive\Desktop\AI dementia dection\AI-Powered-Multimodal-Dementia-System\data\audio\features\mfcc\validation\Casey Kasem\CaseyKasem_15_chunk_002.npy,40,313,False
validation,Casey Kasem,dementia,dementia/Casey Kasem/CaseyKasem_15.wav,CaseyKasem_15,3,C:\Users\sricb\OneDrive\Desktop\AI dementia dection\AI-Powered-Multimodal-Dementia-System\data\audio\features\mfcc\validation\Casey Kasem\CaseyKasem_15_chunk_003.npy,40,313,False
validation,Casey Kasem,dementia,dementia/Casey Kasem/CaseyKasem_15.wav,CaseyKasem_15,4,C:\Users\sricb\OneDrive\Desktop\AI dementia dection\AI-Powered-Multimodal-Dementia-System\data\audio\features\mfcc\validation\Casey Kasem\CaseyKasem_15_chunk_004.npy,40,313,False
validation,Casey Kasem,dementia,dementia/Casey Kasem/CaseyKasem_15.wav,CaseyKasem_15,5,C:\Users\sricb\OneDrive\Desktop\AI dementia dection\AI-Powered-Multimodal-Dementia-System\data\audio\features\mfcc\validation\Casey Kasem\CaseyKasem_15_chunk_005.npy,40,313,False
validation,Casey Kasem,dementia,dementia/Casey Kasem/CaseyKasem_15.wav,CaseyKasem_15,6,C:\Users\sricb\OneDrive\Desktop\AI dementia dection\AI-Powered-Multimodal-Dementia-System\data\audio\features\mfcc\validation\Casey Kasem\CaseyKasem_15_chunk_006.npy,40,313,False
validation,Casey Kasem,dementia,dementia/Casey Kasem/CaseyKasem_15.wav,CaseyKasem_15,7,C:\Users\sricb\OneDrive\Desktop\AI dementia dection\AI-Powered-Multimodal-Dementia-System\data\audio\features\mfcc\validation\Casey Kasem\CaseyKasem_15_chunk_007.npy,40,313,False
validation,Casey Kasem,dementia,dementia/Casey Kasem/CaseyKasem_15.wav,CaseyKasem_15,8,C:\Users\sricb\OneDrive\Desktop\AI dementia dection\AI-Powered-Multimodal-Dementia-System\data\audio\features\mfcc\validation\Casey Kasem\CaseyKasem_15_chunk_008.npy,40,313,False
validation,Casey Kasem,dementia,dementia/Casey Kasem/CaseyKasem_15.wav,CaseyKasem_15,9,C:\Users\sricb\OneDrive\Desktop\AI dementia dection\AI-Powered-Multimodal-Dementia-System\data\audio\features\mfcc\validation\Casey Kasem\CaseyKasem_15_chunk_009.npy,40,313,False
validation,Casey Kasem,dementia,dementia/Casey Kasem/CaseyKasem_15.wav,CaseyKasem_15,10,C:\Users\sricb\OneDrive\Desktop\AI dementia dection\AI-Powered-Multimodal-Dementia-System\data\audio\features\mfcc\validation\Casey Kasem\CaseyKasem_15_chunk_010.npy,40,313,True
validation,Casey Kasem,dementia,dementia/Casey Kasem/CaseyKasem_15.wav,CaseyKasem_15,11,C:\Users\sricb\OneDrive\Desktop\AI dementia dection\AI-Powered-Multimodal-Dementia-System\data\audio\features\mfcc\validation\Casey Kasem\CaseyKasem_15_chunk_011.npy,40,313,True
validation,Casey Kasem,dementia,dementia/Casey Kasem/CaseyKasem_5.wav,CaseyKasem_5,1,C:\Users\sricb\OneDrive\Desktop\AI dementia dection\AI-Powered-Multimodal-Dementia-System\data\audio\features\mfcc\validation\Casey Kasem\CaseyKasem_5_chunk_001.npy,40,313,False
validation,Casey Kasem,dementia,dementia/Casey Kasem/CaseyKasem_5.wav,CaseyKasem_5,2,C:\Users\sricb\OneDrive\Desktop\AI dementia dection\AI-Powered-Multimodal-Dementia-System\data\audio\features\mfcc\validation\Casey Kasem\CaseyKasem_5_chunk_002.npy,40,313,True
validation,Casey Kasem,dementia,dementia/Casey Kasem/CaseyKasem_5.wav,CaseyKasem_5,3,C:\Users\sricb\OneDrive\Desktop\AI dementia dection\AI-Powered-Multimodal-Dementia-System\data\audio\features\mfcc\validation\Casey Kasem\CaseyKasem_5_chunk_003.npy,40,313,True
validation,Charmian Carr,dementia,dementia/Charmian Carr/CharmianCarr_15.wav,CharmianCarr_15,1,C:\Users\sricb\OneDrive\Desktop\AI dementia dection\AI-Powered-Multimodal-Dementia-System\data\audio\features\mfcc\validation\Charmian Carr\CharmianCarr_15_chunk_001.npy,40,313,False
validation,Charmian Carr,dementia,dementia/Charmian Carr/CharmianCarr_15.wav,CharmianCarr_15,2,C:\Users\sricb\OneDrive\Desktop\AI dementia dection\AI-Powered-Multimodal-Dementia-System\data\audio\features\mfcc\validation\Charmian Carr\CharmianCarr_15_chunk_002.npy,40,313,False
validation,Charmian Carr,dementia,dementia/Charmian Carr/CharmianCarr_15.wav,CharmianCarr_15,3,C:\Users\sricb\OneDrive\Desktop\AI dementia dection\AI-Powered-Multimodal-Dementia-System\data\audio\features\mfcc\validation\Charmian Carr\CharmianCarr_15_chunk_003.npy,40,313,False
validation,Charmian Carr,dementia,dementia/Charmian Carr/CharmianCarr_15.wav,CharmianCarr_15,4,C:\Users\sricb\OneDrive\Desktop\AI dementia dection\AI-Powered-Multimodal-Dementia-System\data\audio\features\mfcc\validation\Charmian Carr\CharmianCarr_15_chunk_004.npy,40,313,False
validation,Charmian Carr,dementia,dementia/Charmian Carr/CharmianCarr_15.wav,CharmianCarr_15,5,C:\Users\sricb\OneDrive\Desktop\AI dementia dection\AI-Powered-Multimodal-Dementia-System\data\audio\features\mfcc\validation\Charmian Carr\CharmianCarr_15_chunk_005.npy,40,313,False
validation,Charmian Carr,dementia,dementia/Charmian Carr/CharmianCarr_15.wav,CharmianCarr_15,6,C:\Users\sricb\OneDrive\Desktop\AI dementia dection\AI-Powered-Multimodal-Dementia-System\data\audio\features\mfcc\validation\Charmian Carr\CharmianCarr_15_chunk_006.npy,40,313,False
validation,Charmian Carr,dementia,dementia/Charmian Carr/CharmianCarr_15.wav,CharmianCarr_15,7,C:\Users\sricb\OneDrive\Desktop\AI dementia dection\AI-Powered-Multimodal-Dementia-System\data\audio\features\mfcc\validation\Charmian Carr\CharmianCarr_15_chunk_007.npy,40,313,False
validation,Charmian Carr,dementia,dementia/Charmian Carr/CharmianCarr_15.wav,CharmianCarr_15,8,C:\Users\sricb\OneDrive\Desktop\AI dementia dection\AI-Powered-Multimodal-Dementia-System\data\audio\features\mfcc\validation\Charmian Carr\CharmianCarr_15_chunk_008.npy,40,313,False
validation,Charmian Carr,dementia,dementia/Charmian Carr/CharmianCarr_15.wav,CharmianCarr_15,9,C:\Users\sricb\OneDrive\Desktop\AI dementia dection\AI-Powered-Multimodal-Dementia-System\data\audio\features\mfcc\validation\Charmian Carr\CharmianCarr_15_chunk_009.npy,40,313,False
validation,Charmian Carr,dementia,dementia/Charmian Carr/CharmianCarr_15.wav,CharmianCarr_15,10,C:\Users\sricb\OneDrive\Desktop\AI dementia dection\AI-Powered-Multimodal-Dementia-System\data\audio\features\mfcc\validation\Charmian Carr\CharmianCarr_15_chunk_010.npy,40,313,False
validation,Charmian Carr,dementia,dementia/Charmian Carr/CharmianCarr_15.wav,CharmianCarr_15,11,C:\Users\sricb\OneDrive\Desktop\AI dementia dection\AI-Powered-Multimodal-Dementia-System\data\audio\features\mfcc\validation\Charmian Carr\CharmianCarr_15_chunk_011.npy,40,313,False
validation,Charmian Carr,dementia,dementia/Charmian Carr/CharmianCarr_15.wav,CharmianCarr_15,12,C:\Users\sricb\OneDrive\Desktop\AI dementia dection\AI-Powered-Multimodal-Dementia-System\data\audio\features\mfcc\validation\Charmian Carr\CharmianCarr_15_chunk_012.npy,40,313,False
validation,Charmian Carr,dementia,dementia/Charmian Carr/CharmianCarr_15.wav,CharmianCarr_15,13,C:\Users\sricb\OneDrive\Desktop\AI dementia dection\AI-Powered-Multimodal-Dementia-System\data\audio\features\mfcc\validation\Charmian Carr\CharmianCarr_15_chunk_013.npy,40,313,False
validation,Charmian Carr,dementia,dementia/Charmian Carr/CharmianCarr_15.wav,CharmianCarr_15,14,C:\Users\sricb\OneDrive\Desktop\AI dementia dection\AI-Powered-Multimodal-Dementia-System\data\audio\features\mfcc\validation\Charmian Carr\CharmianCarr_15_chunk_014.npy,40,313,False
validation,Charmian Carr,dementia,dementia/Charmian Carr/CharmianCarr_15.wav,CharmianCarr_15,15,C:\Users\sricb\OneDrive\Desktop\AI dementia dection\AI-Powered-Multimodal-Dementia-System\data\audio\features\mfcc\validation\Charmian Carr\CharmianCarr_15_chunk_015.npy,40,313,False
validation,Charmian Carr,dementia,dementia/Charmian Carr/CharmianCarr_15.wav,CharmianCarr_15,16,C:\Users\sricb\OneDrive\Desktop\AI dementia dection\AI-Powered-Multimodal-Dementia-System\data\audio\features\mfcc\validation\Charmian Carr\CharmianCarr_15_chunk_016.npy,40,313,False
validation,Charmian Carr,dementia,dementia/Charmian Carr/CharmianCarr_15.wav,CharmianCarr_15,17,C:\Users\sricb\OneDrive\Desktop\AI dementia dection\AI-Powered-Multimodal-Dementia-System\data\audio\features\mfcc\validation\Charmian Carr\CharmianCarr_15_chunk_017.npy,40,313,False
validation,Charmian Carr,dementia,dementia/Charmian Carr/CharmianCarr_15.wav,CharmianCarr_15,18,C:\Users\sricb\OneDrive\Desktop\AI dementia dection\AI-Powered-Multimodal-Dementia-System\data\audio\features\mfcc\validation\Charmian Carr\CharmianCarr_15_chunk_018.npy,40,313,False
validation,Charmian Carr,dementia,dementia/Charmian Carr/CharmianCarr_15.wav,CharmianCarr_15,19,C:\Users\sricb\OneDrive\Desktop\AI dementia dection\AI-Powered-Multimodal-Dementia-System\data\audio\features\mfcc\validation\Charmian Carr\CharmianCarr_15_chunk_019.npy,40,313,False
validation,Charmian Carr,dementia,dementia/Charmian Carr/CharmianCarr_15.wav,CharmianCarr_15,20,C:\Users\sricb\OneDrive\Desktop\AI dementia dection\AI-Powered-Multimodal-Dementia-System\data\audio\features\mfcc\validation\Charmian Carr\CharmianCarr_15_chunk_020.npy,40,313,False
validation,Charmian Carr,dementia,dementia/Charmian Carr/CharmianCarr_15.wav,CharmianCarr_15,21,C:\Users\sricb\OneDrive\Desktop\AI dementia dection\AI-Powered-Multimodal-Dementia-System\data\audio\features\mfcc\validation\Charmian Carr\CharmianCarr_15_chunk_021.npy,40,313,False
validation,Charmian Carr,dementia,dementia/Charmian Carr/CharmianCarr_15.wav,CharmianCarr_15,22,C:\Users\sricb\OneDrive\Desktop\AI dementia dection\AI-Powered-Multimodal-Dementia-System\data\audio\features\mfcc\validation\Charmian Carr\CharmianCarr_15_chunk_022.npy,40,313,True
validation,Charmian Carr,dementia,dementia/Charmian Carr/CharmianCarr_15.wav,CharmianCarr_15,23,C:\Users\sricb\OneDrive\Desktop\AI dementia dection\AI-Powered-Multimodal-Dementia-System\data\audio\features\mfcc\validation\Charmian Carr\CharmianCarr_15_chunk_023.npy,40,313,True
validation,Charmian Carr,dementia,dementia/Charmian Carr/CharmianCarr_5.wav,CharmianCarr_5,1,C:\Users\sricb\OneDrive\Desktop\AI dementia dection\AI-Powered-Multimodal-Dementia-System\data\audio\features\mfcc\validation\Charmian Carr\CharmianCarr_5_chunk_001.npy,40,313,False
validation,Charmian Carr,dementia,dementia/Charmian Carr/CharmianCarr_5.wav,CharmianCarr_5,2,C:\Users\sricb\OneDrive\Desktop\AI dementia dection\AI-Powered-Multimodal-Dementia-System\data\audio\features\mfcc\validation\Charmian Carr\CharmianCarr_5_chunk_002.npy,40,313,False
validation,Charmian Carr,dementia,dementia/Charmian Carr/CharmianCarr_5.wav,CharmianCarr_5,3,C:\Users\sricb\OneDrive\Desktop\AI dementia dection\AI-Powered-Multimodal-Dementia-System\data\audio\features\mfcc\validation\Charmian Carr\CharmianCarr_5_chunk_003.npy,40,313,False
validation,Charmian Carr,dementia,dementia/Charmian Carr/CharmianCarr_5.wav,CharmianCarr_5,4,C:\Users\sricb\OneDrive\Desktop\AI dementia dection\AI-Powered-Multimodal-Dementia-System\data\audio\features\mfcc\validation\Charmian Carr\CharmianCarr_5_chunk_004.npy,40,313,False
validation,Charmian Carr,dementia,dementia/Charmian Carr/CharmianCarr_5.wav,CharmianCarr_5,5,C:\Users\sricb\OneDrive\Desktop\AI dementia dection\AI-Powered-Multimodal-Dementia-System\data\audio\features\mfcc\validation\Charmian Carr\CharmianCarr_5_chunk_005.npy,40,313,False
validation,Charmian Carr,dementia,dementia/Charmian Carr/CharmianCarr_5.wav,CharmianCarr_5,6,C:\Users\sricb\OneDrive\Desktop\AI dementia dection\AI-Powered-Multimodal-Dementia-System\data\audio\features\mfcc\validation\Charmian Carr\CharmianCarr_5_chunk_006.npy,40,313,False
validation,Charmian Carr,dementia,dementia/Charmian Carr/CharmianCarr_5.wav,CharmianCarr_5,7,C:\Users\sricb\OneDrive\Desktop\AI dementia dection\AI-Powered-Multimodal-Dementia-System\data\audio\features\mfcc\validation\Charmian Carr\CharmianCarr_5_chunk_007.npy,40,313,False
validation,Charmian Carr,dementia,dementia/Charmian Carr/CharmianCarr_5.wav,CharmianCarr_5,8,C:\Users\sricb\OneDrive\Desktop\AI dementia dection\AI-Powered-Multimodal-Dementia-System\data\audio\features\mfcc\validation\Charmian Carr\CharmianCarr_5_chunk_008.npy,40,313,False
validation,Charmian Carr,dementia,dementia/Charmian Carr/CharmianCarr_5.wav,CharmianCarr_5,9,C:\Users\sricb\OneDrive\Desktop\AI dementia dection\AI-Powered-Multimodal-Dementia-System\data\audio\features\mfcc\validation\Charmian Carr\CharmianCarr_5_chunk_009.npy,40,313,True
validation,Charmian Carr,dementia,dementia/Charmian Carr/CharmianCarr_5.wav,CharmianCarr_5,10,C:\Users\sricb\OneDrive\Desktop\AI dementia dection\AI-Powered-Multimodal-Dementia-System\data\audio\features\mfcc\validation\Charmian Carr\CharmianCarr_5_chunk_010.npy,40,313,True
validation,Iris Murdoch,dementia,dementia/Iris Murdoch/IrisMurdoch_10.wav,IrisMurdoch_10,1,C:\Users\sricb\OneDrive\Desktop\AI dementia dection\AI-Powered-Multimodal-Dementia-System\data\audio\features\mfcc\validation\Iris Murdoch\IrisMurdoch_10_chunk_001.npy,40,313,False
validation,Iris Murdoch,dementia,dementia/Iris Murdoch/IrisMurdoch_10.wav,IrisMurdoch_10,2,C:\Users\sricb\OneDrive\Desktop\AI dementia dection\AI-Powered-Multimodal-Dementia-System\data\audio\features\mfcc\validation\Iris Murdoch\IrisMurdoch_10_chunk_002.npy,40,313,False
validation,Iris Murdoch,dementia,dementia/Iris Murdoch/IrisMurdoch_10.wav,IrisMurdoch_10,3,C:\Users\sricb\OneDrive\Desktop\AI dementia dection\AI-Powered-Multimodal-Dementia-System\data\audio\features\mfcc\validation\Iris Murdoch\IrisMurdoch_10_chunk_003.npy,40,313,False
validation,Iris Murdoch,dementia,dementia/Iris Murdoch/IrisMurdoch_10.wav,IrisMurdoch_10,4,C:\Users\sricb\OneDrive\Desktop\AI dementia dection\AI-Powered-Multimodal-Dementia-System\data\audio\features\mfcc\validation\Iris Murdoch\IrisMurdoch_10_chunk_004.npy,40,313,False
validation,Iris Murdoch,dementia,dementia/Iris Murdoch/IrisMurdoch_10.wav,IrisMurdoch_10,5,C:\Users\sricb\OneDrive\Desktop\AI dementia dection\AI-Powered-Multimodal-Dementia-System\data\audio\features\mfcc\validation\Iris Murdoch\IrisMurdoch_10_chunk_005.npy,40,313,False
validation,Iris Murdoch,dementia,dementia/Iris Murdoch/IrisMurdoch_10.wav,IrisMurdoch_10,6,C:\Users\sricb\OneDrive\Desktop\AI dementia dection\AI-Powered-Multimodal-Dementia-System\data\audio\features\mfcc\validation\Iris Murdoch\IrisMurdoch_10_chunk_006.npy,40,313,False
validation,Iris Murdoch,dementia,dementia/Iris Murdoch/IrisMurdoch_10.wav,IrisMurdoch_10,7,C:\Users\sricb\OneDrive\Desktop\AI dementia dection\AI-Powered-Multimodal-Dementia-System\data\audio\features\mfcc\validation\Iris Murdoch\IrisMurdoch_10_chunk_007.npy,40,313,False
validation,Iris Murdoch,dementia,dementia/Iris Murdoch/IrisMurdoch_10.wav,IrisMurdoch_10,8,C:\Users\sricb\OneDrive\Desktop\AI dementia dection\AI-Powered-Multimodal-Dementia-System\data\audio\features\mfcc\validation\Iris Murdoch\IrisMurdoch_10_chunk_008.npy,40,313,False
validation,Iris Murdoch,dementia,dementia/Iris Murdoch/IrisMurdoch_10.wav,IrisMurdoch_10,9,C:\Users\sricb\OneDrive\Desktop\AI dementia dection\AI-Powered-Multimodal-Dementia-System\data\audio\features\mfcc\validation\Iris Murdoch\IrisMurdoch_10_chunk_009.npy,40,313,False
validation,Iris Murdoch,dementia,dementia/Iris Murdoch/IrisMurdoch_10.wav,IrisMurdoch_10,10,C:\Users\sricb\OneDrive\Desktop\AI dementia dection\AI-Powered-Multimodal-Dementia-System\data\audio\features\mfcc\validation\Iris Murdoch\IrisMurdoch_10_chunk_010.npy,40,313,False
validation,Iris Murdoch,dementia,dementia/Iris Murdoch/IrisMurdoch_10.wav,IrisMurdoch_10,11,C:\Users\sricb\OneDrive\Desktop\AI dementia dection\AI-Powered-Multimodal-Dementia-System\data\audio\features\mfcc\validation\Iris Murdoch\IrisMurdoch_10_chunk_011.npy,40,313,True
validation,Iris Murdoch,dementia,dementia/Iris Murdoch/IrisMurdoch_10.wav,IrisMurdoch_10,12,C:\Users\sricb\OneDrive\Desktop\AI dementia dection\AI-Powered-Multimodal-Dementia-System\data\audio\features\mfcc\validation\Iris Murdoch\IrisMurdoch_10_chunk_012.npy,40,313,True
validation,Iris Murdoch,dementia,dementia/Iris Murdoch/IrisMurdoch_5.wav,IrisMurdoch_5,1,C:\Users\sricb\OneDrive\Desktop\AI dementia dection\AI-Powered-Multimodal-Dementia-System\data\audio\features\mfcc\validation\Iris Murdoch\IrisMurdoch_5_chunk_001.npy,40,313,False
validation,Iris Murdoch,dementia,dementia/Iris Murdoch/IrisMurdoch_5.wav,IrisMurdoch_5,2,C:\Users\sricb\OneDrive\Desktop\AI dementia dection\AI-Powered-Multimodal-Dementia-System\data\audio\features\mfcc\validation\Iris Murdoch\IrisMurdoch_5_chunk_002.npy,40,313,False
validation,Iris Murdoch,dementia,dementia/Iris Murdoch/IrisMurdoch_5.wav,IrisMurdoch_5,3,C:\Users\sricb\OneDrive\Desktop\AI dementia dection\AI-Powered-Multimodal-Dementia-System\data\audio\features\mfcc\validation\Iris Murdoch\IrisMurdoch_5_chunk_003.npy,40,313,False
validation,Iris Murdoch,dementia,dementia/Iris Murdoch/IrisMurdoch_5.wav,IrisMurdoch_5,4,C:\Users\sricb\OneDrive\Desktop\AI dementia dection\AI-Powered-Multimodal-Dementia-System\data\audio\features\mfcc\validation\Iris Murdoch\IrisMurdoch_5_chunk_004.npy,40,313,False
validation,Iris Murdoch,dementia,dementia/Iris Murdoch/IrisMurdoch_5.wav,IrisMurdoch_5,5,C:\Users\sricb\OneDrive\Desktop\AI dementia dection\AI-Powered-Multimodal-Dementia-System\data\audio\features\mfcc\validation\Iris Murdoch\IrisMurdoch_5_chunk_005.npy,40,313,False
validation,Iris Murdoch,dementia,dementia/Iris Murdoch/IrisMurdoch_5.wav,IrisMurdoch_5,6,C:\Users\sricb\OneDrive\Desktop\AI dementia dection\AI-Powered-Multimodal-Dementia-System\data\audio\features\mfcc\validation\Iris Murdoch\IrisMurdoch_5_chunk_006.npy,40,313,False
validation,Iris Murdoch,dementia,dementia/Iris Murdoch/IrisMurdoch_5.wav,IrisMurdoch_5,7,C:\Users\sricb\OneDrive\Desktop\AI dementia dection\AI-Powered-Multimodal-Dementia-System\data\audio\features\mfcc\validation\Iris Murdoch\IrisMurdoch_5_chunk_007.npy,40,313,False
validation,Iris Murdoch,dementia,dementia/Iris Murdoch/IrisMurdoch_5.wav,IrisMurdoch_5,8,C:\Users\sricb\OneDrive\Desktop\AI dementia dection\AI-Powered-Multimodal-Dementia-System\data\audio\features\mfcc\validation\Iris Murdoch\IrisMurdoch_5_chunk_008.npy,40,313,True
validation,Iris Murdoch,dementia,dementia/Iris Murdoch/IrisMurdoch_5.wav,IrisMurdoch_5,9,C:\Users\sricb\OneDrive\Desktop\AI dementia dection\AI-Powered-Multimodal-Dementia-System\data\audio\features\mfcc\validation\Iris Murdoch\IrisMurdoch_5_chunk_009.npy,40,313,True
validation,Jack Hanna,dementia,dementia/Jack Hanna/JackHanna_10.wav,JackHanna_10,1,C:\Users\sricb\OneDrive\Desktop\AI dementia dection\AI-Powered-Multimodal-Dementia-System\data\audio\features\mfcc\validation\Jack Hanna\JackHanna_10_chunk_001.npy,40,313,False
validation,Jack Hanna,dementia,dementia/Jack Hanna/JackHanna_10.wav,JackHanna_10,2,C:\Users\sricb\OneDrive\Desktop\AI dementia dection\AI-Powered-Multimodal-Dementia-System\data\audio\features\mfcc\validation\Jack Hanna\JackHanna_10_chunk_002.npy,40,313,False
validation,Jack Hanna,dementia,dementia/Jack Hanna/JackHanna_10.wav,JackHanna_10,3,C:\Users\sricb\OneDrive\Desktop\AI dementia dection\AI-Powered-Multimodal-Dementia-System\data\audio\features\mfcc\validation\Jack Hanna\JackHanna_10_chunk_003.npy,40,313,False
validation,Jack Hanna,dementia,dementia/Jack Hanna/JackHanna_10.wav,JackHanna_10,4,C:\Users\sricb\OneDrive\Desktop\AI dementia dection\AI-Powered-Multimodal-Dementia-System\data\audio\features\mfcc\validation\Jack Hanna\JackHanna_10_chunk_004.npy,40,313,False
validation,Jack Hanna,dementia,dementia/Jack Hanna/JackHanna_10.wav,JackHanna_10,5,C:\Users\sricb\OneDrive\Desktop\AI dementia dection\AI-Powered-Multimodal-Dementia-System\data\audio\features\mfcc\validation\Jack Hanna\JackHanna_10_chunk_005.npy,40,313,False
validation,Jack Hanna,dementia,dementia/Jack Hanna/JackHanna_10.wav,JackHanna_10,6,C:\Users\sricb\OneDrive\Desktop\AI dementia dection\AI-Powered-Multimodal-Dementia-System\data\audio\features\mfcc\validation\Jack Hanna\JackHanna_10_chunk_006.npy,40,313,False
validation,Jack Hanna,dementia,dementia/Jack Hanna/JackHanna_10.wav,JackHanna_10,7,C:\Users\sricb\OneDrive\Desktop\AI dementia dection\AI-Powered-Multimodal-Dementia-System\data\audio\features\mfcc\validation\Jack Hanna\JackHanna_10_chunk_007.npy,40,313,False
validation,Jack Hanna,dementia,dementia/Jack Hanna/JackHanna_10.wav,JackHanna_10,8,C:\Users\sricb\OneDrive\Desktop\AI dementia dection\AI-Powered-Multimodal-Dementia-System\data\audio\features\mfcc\validation\Jack Hanna\JackHanna_10_chunk_008.npy,40,313,False
validation,Jack Hanna,dementia,dementia/Jack Hanna/JackHanna_10.wav,JackHanna_10,9,C:\Users\sricb\OneDrive\Desktop\AI dementia dection\AI-Powered-Multimodal-Dementia-System\data\audio\features\mfcc\validation\Jack Hanna\JackHanna_10_chunk_009.npy,40,313,False
validation,Jack Hanna,dementia,dementia/Jack Hanna/JackHanna_10.wav,JackHanna_10,10,C:\Users\sricb\OneDrive\Desktop\AI dementia dection\AI-Powered-Multimodal-Dementia-System\data\audio\features\mfcc\validation\Jack Hanna\JackHanna_10_chunk_010.npy,40,313,False
validation,Jack Hanna,dementia,dementia/Jack Hanna/JackHanna_10.wav,JackHanna_10,11,C:\Users\sricb\OneDrive\Desktop\AI dementia dection\AI-Powered-Multimodal-Dementia-System\data\audio\features\mfcc\validation\Jack Hanna\JackHanna_10_chunk_011.npy,40,313,False
validation,Jack Hanna,dementia,dementia/Jack Hanna/JackHanna_10.wav,JackHanna_10,12,C:\Users\sricb\OneDrive\Desktop\AI dementia dection\AI-Powered-Multimodal-Dementia-System\data\audio\features\mfcc\validation\Jack Hanna\JackHanna_10_chunk_012.npy,40,313,True
validation,Jack Hanna,dementia,dementia/Jack Hanna/JackHanna_10.wav,JackHanna_10,13,C:\Users\sricb\OneDrive\Desktop\AI dementia dection\AI-Powered-Multimodal-Dementia-System\data\audio\features\mfcc\validation\Jack Hanna\JackHanna_10_chunk_013.npy,40,313,True
validation,Jack Hanna,dementia,dementia/Jack Hanna/JackHanna_15.wav,JackHanna_15,1,C:\Users\sricb\OneDrive\Desktop\AI dementia dection\AI-Powered-Multimodal-Dementia-System\data\audio\features\mfcc\validation\Jack Hanna\JackHanna_15_chunk_001.npy,40,313,False
validation,Jack Hanna,dementia,dementia/Jack Hanna/JackHanna_15.wav,JackHanna_15,2,C:\Users\sricb\OneDrive\Desktop\AI dementia dection\AI-Powered-Multimodal-Dementia-System\data\audio\features\mfcc\validation\Jack Hanna\JackHanna_15_chunk_002.npy,40,313,False
validation,Jack Hanna,dementia,dementia/Jack Hanna/JackHanna_15.wav,JackHanna_15,3,C:\Users\sricb\OneDrive\Desktop\AI dementia dection\AI-Powered-Multimodal-Dementia-System\data\audio\features\mfcc\validation\Jack Hanna\JackHanna_15_chunk_003.npy,40,313,False
validation,Jack Hanna,dementia,dementia/Jack Hanna/JackHanna_15.wav,JackHanna_15,4,C:\Users\sricb\OneDrive\Desktop\AI dementia dection\AI-Powered-Multimodal-Dementia-System\data\audio\features\mfcc\validation\Jack Hanna\JackHanna_15_chunk_004.npy,40,313,False
validation,Jack Hanna,dementia,dementia/Jack Hanna/JackHanna_15.wav,JackHanna_15,5,C:\Users\sricb\OneDrive\Desktop\AI dementia dection\AI-Powered-Multimodal-Dementia-System\data\audio\features\mfcc\validation\Jack Hanna\JackHanna_15_chunk_005.npy,40,313,True
validation,Jack Hanna,dementia,dementia/Jack Hanna/JackHanna_15.wav,JackHanna_15,6,C:\Users\sricb\OneDrive\Desktop\AI dementia dection\AI-Powered-Multimodal-Dementia-System\data\audio\features\mfcc\validation\Jack Hanna\JackHanna_15_chunk_006.npy,40,313,True
validation,Jack Webster,dementia,dementia/Jack Webster/JackWebster_10.wav,JackWebster_10,1,C:\Users\sricb\OneDrive\Desktop\AI dementia dection\AI-Powered-Multimodal-Dementia-System\data\audio\features\mfcc\validation\Jack Webster\JackWebster_10_chunk_001.npy,40,313,False
validation,Jack Webster,dementia,dementia/Jack Webster/JackWebster_10.wav,JackWebster_10,2,C:\Users\sricb\OneDrive\Desktop\AI dementia dection\AI-Powered-Multimodal-Dementia-System\data\audio\features\mfcc\validation\Jack Webster\JackWebster_10_chunk_002.npy,40,313,False
validation,Jack Webster,dementia,dementia/Jack Webster/JackWebster_10.wav,JackWebster_10,3,C:\Users\sricb\OneDrive\Desktop\AI dementia dection\AI-Powered-Multimodal-Dementia-System\data\audio\features\mfcc\validation\Jack Webster\JackWebster_10_chunk_003.npy,40,313,True
validation,Jack Webster,dementia,dementia/Jack Webster/JackWebster_10.wav,JackWebster_10,4,C:\Users\sricb\OneDrive\Desktop\AI dementia dection\AI-Powered-Multimodal-Dementia-System\data\audio\features\mfcc\validation\Jack Webster\JackWebster_10_chunk_004.npy,40,313,True
validation,Jack Webster,dementia,dementia/Jack Webster/JackWebster_5.wav,JackWebster_5,1,C:\Users\sricb\OneDrive\Desktop\AI dementia dection\AI-Powered-Multimodal-Dementia-System\data\audio\features\mfcc\validation\Jack Webster\JackWebster_5_chunk_001.npy,40,313,False
validation,Jack Webster,dementia,dementia/Jack Webster/JackWebster_5.wav,JackWebster_5,2,C:\Users\sricb\OneDrive\Desktop\AI dementia dection\AI-Powered-Multimodal-Dementia-System\data\audio\features\mfcc\validation\Jack Webster\JackWebster_5_chunk_002.npy,40,313,False
validation,Jack Webster,dementia,dementia/Jack Webster/JackWebster_5.wav,JackWebster_5,3,C:\Users\sricb\OneDrive\Desktop\AI dementia dection\AI-Powered-Multimodal-Dementia-System\data\audio\features\mfcc\validation\Jack Webster\JackWebster_5_chunk_003.npy,40,313,False
validation,Jack Webster,dementia,dementia/Jack Webster/JackWebster_5.wav,JackWebster_5,4,C:\Users\sricb\OneDrive\Desktop\AI dementia dection\AI-Powered-Multimodal-Dementia-System\data\audio\features\mfcc\validation\Jack Webster\JackWebster_5_chunk_004.npy,40,313,True
validation,Jack Webster,dementia,dementia/Jack Webster/JackWebster_5.wav,JackWebster_5,5,C:\Users\sricb\OneDrive\Desktop\AI dementia dection\AI-Powered-Multimodal-Dementia-System\data\audio\features\mfcc\validation\Jack Webster\JackWebster_5_chunk_005.npy,40,313,True
validation,John Mackey,dementia,dementia/John Mackey/johnmackey_15_1.wav,johnmackey_15_1,1,C:\Users\sricb\OneDrive\Desktop\AI dementia dection\AI-Powered-Multimodal-Dementia-System\data\audio\features\mfcc\validation\John Mackey\johnmackey_15_1_chunk_001.npy,40,313,False
validation,John Mackey,dementia,dementia/John Mackey/johnmackey_15_1.wav,johnmackey_15_1,2,C:\Users\sricb\OneDrive\Desktop\AI dementia dection\AI-Powered-Multimodal-Dementia-System\data\audio\features\mfcc\validation\John Mackey\johnmackey_15_1_chunk_002.npy,40,313,False
validation,John Mackey,dementia,dementia/John Mackey/johnmackey_15_1.wav,johnmackey_15_1,3,C:\Users\sricb\OneDrive\Desktop\AI dementia dection\AI-Powered-Multimodal-Dementia-System\data\audio\features\mfcc\validation\John Mackey\johnmackey_15_1_chunk_003.npy,40,313,False
validation,John Mackey,dementia,dementia/John Mackey/johnmackey_15_1.wav,johnmackey_15_1,4,C:\Users\sricb\OneDrive\Desktop\AI dementia dection\AI-Powered-Multimodal-Dementia-System\data\audio\features\mfcc\validation\John Mackey\johnmackey_15_1_chunk_004.npy,40,313,False
validation,John Mackey,dementia,dementia/John Mackey/johnmackey_15_1.wav,johnmackey_15_1,5,C:\Users\sricb\OneDrive\Desktop\AI dementia dection\AI-Powered-Multimodal-Dementia-System\data\audio\features\mfcc\validation\John Mackey\johnmackey_15_1_chunk_005.npy,40,313,False
validation,John Mackey,dementia,dementia/John Mackey/johnmackey_15_1.wav,johnmackey_15_1,6,C:\Users\sricb\OneDrive\Desktop\AI dementia dection\AI-Powered-Multimodal-Dementia-System\data\audio\features\mfcc\validation\John Mackey\johnmackey_15_1_chunk_006.npy,40,313,False
validation,John Mackey,dementia,dementia/John Mackey/johnmackey_15_1.wav,johnmackey_15_1,7,C:\Users\sricb\OneDrive\Desktop\AI dementia dection\AI-Powered-Multimodal-Dementia-System\data\audio\features\mfcc\validation\John Mackey\johnmackey_15_1_chunk_007.npy,40,313,False
validation,John Mackey,dementia,dementia/John Mackey/johnmackey_15_1.wav,johnmackey_15_1,8,C:\Users\sricb\OneDrive\Desktop\AI dementia dection\AI-Powered-Multimodal-Dementia-System\data\audio\features\mfcc\validation\John Mackey\johnmackey_15_1_chunk_008.npy,40,313,False
validation,John Mackey,dementia,dementia/John Mackey/johnmackey_15_1.wav,johnmackey_15_1,9,C:\Users\sricb\OneDrive\Desktop\AI dementia dection\AI-Powered-Multimodal-Dementia-System\data\audio\features\mfcc\validation\John Mackey\johnmackey_15_1_chunk_009.npy,40,313,False
validation,John Mackey,dementia,dementia/John Mackey/johnmackey_15_1.wav,johnmackey_15_1,10,C:\Users\sricb\OneDrive\Desktop\AI dementia dection\AI-Powered-Multimodal-Dementia-System\data\audio\features\mfcc\validation\John Mackey\johnmackey_15_1_chunk_010.npy,40,313,False
validation,John Mackey,dementia,dementia/John Mackey/johnmackey_15_1.wav,johnmackey_15_1,11,C:\Users\sricb\OneDrive\Desktop\AI dementia dection\AI-Powered-Multimodal-Dementia-System\data\audio\features\mfcc\validation\John Mackey\johnmackey_15_1_chunk_011.npy,40,313,True
validation,John Mackey,dementia,dementia/John Mackey/johnmackey_15_1.wav,johnmackey_15_1,12,C:\Users\sricb\OneDrive\Desktop\AI dementia dection\AI-Powered-Multimodal-Dementia-System\data\audio\features\mfcc\validation\John Mackey\johnmackey_15_1_chunk_012.npy,40,313,True
validation,John Mackey,dementia,dementia/John Mackey/johnmackey_15_2.wav,johnmackey_15_2,1,C:\Users\sricb\OneDrive\Desktop\AI dementia dection\AI-Powered-Multimodal-Dementia-System\data\audio\features\mfcc\validation\John Mackey\johnmackey_15_2_chunk_001.npy,40,313,False
validation,John Mackey,dementia,dementia/John Mackey/johnmackey_15_2.wav,johnmackey_15_2,2,C:\Users\sricb\OneDrive\Desktop\AI dementia dection\AI-Powered-Multimodal-Dementia-System\data\audio\features\mfcc\validation\John Mackey\johnmackey_15_2_chunk_002.npy,40,313,True
validation,John Mackey,dementia,dementia/John Mackey/johnmackey_15_2.wav,johnmackey_15_2,3,C:\Users\sricb\OneDrive\Desktop\AI dementia dection\AI-Powered-Multimodal-Dementia-System\data\audio\features\mfcc\validation\John Mackey\johnmackey_15_2_chunk_003.npy,40,313,True
validation,Omar Sharif,dementia,dementia/Omar Sharif/OmarSharif_0.wav,OmarSharif_0,1,C:\Users\sricb\OneDrive\Desktop\AI dementia dection\AI-Powered-Multimodal-Dementia-System\data\audio\features\mfcc\validation\Omar Sharif\OmarSharif_0_chunk_001.npy,40,313,False
validation,Omar Sharif,dementia,dementia/Omar Sharif/OmarSharif_0.wav,OmarSharif_0,2,C:\Users\sricb\OneDrive\Desktop\AI dementia dection\AI-Powered-Multimodal-Dementia-System\data\audio\features\mfcc\validation\Omar Sharif\OmarSharif_0_chunk_002.npy,40,313,True
validation,Omar Sharif,dementia,dementia/Omar Sharif/OmarSharif_0.wav,OmarSharif_0,3,C:\Users\sricb\OneDrive\Desktop\AI dementia dection\AI-Powered-Multimodal-Dementia-System\data\audio\features\mfcc\validation\Omar Sharif\OmarSharif_0_chunk_003.npy,40,313,True
validation,Omar Sharif,dementia,dementia/Omar Sharif/OmarSharif_10.wav,OmarSharif_10,1,C:\Users\sricb\OneDrive\Desktop\AI dementia dection\AI-Powered-Multimodal-Dementia-System\data\audio\features\mfcc\validation\Omar Sharif\OmarSharif_10_chunk_001.npy,40,313,False
validation,Omar Sharif,dementia,dementia/Omar Sharif/OmarSharif_10.wav,OmarSharif_10,2,C:\Users\sricb\OneDrive\Desktop\AI dementia dection\AI-Powered-Multimodal-Dementia-System\data\audio\features\mfcc\validation\Omar Sharif\OmarSharif_10_chunk_002.npy,40,313,False
validation,Omar Sharif,dementia,dementia/Omar Sharif/OmarSharif_10.wav,OmarSharif_10,3,C:\Users\sricb\OneDrive\Desktop\AI dementia dection\AI-Powered-Multimodal-Dementia-System\data\audio\features\mfcc\validation\Omar Sharif\OmarSharif_10_chunk_003.npy,40,313,False
validation,Omar Sharif,dementia,dementia/Omar Sharif/OmarSharif_10.wav,OmarSharif_10,4,C:\Users\sricb\OneDrive\Desktop\AI dementia dection\AI-Powered-Multimodal-Dementia-System\data\audio\features\mfcc\validation\Omar Sharif\OmarSharif_10_chunk_004.npy,40,313,False
validation,Omar Sharif,dementia,dementia/Omar Sharif/OmarSharif_10.wav,OmarSharif_10,5,C:\Users\sricb\OneDrive\Desktop\AI dementia dection\AI-Powered-Multimodal-Dementia-System\data\audio\features\mfcc\validation\Omar Sharif\OmarSharif_10_chunk_005.npy,40,313,False
validation,Omar Sharif,dementia,dementia/Omar Sharif/OmarSharif_10.wav,OmarSharif_10,6,C:\Users\sricb\OneDrive\Desktop\AI dementia dection\AI-Powered-Multimodal-Dementia-System\data\audio\features\mfcc\validation\Omar Sharif\OmarSharif_10_chunk_006.npy,40,313,False
validation,Omar Sharif,dementia,dementia/Omar Sharif/OmarSharif_10.wav,OmarSharif_10,7,C:\Users\sricb\OneDrive\Desktop\AI dementia dection\AI-Powered-Multimodal-Dementia-System\data\audio\features\mfcc\validation\Omar Sharif\OmarSharif_10_chunk_007.npy,40,313,False
validation,Omar Sharif,dementia,dementia/Omar Sharif/OmarSharif_10.wav,OmarSharif_10,8,C:\Users\sricb\OneDrive\Desktop\AI dementia dection\AI-Powered-Multimodal-Dementia-System\data\audio\features\mfcc\validation\Omar Sharif\OmarSharif_10_chunk_008.npy,40,313,False
validation,Omar Sharif,dementia,dementia/Omar Sharif/OmarSharif_10.wav,OmarSharif_10,9,C:\Users\sricb\OneDrive\Desktop\AI dementia dection\AI-Powered-Multimodal-Dementia-System\data\audio\features\mfcc\validation\Omar Sharif\OmarSharif_10_chunk_009.npy,40,313,False
validation,Omar Sharif,dementia,dementia/Omar Sharif/OmarSharif_10.wav,OmarSharif_10,10,C:\Users\sricb\OneDrive\Desktop\AI dementia dection\AI-Powered-Multimodal-Dementia-System\data\audio\features\mfcc\validation\Omar Sharif\OmarSharif_10_chunk_010.npy,40,313,False
validation,Omar Sharif,dementia,dementia/Omar Sharif/OmarSharif_10.wav,OmarSharif_10,11,C:\Users\sricb\OneDrive\Desktop\AI dementia dection\AI-Powered-Multimodal-Dementia-System\data\audio\features\mfcc\validation\Omar Sharif\OmarSharif_10_chunk_011.npy,40,313,False
validation,Omar Sharif,dementia,dementia/Omar Sharif/OmarSharif_10.wav,OmarSharif_10,12,C:\Users\sricb\OneDrive\Desktop\AI dementia dection\AI-Powered-Multimodal-Dementia-System\data\audio\features\mfcc\validation\Omar Sharif\OmarSharif_10_chunk_012.npy,40,313,False
validation,Omar Sharif,dementia,dementia/Omar Sharif/OmarSharif_10.wav,OmarSharif_10,13,C:\Users\sricb\OneDrive\Desktop\AI dementia dection\AI-Powered-Multimodal-Dementia-System\data\audio\features\mfcc\validation\Omar Sharif\OmarSharif_10_chunk_013.npy,40,313,False
validation,Omar Sharif,dementia,dementia/Omar Sharif/OmarSharif_10.wav,OmarSharif_10,14,C:\Users\sricb\OneDrive\Desktop\AI dementia dection\AI-Powered-Multimodal-Dementia-System\data\audio\features\mfcc\validation\Omar Sharif\OmarSharif_10_chunk_014.npy,40,313,False
validation,Omar Sharif,dementia,dementia/Omar Sharif/OmarSharif_10.wav,OmarSharif_10,15,C:\Users\sricb\OneDrive\Desktop\AI dementia dection\AI-Powered-Multimodal-Dementia-System\data\audio\features\mfcc\validation\Omar Sharif\OmarSharif_10_chunk_015.npy,40,313,True
validation,Omar Sharif,dementia,dementia/Omar Sharif/OmarSharif_10.wav,OmarSharif_10,16,C:\Users\sricb\OneDrive\Desktop\AI dementia dection\AI-Powered-Multimodal-Dementia-System\data\audio\features\mfcc\validation\Omar Sharif\OmarSharif_10_chunk_016.npy,40,313,True
validation,Pat Pariseau,dementia,dementia/Pat Pariseau/patpariseau_10_1.wav,patpariseau_10_1,1,C:\Users\sricb\OneDrive\Desktop\AI dementia dection\AI-Powered-Multimodal-Dementia-System\data\audio\features\mfcc\validation\Pat Pariseau\patpariseau_10_1_chunk_001.npy,40,313,False
validation,Pat Pariseau,dementia,dementia/Pat Pariseau/patpariseau_10_1.wav,patpariseau_10_1,2,C:\Users\sricb\OneDrive\Desktop\AI dementia dection\AI-Powered-Multimodal-Dementia-System\data\audio\features\mfcc\validation\Pat Pariseau\patpariseau_10_1_chunk_002.npy,40,313,False
validation,Pat Pariseau,dementia,dementia/Pat Pariseau/patpariseau_10_1.wav,patpariseau_10_1,3,C:\Users\sricb\OneDrive\Desktop\AI dementia dection\AI-Powered-Multimodal-Dementia-System\data\audio\features\mfcc\validation\Pat Pariseau\patpariseau_10_1_chunk_003.npy,40,313,False
validation,Pat Pariseau,dementia,dementia/Pat Pariseau/patpariseau_10_1.wav,patpariseau_10_1,4,C:\Users\sricb\OneDrive\Desktop\AI dementia dection\AI-Powered-Multimodal-Dementia-System\data\audio\features\mfcc\validation\Pat Pariseau\patpariseau_10_1_chunk_004.npy,40,313,False
validation,Pat Pariseau,dementia,dementia/Pat Pariseau/patpariseau_10_1.wav,patpariseau_10_1,5,C:\Users\sricb\OneDrive\Desktop\AI dementia dection\AI-Powered-Multimodal-Dementia-System\data\audio\features\mfcc\validation\Pat Pariseau\patpariseau_10_1_chunk_005.npy,40,313,False
validation,Pat Pariseau,dementia,dementia/Pat Pariseau/patpariseau_10_1.wav,patpariseau_10_1,6,C:\Users\sricb\OneDrive\Desktop\AI dementia dection\AI-Powered-Multimodal-Dementia-System\data\audio\features\mfcc\validation\Pat Pariseau\patpariseau_10_1_chunk_006.npy,40,313,False
validation,Pat Pariseau,dementia,dementia/Pat Pariseau/patpariseau_10_1.wav,patpariseau_10_1,7,C:\Users\sricb\OneDrive\Desktop\AI dementia dection\AI-Powered-Multimodal-Dementia-System\data\audio\features\mfcc\validation\Pat Pariseau\patpariseau_10_1_chunk_007.npy,40,313,False
validation,Pat Pariseau,dementia,dementia/Pat Pariseau/patpariseau_10_1.wav,patpariseau_10_1,8,C:\Users\sricb\OneDrive\Desktop\AI dementia dection\AI-Powered-Multimodal-Dementia-System\data\audio\features\mfcc\validation\Pat Pariseau\patpariseau_10_1_chunk_008.npy,40,313,False
validation,Pat Pariseau,dementia,dementia/Pat Pariseau/patpariseau_10_1.wav,patpariseau_10_1,9,C:\Users\sricb\OneDrive\Desktop\AI dementia dection\AI-Powered-Multimodal-Dementia-System\data\audio\features\mfcc\validation\Pat Pariseau\patpariseau_10_1_chunk_009.npy,40,313,False
validation,Pat Pariseau,dementia,dementia/Pat Pariseau/patpariseau_10_1.wav,patpariseau_10_1,10,C:\Users\sricb\OneDrive\Desktop\AI dementia dection\AI-Powered-Multimodal-Dementia-System\data\audio\features\mfcc\validation\Pat Pariseau\patpariseau_10_1_chunk_010.npy,40,313,False
validation,Pat Pariseau,dementia,dementia/Pat Pariseau/patpariseau_10_1.wav,patpariseau_10_1,11,C:\Users\sricb\OneDrive\Desktop\AI dementia dection\AI-Powered-Multimodal-Dementia-System\data\audio\features\mfcc\validation\Pat Pariseau\patpariseau_10_1_chunk_011.npy,40,313,False
validation,Pat Pariseau,dementia,dementia/Pat Pariseau/patpariseau_10_1.wav,patpariseau_10_1,12,C:\Users\sricb\OneDrive\Desktop\AI dementia dection\AI-Powered-Multimodal-Dementia-System\data\audio\features\mfcc\validation\Pat Pariseau\patpariseau_10_1_chunk_012.npy,40,313,False
validation,Pat Pariseau,dementia,dementia/Pat Pariseau/patpariseau_10_1.wav,patpariseau_10_1,13,C:\Users\sricb\OneDrive\Desktop\AI dementia dection\AI-Powered-Multimodal-Dementia-System\data\audio\features\mfcc\validation\Pat Pariseau\patpariseau_10_1_chunk_013.npy,40,313,False
validation,Pat Pariseau,dementia,dementia/Pat Pariseau/patpariseau_10_1.wav,patpariseau_10_1,14,C:\Users\sricb\OneDrive\Desktop\AI dementia dection\AI-Powered-Multimodal-Dementia-System\data\audio\features\mfcc\validation\Pat Pariseau\patpariseau_10_1_chunk_014.npy,40,313,False
validation,Pat Pariseau,dementia,dementia/Pat Pariseau/patpariseau_10_1.wav,patpariseau_10_1,15,C:\Users\sricb\OneDrive\Desktop\AI dementia dection\AI-Powered-Multimodal-Dementia-System\data\audio\features\mfcc\validation\Pat Pariseau\patpariseau_10_1_chunk_015.npy,40,313,False
validation,Pat Pariseau,dementia,dementia/Pat Pariseau/patpariseau_10_1.wav,patpariseau_10_1,16,C:\Users\sricb\OneDrive\Desktop\AI dementia dection\AI-Powered-Multimodal-Dementia-System\data\audio\features\mfcc\validation\Pat Pariseau\patpariseau_10_1_chunk_016.npy,40,313,False
validation,Pat Pariseau,dementia,dementia/Pat Pariseau/patpariseau_10_1.wav,patpariseau_10_1,17,C:\Users\sricb\OneDrive\Desktop\AI dementia dection\AI-Powered-Multimodal-Dementia-System\data\audio\features\mfcc\validation\Pat Pariseau\patpariseau_10_1_chunk_017.npy,40,313,False
validation,Pat Pariseau,dementia,dementia/Pat Pariseau/patpariseau_10_1.wav,patpariseau_10_1,18,C:\Users\sricb\OneDrive\Desktop\AI dementia dection\AI-Powered-Multimodal-Dementia-System\data\audio\features\mfcc\validation\Pat Pariseau\patpariseau_10_1_chunk_018.npy,40,313,True
validation,Pat Pariseau,dementia,dementia/Pat Pariseau/patpariseau_10_2.wav,patpariseau_10_2,1,C:\Users\sricb\OneDrive\Desktop\AI dementia dection\AI-Powered-Multimodal-Dementia-System\data\audio\features\mfcc\validation\Pat Pariseau\patpariseau_10_2_chunk_001.npy,40,313,False
validation,Pat Pariseau,dementia,dementia/Pat Pariseau/patpariseau_10_2.wav,patpariseau_10_2,2,C:\Users\sricb\OneDrive\Desktop\AI dementia dection\AI-Powered-Multimodal-Dementia-System\data\audio\features\mfcc\validation\Pat Pariseau\patpariseau_10_2_chunk_002.npy,40,313,False
validation,Pat Pariseau,dementia,dementia/Pat Pariseau/patpariseau_10_2.wav,patpariseau_10_2,3,C:\Users\sricb\OneDrive\Desktop\AI dementia dection\AI-Powered-Multimodal-Dementia-System\data\audio\features\mfcc\validation\Pat Pariseau\patpariseau_10_2_chunk_003.npy,40,313,False
validation,Pat Pariseau,dementia,dementia/Pat Pariseau/patpariseau_10_2.wav,patpariseau_10_2,4,C:\Users\sricb\OneDrive\Desktop\AI dementia dection\AI-Powered-Multimodal-Dementia-System\data\audio\features\mfcc\validation\Pat Pariseau\patpariseau_10_2_chunk_004.npy,40,313,False
validation,Pat Pariseau,dementia,dementia/Pat Pariseau/patpariseau_10_2.wav,patpariseau_10_2,5,C:\Users\sricb\OneDrive\Desktop\AI dementia dection\AI-Powered-Multimodal-Dementia-System\data\audio\features\mfcc\validation\Pat Pariseau\patpariseau_10_2_chunk_005.npy,40,313,False
validation,Pat Pariseau,dementia,dementia/Pat Pariseau/patpariseau_10_2.wav,patpariseau_10_2,6,C:\Users\sricb\OneDrive\Desktop\AI dementia dection\AI-Powered-Multimodal-Dementia-System\data\audio\features\mfcc\validation\Pat Pariseau\patpariseau_10_2_chunk_006.npy,40,313,True
validation,Pat Pariseau,dementia,dementia/Pat Pariseau/patpariseau_10_2.wav,patpariseau_10_2,7,C:\Users\sricb\OneDrive\Desktop\AI dementia dection\AI-Powered-Multimodal-Dementia-System\data\audio\features\mfcc\validation\Pat Pariseau\patpariseau_10_2_chunk_007.npy,40,313,True
validation,Peter Falk,dementia,dementia/Peter Falk/PeterFalk_10.wav,PeterFalk_10,1,C:\Users\sricb\OneDrive\Desktop\AI dementia dection\AI-Powered-Multimodal-Dementia-System\data\audio\features\mfcc\validation\Peter Falk\PeterFalk_10_chunk_001.npy,40,313,False
validation,Peter Falk,dementia,dementia/Peter Falk/PeterFalk_10.wav,PeterFalk_10,2,C:\Users\sricb\OneDrive\Desktop\AI dementia dection\AI-Powered-Multimodal-Dementia-System\data\audio\features\mfcc\validation\Peter Falk\PeterFalk_10_chunk_002.npy,40,313,False
validation,Peter Falk,dementia,dementia/Peter Falk/PeterFalk_10.wav,PeterFalk_10,3,C:\Users\sricb\OneDrive\Desktop\AI dementia dection\AI-Powered-Multimodal-Dementia-System\data\audio\features\mfcc\validation\Peter Falk\PeterFalk_10_chunk_003.npy,40,313,False
validation,Peter Falk,dementia,dementia/Peter Falk/PeterFalk_10.wav,PeterFalk_10,4,C:\Users\sricb\OneDrive\Desktop\AI dementia dection\AI-Powered-Multimodal-Dementia-System\data\audio\features\mfcc\validation\Peter Falk\PeterFalk_10_chunk_004.npy,40,313,True
validation,Peter Falk,dementia,dementia/Peter Falk/PeterFalk_10.wav,PeterFalk_10,5,C:\Users\sricb\OneDrive\Desktop\AI dementia dection\AI-Powered-Multimodal-Dementia-System\data\audio\features\mfcc\validation\Peter Falk\PeterFalk_10_chunk_005.npy,40,313,True
validation,Peter Falk,dementia,dementia/Peter Falk/PeterFalk_15.wav,PeterFalk_15,1,C:\Users\sricb\OneDrive\Desktop\AI dementia dection\AI-Powered-Multimodal-Dementia-System\data\audio\features\mfcc\validation\Peter Falk\PeterFalk_15_chunk_001.npy,40,313,False
validation,Peter Falk,dementia,dementia/Peter Falk/PeterFalk_15.wav,PeterFalk_15,2,C:\Users\sricb\OneDrive\Desktop\AI dementia dection\AI-Powered-Multimodal-Dementia-System\data\audio\features\mfcc\validation\Peter Falk\PeterFalk_15_chunk_002.npy,40,313,False
validation,Peter Falk,dementia,dementia/Peter Falk/PeterFalk_15.wav,PeterFalk_15,3,C:\Users\sricb\OneDrive\Desktop\AI dementia dection\AI-Powered-Multimodal-Dementia-System\data\audio\features\mfcc\validation\Peter Falk\PeterFalk_15_chunk_003.npy,40,313,False
validation,Peter Falk,dementia,dementia/Peter Falk/PeterFalk_15.wav,PeterFalk_15,4,C:\Users\sricb\OneDrive\Desktop\AI dementia dection\AI-Powered-Multimodal-Dementia-System\data\audio\features\mfcc\validation\Peter Falk\PeterFalk_15_chunk_004.npy,40,313,False
validation,Peter Falk,dementia,dementia/Peter Falk/PeterFalk_15.wav,PeterFalk_15,5,C:\Users\sricb\OneDrive\Desktop\AI dementia dection\AI-Powered-Multimodal-Dementia-System\data\audio\features\mfcc\validation\Peter Falk\PeterFalk_15_chunk_005.npy,40,313,True
validation,Peter Falk,dementia,dementia/Peter Falk/PeterFalk_15.wav,PeterFalk_15,6,C:\Users\sricb\OneDrive\Desktop\AI dementia dection\AI-Powered-Multimodal-Dementia-System\data\audio\features\mfcc\validation\Peter Falk\PeterFalk_15_chunk_006.npy,40,313,True
validation,Ralph Klein,dementia,dementia/Ralph Klein/ralphklein_5_1.wav,ralphklein_5_1,1,C:\Users\sricb\OneDrive\Desktop\AI dementia dection\AI-Powered-Multimodal-Dementia-System\data\audio\features\mfcc\validation\Ralph Klein\ralphklein_5_1_chunk_001.npy,40,313,False
validation,Ralph Klein,dementia,dementia/Ralph Klein/ralphklein_5_1.wav,ralphklein_5_1,2,C:\Users\sricb\OneDrive\Desktop\AI dementia dection\AI-Powered-Multimodal-Dementia-System\data\audio\features\mfcc\validation\Ralph Klein\ralphklein_5_1_chunk_002.npy,40,313,False
validation,Ralph Klein,dementia,dementia/Ralph Klein/ralphklein_5_1.wav,ralphklein_5_1,3,C:\Users\sricb\OneDrive\Desktop\AI dementia dection\AI-Powered-Multimodal-Dementia-System\data\audio\features\mfcc\validation\Ralph Klein\ralphklein_5_1_chunk_003.npy,40,313,False
validation,Ralph Klein,dementia,dementia/Ralph Klein/ralphklein_5_1.wav,ralphklein_5_1,4,C:\Users\sricb\OneDrive\Desktop\AI dementia dection\AI-Powered-Multimodal-Dementia-System\data\audio\features\mfcc\validation\Ralph Klein\ralphklein_5_1_chunk_004.npy,40,313,False
validation,Ralph Klein,dementia,dementia/Ralph Klein/ralphklein_5_1.wav,ralphklein_5_1,5,C:\Users\sricb\OneDrive\Desktop\AI dementia dection\AI-Powered-Multimodal-Dementia-System\data\audio\features\mfcc\validation\Ralph Klein\ralphklein_5_1_chunk_005.npy,40,313,False
validation,Ralph Klein,dementia,dementia/Ralph Klein/ralphklein_5_1.wav,ralphklein_5_1,6,C:\Users\sricb\OneDrive\Desktop\AI dementia dection\AI-Powered-Multimodal-Dementia-System\data\audio\features\mfcc\validation\Ralph Klein\ralphklein_5_1_chunk_006.npy,40,313,False
validation,Ralph Klein,dementia,dementia/Ralph Klein/ralphklein_5_1.wav,ralphklein_5_1,7,C:\Users\sricb\OneDrive\Desktop\AI dementia dection\AI-Powered-Multimodal-Dementia-System\data\audio\features\mfcc\validation\Ralph Klein\ralphklein_5_1_chunk_007.npy,40,313,False
validation,Ralph Klein,dementia,dementia/Ralph Klein/ralphklein_5_1.wav,ralphklein_5_1,8,C:\Users\sricb\OneDrive\Desktop\AI dementia dection\AI-Powered-Multimodal-Dementia-System\data\audio\features\mfcc\validation\Ralph Klein\ralphklein_5_1_chunk_008.npy,40,313,False
validation,Ralph Klein,dementia,dementia/Ralph Klein/ralphklein_5_1.wav,ralphklein_5_1,9,C:\Users\sricb\OneDrive\Desktop\AI dementia dection\AI-Powered-Multimodal-Dementia-System\data\audio\features\mfcc\validation\Ralph Klein\ralphklein_5_1_chunk_009.npy,40,313,True
validation,Ralph Klein,dementia,dementia/Ralph Klein/ralphklein_5_1.wav,ralphklein_5_1,10,C:\Users\sricb\OneDrive\Desktop\AI dementia dection\AI-Powered-Multimodal-Dementia-System\data\audio\features\mfcc\validation\Ralph Klein\ralphklein_5_1_chunk_010.npy,40,313,True
validation,Ralph Klein,dementia,dementia/Ralph Klein/ralphklein_5_2.wav,ralphklein_5_2,1,C:\Users\sricb\OneDrive\Desktop\AI dementia dection\AI-Powered-Multimodal-Dementia-System\data\audio\features\mfcc\validation\Ralph Klein\ralphklein_5_2_chunk_001.npy,40,313,False
validation,Ralph Klein,dementia,dementia/Ralph Klein/ralphklein_5_2.wav,ralphklein_5_2,2,C:\Users\sricb\OneDrive\Desktop\AI dementia dection\AI-Powered-Multimodal-Dementia-System\data\audio\features\mfcc\validation\Ralph Klein\ralphklein_5_2_chunk_002.npy,40,313,False
validation,Ralph Klein,dementia,dementia/Ralph Klein/ralphklein_5_2.wav,ralphklein_5_2,3,C:\Users\sricb\OneDrive\Desktop\AI dementia dection\AI-Powered-Multimodal-Dementia-System\data\audio\features\mfcc\validation\Ralph Klein\ralphklein_5_2_chunk_003.npy,40,313,False
validation,Ralph Klein,dementia,dementia/Ralph Klein/ralphklein_5_2.wav,ralphklein_5_2,4,C:\Users\sricb\OneDrive\Desktop\AI dementia dection\AI-Powered-Multimodal-Dementia-System\data\audio\features\mfcc\validation\Ralph Klein\ralphklein_5_2_chunk_004.npy,40,313,False
validation,Ralph Klein,dementia,dementia/Ralph Klein/ralphklein_5_2.wav,ralphklein_5_2,5,C:\Users\sricb\OneDrive\Desktop\AI dementia dection\AI-Powered-Multimodal-Dementia-System\data\audio\features\mfcc\validation\Ralph Klein\ralphklein_5_2_chunk_005.npy,40,313,False
validation,Ralph Klein,dementia,dementia/Ralph Klein/ralphklein_5_2.wav,ralphklein_5_2,6,C:\Users\sricb\OneDrive\Desktop\AI dementia dection\AI-Powered-Multimodal-Dementia-System\data\audio\features\mfcc\validation\Ralph Klein\ralphklein_5_2_chunk_006.npy,40,313,True
validation,Ralph Klein,dementia,dementia/Ralph Klein/ralphklein_5_2.wav,ralphklein_5_2,7,C:\Users\sricb\OneDrive\Desktop\AI dementia dection\AI-Powered-Multimodal-Dementia-System\data\audio\features\mfcc\validation\Ralph Klein\ralphklein_5_2_chunk_007.npy,40,313,True
validation,Ray Dolby,dementia,dementia/Ray Dolby/RayDolby_0.wav,RayDolby_0,1,C:\Users\sricb\OneDrive\Desktop\AI dementia dection\AI-Powered-Multimodal-Dementia-System\data\audio\features\mfcc\validation\Ray Dolby\RayDolby_0_chunk_001.npy,40,313,False
validation,Ray Dolby,dementia,dementia/Ray Dolby/RayDolby_0.wav,RayDolby_0,2,C:\Users\sricb\OneDrive\Desktop\AI dementia dection\AI-Powered-Multimodal-Dementia-System\data\audio\features\mfcc\validation\Ray Dolby\RayDolby_0_chunk_002.npy,40,313,False
validation,Ray Dolby,dementia,dementia/Ray Dolby/RayDolby_0.wav,RayDolby_0,3,C:\Users\sricb\OneDrive\Desktop\AI dementia dection\AI-Powered-Multimodal-Dementia-System\data\audio\features\mfcc\validation\Ray Dolby\RayDolby_0_chunk_003.npy,40,313,False
validation,Ray Dolby,dementia,dementia/Ray Dolby/RayDolby_0.wav,RayDolby_0,4,C:\Users\sricb\OneDrive\Desktop\AI dementia dection\AI-Powered-Multimodal-Dementia-System\data\audio\features\mfcc\validation\Ray Dolby\RayDolby_0_chunk_004.npy,40,313,False
validation,Ray Dolby,dementia,dementia/Ray Dolby/RayDolby_0.wav,RayDolby_0,5,C:\Users\sricb\OneDrive\Desktop\AI dementia dection\AI-Powered-Multimodal-Dementia-System\data\audio\features\mfcc\validation\Ray Dolby\RayDolby_0_chunk_005.npy,40,313,False
validation,Ray Dolby,dementia,dementia/Ray Dolby/RayDolby_0.wav,RayDolby_0,6,C:\Users\sricb\OneDrive\Desktop\AI dementia dection\AI-Powered-Multimodal-Dementia-System\data\audio\features\mfcc\validation\Ray Dolby\RayDolby_0_chunk_006.npy,40,313,False
validation,Ray Dolby,dementia,dementia/Ray Dolby/RayDolby_0.wav,RayDolby_0,7,C:\Users\sricb\OneDrive\Desktop\AI dementia dection\AI-Powered-Multimodal-Dementia-System\data\audio\features\mfcc\validation\Ray Dolby\RayDolby_0_chunk_007.npy,40,313,False
validation,Ray Dolby,dementia,dementia/Ray Dolby/RayDolby_0.wav,RayDolby_0,8,C:\Users\sricb\OneDrive\Desktop\AI dementia dection\AI-Powered-Multimodal-Dementia-System\data\audio\features\mfcc\validation\Ray Dolby\RayDolby_0_chunk_008.npy,40,313,False
validation,Ray Dolby,dementia,dementia/Ray Dolby/RayDolby_0.wav,RayDolby_0,9,C:\Users\sricb\OneDrive\Desktop\AI dementia dection\AI-Powered-Multimodal-Dementia-System\data\audio\features\mfcc\validation\Ray Dolby\RayDolby_0_chunk_009.npy,40,313,False
validation,Ray Dolby,dementia,dementia/Ray Dolby/RayDolby_0.wav,RayDolby_0,10,C:\Users\sricb\OneDrive\Desktop\AI dementia dection\AI-Powered-Multimodal-Dementia-System\data\audio\features\mfcc\validation\Ray Dolby\RayDolby_0_chunk_010.npy,40,313,False
validation,Ray Dolby,dementia,dementia/Ray Dolby/RayDolby_0.wav,RayDolby_0,11,C:\Users\sricb\OneDrive\Desktop\AI dementia dection\AI-Powered-Multimodal-Dementia-System\data\audio\features\mfcc\validation\Ray Dolby\RayDolby_0_chunk_011.npy,40,313,False
validation,Ray Dolby,dementia,dementia/Ray Dolby/RayDolby_0.wav,RayDolby_0,12,C:\Users\sricb\OneDrive\Desktop\AI dementia dection\AI-Powered-Multimodal-Dementia-System\data\audio\features\mfcc\validation\Ray Dolby\RayDolby_0_chunk_012.npy,40,313,True
validation,Ray Dolby,dementia,dementia/Ray Dolby/RayDolby_0.wav,RayDolby_0,13,C:\Users\sricb\OneDrive\Desktop\AI dementia dection\AI-Powered-Multimodal-Dementia-System\data\audio\features\mfcc\validation\Ray Dolby\RayDolby_0_chunk_013.npy,40,313,True
validation,Ray Dolby,dementia,dementia/Ray Dolby/RayDolby_10.wav,RayDolby_10,1,C:\Users\sricb\OneDrive\Desktop\AI dementia dection\AI-Powered-Multimodal-Dementia-System\data\audio\features\mfcc\validation\Ray Dolby\RayDolby_10_chunk_001.npy,40,313,False
validation,Ray Dolby,dementia,dementia/Ray Dolby/RayDolby_10.wav,RayDolby_10,2,C:\Users\sricb\OneDrive\Desktop\AI dementia dection\AI-Powered-Multimodal-Dementia-System\data\audio\features\mfcc\validation\Ray Dolby\RayDolby_10_chunk_002.npy,40,313,False
validation,Ray Dolby,dementia,dementia/Ray Dolby/RayDolby_10.wav,RayDolby_10,3,C:\Users\sricb\OneDrive\Desktop\AI dementia dection\AI-Powered-Multimodal-Dementia-System\data\audio\features\mfcc\validation\Ray Dolby\RayDolby_10_chunk_003.npy,40,313,False
validation,Ray Dolby,dementia,dementia/Ray Dolby/RayDolby_10.wav,RayDolby_10,4,C:\Users\sricb\OneDrive\Desktop\AI dementia dection\AI-Powered-Multimodal-Dementia-System\data\audio\features\mfcc\validation\Ray Dolby\RayDolby_10_chunk_004.npy,40,313,False
validation,Ray Dolby,dementia,dementia/Ray Dolby/RayDolby_10.wav,RayDolby_10,5,C:\Users\sricb\OneDrive\Desktop\AI dementia dection\AI-Powered-Multimodal-Dementia-System\data\audio\features\mfcc\validation\Ray Dolby\RayDolby_10_chunk_005.npy,40,313,False
validation,Ray Dolby,dementia,dementia/Ray Dolby/RayDolby_10.wav,RayDolby_10,6,C:\Users\sricb\OneDrive\Desktop\AI dementia dection\AI-Powered-Multimodal-Dementia-System\data\audio\features\mfcc\validation\Ray Dolby\RayDolby_10_chunk_006.npy,40,313,False
validation,Ray Dolby,dementia,dementia/Ray Dolby/RayDolby_10.wav,RayDolby_10,7,C:\Users\sricb\OneDrive\Desktop\AI dementia dection\AI-Powered-Multimodal-Dementia-System\data\audio\features\mfcc\validation\Ray Dolby\RayDolby_10_chunk_007.npy,40,313,False
validation,Ray Dolby,dementia,dementia/Ray Dolby/RayDolby_10.wav,RayDolby_10,8,C:\Users\sricb\OneDrive\Desktop\AI dementia dection\AI-Powered-Multimodal-Dementia-System\data\audio\features\mfcc\validation\Ray Dolby\RayDolby_10_chunk_008.npy,40,313,False
validation,Ray Dolby,dementia,dementia/Ray Dolby/RayDolby_10.wav,RayDolby_10,9,C:\Users\sricb\OneDrive\Desktop\AI dementia dection\AI-Powered-Multimodal-Dementia-System\data\audio\features\mfcc\validation\Ray Dolby\RayDolby_10_chunk_009.npy,40,313,False
validation,Ray Dolby,dementia,dementia/Ray Dolby/RayDolby_10.wav,RayDolby_10,10,C:\Users\sricb\OneDrive\Desktop\AI dementia dection\AI-Powered-Multimodal-Dementia-System\data\audio\features\mfcc\validation\Ray Dolby\RayDolby_10_chunk_010.npy,40,313,False
validation,Ray Dolby,dementia,dementia/Ray Dolby/RayDolby_10.wav,RayDolby_10,11,C:\Users\sricb\OneDrive\Desktop\AI dementia dection\AI-Powered-Multimodal-Dementia-System\data\audio\features\mfcc\validation\Ray Dolby\RayDolby_10_chunk_011.npy,40,313,False
validation,Ray Dolby,dementia,dementia/Ray Dolby/RayDolby_10.wav,RayDolby_10,12,C:\Users\sricb\OneDrive\Desktop\AI dementia dection\AI-Powered-Multimodal-Dementia-System\data\audio\features\mfcc\validation\Ray Dolby\RayDolby_10_chunk_012.npy,40,313,False
validation,Ray Dolby,dementia,dementia/Ray Dolby/RayDolby_10.wav,RayDolby_10,13,C:\Users\sricb\OneDrive\Desktop\AI dementia dection\AI-Powered-Multimodal-Dementia-System\data\audio\features\mfcc\validation\Ray Dolby\RayDolby_10_chunk_013.npy,40,313,False
validation,Ray Dolby,dementia,dementia/Ray Dolby/RayDolby_10.wav,RayDolby_10,14,C:\Users\sricb\OneDrive\Desktop\AI dementia dection\AI-Powered-Multimodal-Dementia-System\data\audio\features\mfcc\validation\Ray Dolby\RayDolby_10_chunk_014.npy,40,313,False
validation,Ray Dolby,dementia,dementia/Ray Dolby/RayDolby_10.wav,RayDolby_10,15,C:\Users\sricb\OneDrive\Desktop\AI dementia dection\AI-Powered-Multimodal-Dementia-System\data\audio\features\mfcc\validation\Ray Dolby\RayDolby_10_chunk_015.npy,40,313,False
validation,Ray Dolby,dementia,dementia/Ray Dolby/RayDolby_10.wav,RayDolby_10,16,C:\Users\sricb\OneDrive\Desktop\AI dementia dection\AI-Powered-Multimodal-Dementia-System\data\audio\features\mfcc\validation\Ray Dolby\RayDolby_10_chunk_016.npy,40,313,False
validation,Ray Dolby,dementia,dementia/Ray Dolby/RayDolby_10.wav,RayDolby_10,17,C:\Users\sricb\OneDrive\Desktop\AI dementia dection\AI-Powered-Multimodal-Dementia-System\data\audio\features\mfcc\validation\Ray Dolby\RayDolby_10_chunk_017.npy,40,313,False
validation,Ray Dolby,dementia,dementia/Ray Dolby/RayDolby_10.wav,RayDolby_10,18,C:\Users\sricb\OneDrive\Desktop\AI dementia dection\AI-Powered-Multimodal-Dementia-System\data\audio\features\mfcc\validation\Ray Dolby\RayDolby_10_chunk_018.npy,40,313,True
validation,Ray Dolby,dementia,dementia/Ray Dolby/RayDolby_10.wav,RayDolby_10,19,C:\Users\sricb\OneDrive\Desktop\AI dementia dection\AI-Powered-Multimodal-Dementia-System\data\audio\features\mfcc\validation\Ray Dolby\RayDolby_10_chunk_019.npy,40,313,True
validation,Tim Conway,dementia,dementia/Tim Conway/TimConway_10.wav,TimConway_10,1,C:\Users\sricb\OneDrive\Desktop\AI dementia dection\AI-Powered-Multimodal-Dementia-System\data\audio\features\mfcc\validation\Tim Conway\TimConway_10_chunk_001.npy,40,313,False
validation,Tim Conway,dementia,dementia/Tim Conway/TimConway_10.wav,TimConway_10,2,C:\Users\sricb\OneDrive\Desktop\AI dementia dection\AI-Powered-Multimodal-Dementia-System\data\audio\features\mfcc\validation\Tim Conway\TimConway_10_chunk_002.npy,40,313,False
validation,Tim Conway,dementia,dementia/Tim Conway/TimConway_10.wav,TimConway_10,3,C:\Users\sricb\OneDrive\Desktop\AI dementia dection\AI-Powered-Multimodal-Dementia-System\data\audio\features\mfcc\validation\Tim Conway\TimConway_10_chunk_003.npy,40,313,False
validation,Tim Conway,dementia,dementia/Tim Conway/TimConway_10.wav,TimConway_10,4,C:\Users\sricb\OneDrive\Desktop\AI dementia dection\AI-Powered-Multimodal-Dementia-System\data\audio\features\mfcc\validation\Tim Conway\TimConway_10_chunk_004.npy,40,313,False
validation,Tim Conway,dementia,dementia/Tim Conway/TimConway_10.wav,TimConway_10,5,C:\Users\sricb\OneDrive\Desktop\AI dementia dection\AI-Powered-Multimodal-Dementia-System\data\audio\features\mfcc\validation\Tim Conway\TimConway_10_chunk_005.npy,40,313,False
validation,Tim Conway,dementia,dementia/Tim Conway/TimConway_10.wav,TimConway_10,6,C:\Users\sricb\OneDrive\Desktop\AI dementia dection\AI-Powered-Multimodal-Dementia-System\data\audio\features\mfcc\validation\Tim Conway\TimConway_10_chunk_006.npy,40,313,False
validation,Tim Conway,dementia,dementia/Tim Conway/TimConway_10.wav,TimConway_10,7,C:\Users\sricb\OneDrive\Desktop\AI dementia dection\AI-Powered-Multimodal-Dementia-System\data\audio\features\mfcc\validation\Tim Conway\TimConway_10_chunk_007.npy,40,313,False
validation,Tim Conway,dementia,dementia/Tim Conway/TimConway_10.wav,TimConway_10,8,C:\Users\sricb\OneDrive\Desktop\AI dementia dection\AI-Powered-Multimodal-Dementia-System\data\audio\features\mfcc\validation\Tim Conway\TimConway_10_chunk_008.npy,40,313,False
validation,Tim Conway,dementia,dementia/Tim Conway/TimConway_10.wav,TimConway_10,9,C:\Users\sricb\OneDrive\Desktop\AI dementia dection\AI-Powered-Multimodal-Dementia-System\data\audio\features\mfcc\validation\Tim Conway\TimConway_10_chunk_009.npy,40,313,False
validation,Tim Conway,dementia,dementia/Tim Conway/TimConway_10.wav,TimConway_10,10,C:\Users\sricb\OneDrive\Desktop\AI dementia dection\AI-Powered-Multimodal-Dementia-System\data\audio\features\mfcc\validation\Tim Conway\TimConway_10_chunk_010.npy,40,313,False
validation,Tim Conway,dementia,dementia/Tim Conway/TimConway_10.wav,TimConway_10,11,C:\Users\sricb\OneDrive\Desktop\AI dementia dection\AI-Powered-Multimodal-Dementia-System\data\audio\features\mfcc\validation\Tim Conway\TimConway_10_chunk_011.npy,40,313,False
validation,Tim Conway,dementia,dementia/Tim Conway/TimConway_10.wav,TimConway_10,12,C:\Users\sricb\OneDrive\Desktop\AI dementia dection\AI-Powered-Multimodal-Dementia-System\data\audio\features\mfcc\validation\Tim Conway\TimConway_10_chunk_012.npy,40,313,False
validation,Tim Conway,dementia,dementia/Tim Conway/TimConway_10.wav,TimConway_10,13,C:\Users\sricb\OneDrive\Desktop\AI dementia dection\AI-Powered-Multimodal-Dementia-System\data\audio\features\mfcc\validation\Tim Conway\TimConway_10_chunk_013.npy,40,313,False
validation,Tim Conway,dementia,dementia/Tim Conway/TimConway_10.wav,TimConway_10,14,C:\Users\sricb\OneDrive\Desktop\AI dementia dection\AI-Powered-Multimodal-Dementia-System\data\audio\features\mfcc\validation\Tim Conway\TimConway_10_chunk_014.npy,40,313,False
validation,Tim Conway,dementia,dementia/Tim Conway/TimConway_10.wav,TimConway_10,15,C:\Users\sricb\OneDrive\Desktop\AI dementia dection\AI-Powered-Multimodal-Dementia-System\data\audio\features\mfcc\validation\Tim Conway\TimConway_10_chunk_015.npy,40,313,False
validation,Tim Conway,dementia,dementia/Tim Conway/TimConway_10.wav,TimConway_10,16,C:\Users\sricb\OneDrive\Desktop\AI dementia dection\AI-Powered-Multimodal-Dementia-System\data\audio\features\mfcc\validation\Tim Conway\TimConway_10_chunk_016.npy,40,313,False
validation,Tim Conway,dementia,dementia/Tim Conway/TimConway_10.wav,TimConway_10,17,C:\Users\sricb\OneDrive\Desktop\AI dementia dection\AI-Powered-Multimodal-Dementia-System\data\audio\features\mfcc\validation\Tim Conway\TimConway_10_chunk_017.npy,40,313,False
validation,Tim Conway,dementia,dementia/Tim Conway/TimConway_10.wav,TimConway_10,18,C:\Users\sricb\OneDrive\Desktop\AI dementia dection\AI-Powered-Multimodal-Dementia-System\data\audio\features\mfcc\validation\Tim Conway\TimConway_10_chunk_018.npy,40,313,True
validation,Tim Conway,dementia,dementia/Tim Conway/TimConway_10.wav,TimConway_10,19,C:\Users\sricb\OneDrive\Desktop\AI dementia dection\AI-Powered-Multimodal-Dementia-System\data\audio\features\mfcc\validation\Tim Conway\TimConway_10_chunk_019.npy,40,313,True
validation,Tim Conway,dementia,dementia/Tim Conway/TimConway_5.wav,TimConway_5,1,C:\Users\sricb\OneDrive\Desktop\AI dementia dection\AI-Powered-Multimodal-Dementia-System\data\audio\features\mfcc\validation\Tim Conway\TimConway_5_chunk_001.npy,40,313,False
validation,Tim Conway,dementia,dementia/Tim Conway/TimConway_5.wav,TimConway_5,2,C:\Users\sricb\OneDrive\Desktop\AI dementia dection\AI-Powered-Multimodal-Dementia-System\data\audio\features\mfcc\validation\Tim Conway\TimConway_5_chunk_002.npy,40,313,False
validation,Tim Conway,dementia,dementia/Tim Conway/TimConway_5.wav,TimConway_5,3,C:\Users\sricb\OneDrive\Desktop\AI dementia dection\AI-Powered-Multimodal-Dementia-System\data\audio\features\mfcc\validation\Tim Conway\TimConway_5_chunk_003.npy,40,313,False
validation,Tim Conway,dementia,dementia/Tim Conway/TimConway_5.wav,TimConway_5,4,C:\Users\sricb\OneDrive\Desktop\AI dementia dection\AI-Powered-Multimodal-Dementia-System\data\audio\features\mfcc\validation\Tim Conway\TimConway_5_chunk_004.npy,40,313,False
validation,Tim Conway,dementia,dementia/Tim Conway/TimConway_5.wav,TimConway_5,5,C:\Users\sricb\OneDrive\Desktop\AI dementia dection\AI-Powered-Multimodal-Dementia-System\data\audio\features\mfcc\validation\Tim Conway\TimConway_5_chunk_005.npy,40,313,False
validation,Tim Conway,dementia,dementia/Tim Conway/TimConway_5.wav,TimConway_5,6,C:\Users\sricb\OneDrive\Desktop\AI dementia dection\AI-Powered-Multimodal-Dementia-System\data\audio\features\mfcc\validation\Tim Conway\TimConway_5_chunk_006.npy,40,313,False
validation,Tim Conway,dementia,dementia/Tim Conway/TimConway_5.wav,TimConway_5,7,C:\Users\sricb\OneDrive\Desktop\AI dementia dection\AI-Powered-Multimodal-Dementia-System\data\audio\features\mfcc\validation\Tim Conway\TimConway_5_chunk_007.npy,40,313,False
validation,Tim Conway,dementia,dementia/Tim Conway/TimConway_5.wav,TimConway_5,8,C:\Users\sricb\OneDrive\Desktop\AI dementia dection\AI-Powered-Multimodal-Dementia-System\data\audio\features\mfcc\validation\Tim Conway\TimConway_5_chunk_008.npy,40,313,True
validation,Tim Conway,dementia,dementia/Tim Conway/TimConway_5.wav,TimConway_5,9,C:\Users\sricb\OneDrive\Desktop\AI dementia dection\AI-Powered-Multimodal-Dementia-System\data\audio\features\mfcc\validation\Tim Conway\TimConway_5_chunk_009.npy,40,313,True
validation,Barry Levinson,nodementia,nodementia/Barry Levinson/BarryLevinson_1.wav,BarryLevinson_1,1,C:\Users\sricb\OneDrive\Desktop\AI dementia dection\AI-Powered-Multimodal-Dementia-System\data\audio\features\mfcc\validation\Barry Levinson\BarryLevinson_1_chunk_001.npy,40,313,False
validation,Barry Levinson,nodementia,nodementia/Barry Levinson/BarryLevinson_1.wav,BarryLevinson_1,2,C:\Users\sricb\OneDrive\Desktop\AI dementia dection\AI-Powered-Multimodal-Dementia-System\data\audio\features\mfcc\validation\Barry Levinson\BarryLevinson_1_chunk_002.npy,40,313,False
validation,Barry Levinson,nodementia,nodementia/Barry Levinson/BarryLevinson_1.wav,BarryLevinson_1,3,C:\Users\sricb\OneDrive\Desktop\AI dementia dection\AI-Powered-Multimodal-Dementia-System\data\audio\features\mfcc\validation\Barry Levinson\BarryLevinson_1_chunk_003.npy,40,313,False
validation,Barry Levinson,nodementia,nodementia/Barry Levinson/BarryLevinson_1.wav,BarryLevinson_1,4,C:\Users\sricb\OneDrive\Desktop\AI dementia dection\AI-Powered-Multimodal-Dementia-System\data\audio\features\mfcc\validation\Barry Levinson\BarryLevinson_1_chunk_004.npy,40,313,False
validation,Barry Levinson,nodementia,nodementia/Barry Levinson/BarryLevinson_1.wav,BarryLevinson_1,5,C:\Users\sricb\OneDrive\Desktop\AI dementia dection\AI-Powered-Multimodal-Dementia-System\data\audio\features\mfcc\validation\Barry Levinson\BarryLevinson_1_chunk_005.npy,40,313,False
validation,Barry Levinson,nodementia,nodementia/Barry Levinson/BarryLevinson_1.wav,BarryLevinson_1,6,C:\Users\sricb\OneDrive\Desktop\AI dementia dection\AI-Powered-Multimodal-Dementia-System\data\audio\features\mfcc\validation\Barry Levinson\BarryLevinson_1_chunk_006.npy,40,313,False
validation,Barry Levinson,nodementia,nodementia/Barry Levinson/BarryLevinson_1.wav,BarryLevinson_1,7,C:\Users\sricb\OneDrive\Desktop\AI dementia dection\AI-Powered-Multimodal-Dementia-System\data\audio\features\mfcc\validation\Barry Levinson\BarryLevinson_1_chunk_007.npy,40,313,False
validation,Barry Levinson,nodementia,nodementia/Barry Levinson/BarryLevinson_1.wav,BarryLevinson_1,8,C:\Users\sricb\OneDrive\Desktop\AI dementia dection\AI-Powered-Multimodal-Dementia-System\data\audio\features\mfcc\validation\Barry Levinson\BarryLevinson_1_chunk_008.npy,40,313,False
validation,Barry Levinson,nodementia,nodementia/Barry Levinson/BarryLevinson_1.wav,BarryLevinson_1,9,C:\Users\sricb\OneDrive\Desktop\AI dementia dection\AI-Powered-Multimodal-Dementia-System\data\audio\features\mfcc\validation\Barry Levinson\BarryLevinson_1_chunk_009.npy,40,313,True
validation,Barry Levinson,nodementia,nodementia/Barry Levinson/BarryLevinson_2.wav,BarryLevinson_2,1,C:\Users\sricb\OneDrive\Desktop\AI dementia dection\AI-Powered-Multimodal-Dementia-System\data\audio\features\mfcc\validation\Barry Levinson\BarryLevinson_2_chunk_001.npy,40,313,False
validation,Barry Levinson,nodementia,nodementia/Barry Levinson/BarryLevinson_2.wav,BarryLevinson_2,2,C:\Users\sricb\OneDrive\Desktop\AI dementia dection\AI-Powered-Multimodal-Dementia-System\data\audio\features\mfcc\validation\Barry Levinson\BarryLevinson_2_chunk_002.npy,40,313,False
validation,Barry Levinson,nodementia,nodementia/Barry Levinson/BarryLevinson_2.wav,BarryLevinson_2,3,C:\Users\sricb\OneDrive\Desktop\AI dementia dection\AI-Powered-Multimodal-Dementia-System\data\audio\features\mfcc\validation\Barry Levinson\BarryLevinson_2_chunk_003.npy,40,313,False
validation,Barry Levinson,nodementia,nodementia/Barry Levinson/BarryLevinson_2.wav,BarryLevinson_2,4,C:\Users\sricb\OneDrive\Desktop\AI dementia dection\AI-Powered-Multimodal-Dementia-System\data\audio\features\mfcc\validation\Barry Levinson\BarryLevinson_2_chunk_004.npy,40,313,False
validation,Barry Levinson,nodementia,nodementia/Barry Levinson/BarryLevinson_2.wav,BarryLevinson_2,5,C:\Users\sricb\OneDrive\Desktop\AI dementia dection\AI-Powered-Multimodal-Dementia-System\data\audio\features\mfcc\validation\Barry Levinson\BarryLevinson_2_chunk_005.npy,40,313,False
validation,Barry Levinson,nodementia,nodementia/Barry Levinson/BarryLevinson_2.wav,BarryLevinson_2,6,C:\Users\sricb\OneDrive\Desktop\AI dementia dection\AI-Powered-Multimodal-Dementia-System\data\audio\features\mfcc\validation\Barry Levinson\BarryLevinson_2_chunk_006.npy,40,313,False
validation,Barry Levinson,nodementia,nodementia/Barry Levinson/BarryLevinson_2.wav,BarryLevinson_2,7,C:\Users\sricb\OneDrive\Desktop\AI dementia dection\AI-Powered-Multimodal-Dementia-System\data\audio\features\mfcc\validation\Barry Levinson\BarryLevinson_2_chunk_007.npy,40,313,False
validation,Barry Levinson,nodementia,nodementia/Barry Levinson/BarryLevinson_2.wav,BarryLevinson_2,8,C:\Users\sricb\OneDrive\Desktop\AI dementia dection\AI-Powered-Multimodal-Dementia-System\data\audio\features\mfcc\validation\Barry Levinson\BarryLevinson_2_chunk_008.npy,40,313,False
validation,Barry Levinson,nodementia,nodementia/Barry Levinson/BarryLevinson_2.wav,BarryLevinson_2,9,C:\Users\sricb\OneDrive\Desktop\AI dementia dection\AI-Powered-Multimodal-Dementia-System\data\audio\features\mfcc\validation\Barry Levinson\BarryLevinson_2_chunk_009.npy,40,313,False
validation,Barry Levinson,nodementia,nodementia/Barry Levinson/BarryLevinson_2.wav,BarryLevinson_2,10,C:\Users\sricb\OneDrive\Desktop\AI dementia dection\AI-Powered-Multimodal-Dementia-System\data\audio\features\mfcc\validation\Barry Levinson\BarryLevinson_2_chunk_010.npy,40,313,False
validation,Barry Levinson,nodementia,nodementia/Barry Levinson/BarryLevinson_2.wav,BarryLevinson_2,11,C:\Users\sricb\OneDrive\Desktop\AI dementia dection\AI-Powered-Multimodal-Dementia-System\data\audio\features\mfcc\validation\Barry Levinson\BarryLevinson_2_chunk_011.npy,40,313,True
validation,Barry Levinson,nodementia,nodementia/Barry Levinson/BarryLevinson_2.wav,BarryLevinson_2,12,C:\Users\sricb\OneDrive\Desktop\AI dementia dection\AI-Powered-Multimodal-Dementia-System\data\audio\features\mfcc\validation\Barry Levinson\BarryLevinson_2_chunk_012.npy,40,313,True
validation,Barry Levinson,nodementia,nodementia/Barry Levinson/BarryLevinson_3.wav,BarryLevinson_3,1,C:\Users\sricb\OneDrive\Desktop\AI dementia dection\AI-Powered-Multimodal-Dementia-System\data\audio\features\mfcc\validation\Barry Levinson\BarryLevinson_3_chunk_001.npy,40,313,False
validation,Barry Levinson,nodementia,nodementia/Barry Levinson/BarryLevinson_3.wav,BarryLevinson_3,2,C:\Users\sricb\OneDrive\Desktop\AI dementia dection\AI-Powered-Multimodal-Dementia-System\data\audio\features\mfcc\validation\Barry Levinson\BarryLevinson_3_chunk_002.npy,40,313,False
validation,Barry Levinson,nodementia,nodementia/Barry Levinson/BarryLevinson_3.wav,BarryLevinson_3,3,C:\Users\sricb\OneDrive\Desktop\AI dementia dection\AI-Powered-Multimodal-Dementia-System\data\audio\features\mfcc\validation\Barry Levinson\BarryLevinson_3_chunk_003.npy,40,313,False
validation,Barry Levinson,nodementia,nodementia/Barry Levinson/BarryLevinson_3.wav,BarryLevinson_3,4,C:\Users\sricb\OneDrive\Desktop\AI dementia dection\AI-Powered-Multimodal-Dementia-System\data\audio\features\mfcc\validation\Barry Levinson\BarryLevinson_3_chunk_004.npy,40,313,False
validation,Barry Levinson,nodementia,nodementia/Barry Levinson/BarryLevinson_3.wav,BarryLevinson_3,5,C:\Users\sricb\OneDrive\Desktop\AI dementia dection\AI-Powered-Multimodal-Dementia-System\data\audio\features\mfcc\validation\Barry Levinson\BarryLevinson_3_chunk_005.npy,40,313,False
validation,Barry Levinson,nodementia,nodementia/Barry Levinson/BarryLevinson_3.wav,BarryLevinson_3,6,C:\Users\sricb\OneDrive\Desktop\AI dementia dection\AI-Powered-Multimodal-Dementia-System\data\audio\features\mfcc\validation\Barry Levinson\BarryLevinson_3_chunk_006.npy,40,313,False
validation,Barry Levinson,nodementia,nodementia/Barry Levinson/BarryLevinson_3.wav,BarryLevinson_3,7,C:\Users\sricb\OneDrive\Desktop\AI dementia dection\AI-Powered-Multimodal-Dementia-System\data\audio\features\mfcc\validation\Barry Levinson\BarryLevinson_3_chunk_007.npy,40,313,False
validation,Barry Levinson,nodementia,nodementia/Barry Levinson/BarryLevinson_3.wav,BarryLevinson_3,8,C:\Users\sricb\OneDrive\Desktop\AI dementia dection\AI-Powered-Multimodal-Dementia-System\data\audio\features\mfcc\validation\Barry Levinson\BarryLevinson_3_chunk_008.npy,40,313,False
validation,Barry Levinson,nodementia,nodementia/Barry Levinson/BarryLevinson_3.wav,BarryLevinson_3,9,C:\Users\sricb\OneDrive\Desktop\AI dementia dection\AI-Powered-Multimodal-Dementia-System\data\audio\features\mfcc\validation\Barry Levinson\BarryLevinson_3_chunk_009.npy,40,313,False
validation,Barry Levinson,nodementia,nodementia/Barry Levinson/BarryLevinson_3.wav,BarryLevinson_3,10,C:\Users\sricb\OneDrive\Desktop\AI dementia dection\AI-Powered-Multimodal-Dementia-System\data\audio\features\mfcc\validation\Barry Levinson\BarryLevinson_3_chunk_010.npy,40,313,False
validation,Barry Levinson,nodementia,nodementia/Barry Levinson/BarryLevinson_3.wav,BarryLevinson_3,11,C:\Users\sricb\OneDrive\Desktop\AI dementia dection\AI-Powered-Multimodal-Dementia-System\data\audio\features\mfcc\validation\Barry Levinson\BarryLevinson_3_chunk_011.npy,40,313,False
validation,Barry Levinson,nodementia,nodementia/Barry Levinson/BarryLevinson_3.wav,BarryLevinson_3,12,C:\Users\sricb\OneDrive\Desktop\AI dementia dection\AI-Powered-Multimodal-Dementia-System\data\audio\features\mfcc\validation\Barry Levinson\BarryLevinson_3_chunk_012.npy,40,313,False
validation,Barry Levinson,nodementia,nodementia/Barry Levinson/BarryLevinson_3.wav,BarryLevinson_3,13,C:\Users\sricb\OneDrive\Desktop\AI dementia dection\AI-Powered-Multimodal-Dementia-System\data\audio\features\mfcc\validation\Barry Levinson\BarryLevinson_3_chunk_013.npy,40,313,False
validation,Barry Levinson,nodementia,nodementia/Barry Levinson/BarryLevinson_3.wav,BarryLevinson_3,14,C:\Users\sricb\OneDrive\Desktop\AI dementia dection\AI-Powered-Multimodal-Dementia-System\data\audio\features\mfcc\validation\Barry Levinson\BarryLevinson_3_chunk_014.npy,40,313,False
validation,Barry Levinson,nodementia,nodementia/Barry Levinson/BarryLevinson_3.wav,BarryLevinson_3,15,C:\Users\sricb\OneDrive\Desktop\AI dementia dection\AI-Powered-Multimodal-Dementia-System\data\audio\features\mfcc\validation\Barry Levinson\BarryLevinson_3_chunk_015.npy,40,313,False
validation,Barry Levinson,nodementia,nodementia/Barry Levinson/BarryLevinson_3.wav,BarryLevinson_3,16,C:\Users\sricb\OneDrive\Desktop\AI dementia dection\AI-Powered-Multimodal-Dementia-System\data\audio\features\mfcc\validation\Barry Levinson\BarryLevinson_3_chunk_016.npy,40,313,False
validation,Barry Levinson,nodementia,nodementia/Barry Levinson/BarryLevinson_3.wav,BarryLevinson_3,17,C:\Users\sricb\OneDrive\Desktop\AI dementia dection\AI-Powered-Multimodal-Dementia-System\data\audio\features\mfcc\validation\Barry Levinson\BarryLevinson_3_chunk_017.npy,40,313,False
validation,Barry Levinson,nodementia,nodementia/Barry Levinson/BarryLevinson_3.wav,BarryLevinson_3,18,C:\Users\sricb\OneDrive\Desktop\AI dementia dection\AI-Powered-Multimodal-Dementia-System\data\audio\features\mfcc\validation\Barry Levinson\BarryLevinson_3_chunk_018.npy,40,313,True
validation,Bill Wyman,nodementia,nodementia/Bill Wyman/BillWyman_1.wav,BillWyman_1,1,C:\Users\sricb\OneDrive\Desktop\AI dementia dection\AI-Powered-Multimodal-Dementia-System\data\audio\features\mfcc\validation\Bill Wyman\BillWyman_1_chunk_001.npy,40,313,False
validation,Bill Wyman,nodementia,nodementia/Bill Wyman/BillWyman_1.wav,BillWyman_1,2,C:\Users\sricb\OneDrive\Desktop\AI dementia dection\AI-Powered-Multimodal-Dementia-System\data\audio\features\mfcc\validation\Bill Wyman\BillWyman_1_chunk_002.npy,40,313,False
validation,Bill Wyman,nodementia,nodementia/Bill Wyman/BillWyman_1.wav,BillWyman_1,3,C:\Users\sricb\OneDrive\Desktop\AI dementia dection\AI-Powered-Multimodal-Dementia-System\data\audio\features\mfcc\validation\Bill Wyman\BillWyman_1_chunk_003.npy,40,313,False
validation,Bill Wyman,nodementia,nodementia/Bill Wyman/BillWyman_1.wav,BillWyman_1,4,C:\Users\sricb\OneDrive\Desktop\AI dementia dection\AI-Powered-Multimodal-Dementia-System\data\audio\features\mfcc\validation\Bill Wyman\BillWyman_1_chunk_004.npy,40,313,False
validation,Bill Wyman,nodementia,nodementia/Bill Wyman/BillWyman_1.wav,BillWyman_1,5,C:\Users\sricb\OneDrive\Desktop\AI dementia dection\AI-Powered-Multimodal-Dementia-System\data\audio\features\mfcc\validation\Bill Wyman\BillWyman_1_chunk_005.npy,40,313,True
validation,Bill Wyman,nodementia,nodementia/Bill Wyman/BillWyman_1.wav,BillWyman_1,6,C:\Users\sricb\OneDrive\Desktop\AI dementia dection\AI-Powered-Multimodal-Dementia-System\data\audio\features\mfcc\validation\Bill Wyman\BillWyman_1_chunk_006.npy,40,313,True
validation,Bill Wyman,nodementia,nodementia/Bill Wyman/BillWyman_3.wav,BillWyman_3,1,C:\Users\sricb\OneDrive\Desktop\AI dementia dection\AI-Powered-Multimodal-Dementia-System\data\audio\features\mfcc\validation\Bill Wyman\BillWyman_3_chunk_001.npy,40,313,False
validation,Bill Wyman,nodementia,nodementia/Bill Wyman/BillWyman_3.wav,BillWyman_3,2,C:\Users\sricb\OneDrive\Desktop\AI dementia dection\AI-Powered-Multimodal-Dementia-System\data\audio\features\mfcc\validation\Bill Wyman\BillWyman_3_chunk_002.npy,40,313,False
validation,Bill Wyman,nodementia,nodementia/Bill Wyman/BillWyman_3.wav,BillWyman_3,3,C:\Users\sricb\OneDrive\Desktop\AI dementia dection\AI-Powered-Multimodal-Dementia-System\data\audio\features\mfcc\validation\Bill Wyman\BillWyman_3_chunk_003.npy,40,313,False
validation,Bill Wyman,nodementia,nodementia/Bill Wyman/BillWyman_3.wav,BillWyman_3,4,C:\Users\sricb\OneDrive\Desktop\AI dementia dection\AI-Powered-Multimodal-Dementia-System\data\audio\features\mfcc\validation\Bill Wyman\BillWyman_3_chunk_004.npy,40,313,False
validation,Bill Wyman,nodementia,nodementia/Bill Wyman/BillWyman_3.wav,BillWyman_3,5,C:\Users\sricb\OneDrive\Desktop\AI dementia dection\AI-Powered-Multimodal-Dementia-System\data\audio\features\mfcc\validation\Bill Wyman\BillWyman_3_chunk_005.npy,40,313,False
validation,Bill Wyman,nodementia,nodementia/Bill Wyman/BillWyman_3.wav,BillWyman_3,6,C:\Users\sricb\OneDrive\Desktop\AI dementia dection\AI-Powered-Multimodal-Dementia-System\data\audio\features\mfcc\validation\Bill Wyman\BillWyman_3_chunk_006.npy,40,313,False
validation,Bill Wyman,nodementia,nodementia/Bill Wyman/BillWyman_3.wav,BillWyman_3,7,C:\Users\sricb\OneDrive\Desktop\AI dementia dection\AI-Powered-Multimodal-Dementia-System\data\audio\features\mfcc\validation\Bill Wyman\BillWyman_3_chunk_007.npy,40,313,False
validation,Bill Wyman,nodementia,nodementia/Bill Wyman/BillWyman_3.wav,BillWyman_3,8,C:\Users\sricb\OneDrive\Desktop\AI dementia dection\AI-Powered-Multimodal-Dementia-System\data\audio\features\mfcc\validation\Bill Wyman\BillWyman_3_chunk_008.npy,40,313,False
validation,Bill Wyman,nodementia,nodementia/Bill Wyman/BillWyman_3.wav,BillWyman_3,9,C:\Users\sricb\OneDrive\Desktop\AI dementia dection\AI-Powered-Multimodal-Dementia-System\data\audio\features\mfcc\validation\Bill Wyman\BillWyman_3_chunk_009.npy,40,313,False
validation,Bill Wyman,nodementia,nodementia/Bill Wyman/BillWyman_3.wav,BillWyman_3,10,C:\Users\sricb\OneDrive\Desktop\AI dementia dection\AI-Powered-Multimodal-Dementia-System\data\audio\features\mfcc\validation\Bill Wyman\BillWyman_3_chunk_010.npy,40,313,True
validation,Bill Wyman,nodementia,nodementia/Bill Wyman/BillWyman_3.wav,BillWyman_3,11,C:\Users\sricb\OneDrive\Desktop\AI dementia dection\AI-Powered-Multimodal-Dementia-System\data\audio\features\mfcc\validation\Bill Wyman\BillWyman_3_chunk_011.npy,40,313,True
validation,Nick Nolte,nodementia,nodementia/Nick Nolte/NickNolte_1.wav,NickNolte_1,1,C:\Users\sricb\OneDrive\Desktop\AI dementia dection\AI-Powered-Multimodal-Dementia-System\data\audio\features\mfcc\validation\Nick Nolte\NickNolte_1_chunk_001.npy,40,313,False
validation,Nick Nolte,nodementia,nodementia/Nick Nolte/NickNolte_1.wav,NickNolte_1,2,C:\Users\sricb\OneDrive\Desktop\AI dementia dection\AI-Powered-Multimodal-Dementia-System\data\audio\features\mfcc\validation\Nick Nolte\NickNolte_1_chunk_002.npy,40,313,False
validation,Nick Nolte,nodementia,nodementia/Nick Nolte/NickNolte_1.wav,NickNolte_1,3,C:\Users\sricb\OneDrive\Desktop\AI dementia dection\AI-Powered-Multimodal-Dementia-System\data\audio\features\mfcc\validation\Nick Nolte\NickNolte_1_chunk_003.npy,40,313,False
validation,Nick Nolte,nodementia,nodementia/Nick Nolte/NickNolte_1.wav,NickNolte_1,4,C:\Users\sricb\OneDrive\Desktop\AI dementia dection\AI-Powered-Multimodal-Dementia-System\data\audio\features\mfcc\validation\Nick Nolte\NickNolte_1_chunk_004.npy,40,313,False
validation,Nick Nolte,nodementia,nodementia/Nick Nolte/NickNolte_1.wav,NickNolte_1,5,C:\Users\sricb\OneDrive\Desktop\AI dementia dection\AI-Powered-Multimodal-Dementia-System\data\audio\features\mfcc\validation\Nick Nolte\NickNolte_1_chunk_005.npy,40,313,False
validation,Nick Nolte,nodementia,nodementia/Nick Nolte/NickNolte_1.wav,NickNolte_1,6,C:\Users\sricb\OneDrive\Desktop\AI dementia dection\AI-Powered-Multimodal-Dementia-System\data\audio\features\mfcc\validation\Nick Nolte\NickNolte_1_chunk_006.npy,40,313,False
validation,Nick Nolte,nodementia,nodementia/Nick Nolte/NickNolte_1.wav,NickNolte_1,7,C:\Users\sricb\OneDrive\Desktop\AI dementia dection\AI-Powered-Multimodal-Dementia-System\data\audio\features\mfcc\validation\Nick Nolte\NickNolte_1_chunk_007.npy,40,313,False
validation,Nick Nolte,nodementia,nodementia/Nick Nolte/NickNolte_1.wav,NickNolte_1,8,C:\Users\sricb\OneDrive\Desktop\AI dementia dection\AI-Powered-Multimodal-Dementia-System\data\audio\features\mfcc\validation\Nick Nolte\NickNolte_1_chunk_008.npy,40,313,False
validation,Nick Nolte,nodementia,nodementia/Nick Nolte/NickNolte_1.wav,NickNolte_1,9,C:\Users\sricb\OneDrive\Desktop\AI dementia dection\AI-Powered-Multimodal-Dementia-System\data\audio\features\mfcc\validation\Nick Nolte\NickNolte_1_chunk_009.npy,40,313,False
validation,Nick Nolte,nodementia,nodementia/Nick Nolte/NickNolte_1.wav,NickNolte_1,10,C:\Users\sricb\OneDrive\Desktop\AI dementia dection\AI-Powered-Multimodal-Dementia-System\data\audio\features\mfcc\validation\Nick Nolte\NickNolte_1_chunk_010.npy,40,313,False
validation,Nick Nolte,nodementia,nodementia/Nick Nolte/NickNolte_1.wav,NickNolte_1,11,C:\Users\sricb\OneDrive\Desktop\AI dementia dection\AI-Powered-Multimodal-Dementia-System\data\audio\features\mfcc\validation\Nick Nolte\NickNolte_1_chunk_011.npy,40,313,False
validation,Nick Nolte,nodementia,nodementia/Nick Nolte/NickNolte_1.wav,NickNolte_1,12,C:\Users\sricb\OneDrive\Desktop\AI dementia dection\AI-Powered-Multimodal-Dementia-System\data\audio\features\mfcc\validation\Nick Nolte\NickNolte_1_chunk_012.npy,40,313,True
validation,Nick Nolte,nodementia,nodementia/Nick Nolte/NickNolte_2.wav,NickNolte_2,1,C:\Users\sricb\OneDrive\Desktop\AI dementia dection\AI-Powered-Multimodal-Dementia-System\data\audio\features\mfcc\validation\Nick Nolte\NickNolte_2_chunk_001.npy,40,313,False
validation,Nick Nolte,nodementia,nodementia/Nick Nolte/NickNolte_2.wav,NickNolte_2,2,C:\Users\sricb\OneDrive\Desktop\AI dementia dection\AI-Powered-Multimodal-Dementia-System\data\audio\features\mfcc\validation\Nick Nolte\NickNolte_2_chunk_002.npy,40,313,False
validation,Nick Nolte,nodementia,nodementia/Nick Nolte/NickNolte_2.wav,NickNolte_2,3,C:\Users\sricb\OneDrive\Desktop\AI dementia dection\AI-Powered-Multimodal-Dementia-System\data\audio\features\mfcc\validation\Nick Nolte\NickNolte_2_chunk_003.npy,40,313,False
validation,Nick Nolte,nodementia,nodementia/Nick Nolte/NickNolte_2.wav,NickNolte_2,4,C:\Users\sricb\OneDrive\Desktop\AI dementia dection\AI-Powered-Multimodal-Dementia-System\data\audio\features\mfcc\validation\Nick Nolte\NickNolte_2_chunk_004.npy,40,313,False
validation,Nick Nolte,nodementia,nodementia/Nick Nolte/NickNolte_2.wav,NickNolte_2,5,C:\Users\sricb\OneDrive\Desktop\AI dementia dection\AI-Powered-Multimodal-Dementia-System\data\audio\features\mfcc\validation\Nick Nolte\NickNolte_2_chunk_005.npy,40,313,False
validation,Nick Nolte,nodementia,nodementia/Nick Nolte/NickNolte_2.wav,NickNolte_2,6,C:\Users\sricb\OneDrive\Desktop\AI dementia dection\AI-Powered-Multimodal-Dementia-System\data\audio\features\mfcc\validation\Nick Nolte\NickNolte_2_chunk_006.npy,40,313,False
validation,Nick Nolte,nodementia,nodementia/Nick Nolte/NickNolte_2.wav,NickNolte_2,7,C:\Users\sricb\OneDrive\Desktop\AI dementia dection\AI-Powered-Multimodal-Dementia-System\data\audio\features\mfcc\validation\Nick Nolte\NickNolte_2_chunk_007.npy,40,313,False
validation,Nick Nolte,nodementia,nodementia/Nick Nolte/NickNolte_2.wav,NickNolte_2,8,C:\Users\sricb\OneDrive\Desktop\AI dementia dection\AI-Powered-Multimodal-Dementia-System\data\audio\features\mfcc\validation\Nick Nolte\NickNolte_2_chunk_008.npy,40,313,False
validation,Nick Nolte,nodementia,nodementia/Nick Nolte/NickNolte_2.wav,NickNolte_2,9,C:\Users\sricb\OneDrive\Desktop\AI dementia dection\AI-Powered-Multimodal-Dementia-System\data\audio\features\mfcc\validation\Nick Nolte\NickNolte_2_chunk_009.npy,40,313,False
validation,Nick Nolte,nodementia,nodementia/Nick Nolte/NickNolte_2.wav,NickNolte_2,10,C:\Users\sricb\OneDrive\Desktop\AI dementia dection\AI-Powered-Multimodal-Dementia-System\data\audio\features\mfcc\validation\Nick Nolte\NickNolte_2_chunk_010.npy,40,313,False
validation,Nick Nolte,nodementia,nodementia/Nick Nolte/NickNolte_2.wav,NickNolte_2,11,C:\Users\sricb\OneDrive\Desktop\AI dementia dection\AI-Powered-Multimodal-Dementia-System\data\audio\features\mfcc\validation\Nick Nolte\NickNolte_2_chunk_011.npy,40,313,False
validation,Nick Nolte,nodementia,nodementia/Nick Nolte/NickNolte_2.wav,NickNolte_2,12,C:\Users\sricb\OneDrive\Desktop\AI dementia dection\AI-Powered-Multimodal-Dementia-System\data\audio\features\mfcc\validation\Nick Nolte\NickNolte_2_chunk_012.npy,40,313,False
validation,Nick Nolte,nodementia,nodementia/Nick Nolte/NickNolte_2.wav,NickNolte_2,13,C:\Users\sricb\OneDrive\Desktop\AI dementia dection\AI-Powered-Multimodal-Dementia-System\data\audio\features\mfcc\validation\Nick Nolte\NickNolte_2_chunk_013.npy,40,313,False
validation,Nick Nolte,nodementia,nodementia/Nick Nolte/NickNolte_2.wav,NickNolte_2,14,C:\Users\sricb\OneDrive\Desktop\AI dementia dection\AI-Powered-Multimodal-Dementia-System\data\audio\features\mfcc\validation\Nick Nolte\NickNolte_2_chunk_014.npy,40,313,False
validation,Nick Nolte,nodementia,nodementia/Nick Nolte/NickNolte_2.wav,NickNolte_2,15,C:\Users\sricb\OneDrive\Desktop\AI dementia dection\AI-Powered-Multimodal-Dementia-System\data\audio\features\mfcc\validation\Nick Nolte\NickNolte_2_chunk_015.npy,40,313,False
validation,Nick Nolte,nodementia,nodementia/Nick Nolte/NickNolte_2.wav,NickNolte_2,16,C:\Users\sricb\OneDrive\Desktop\AI dementia dection\AI-Powered-Multimodal-Dementia-System\data\audio\features\mfcc\validation\Nick Nolte\NickNolte_2_chunk_016.npy,40,313,False
validation,Nick Nolte,nodementia,nodementia/Nick Nolte/NickNolte_2.wav,NickNolte_2,17,C:\Users\sricb\OneDrive\Desktop\AI dementia dection\AI-Powered-Multimodal-Dementia-System\data\audio\features\mfcc\validation\Nick Nolte\NickNolte_2_chunk_017.npy,40,313,False
validation,Nick Nolte,nodementia,nodementia/Nick Nolte/NickNolte_2.wav,NickNolte_2,18,C:\Users\sricb\OneDrive\Desktop\AI dementia dection\AI-Powered-Multimodal-Dementia-System\data\audio\features\mfcc\validation\Nick Nolte\NickNolte_2_chunk_018.npy,40,313,True
validation,Nick Nolte,nodementia,nodementia/Nick Nolte/NickNolte_3.wav,NickNolte_3,1,C:\Users\sricb\OneDrive\Desktop\AI dementia dection\AI-Powered-Multimodal-Dementia-System\data\audio\features\mfcc\validation\Nick Nolte\NickNolte_3_chunk_001.npy,40,313,False
validation,Nick Nolte,nodementia,nodementia/Nick Nolte/NickNolte_3.wav,NickNolte_3,2,C:\Users\sricb\OneDrive\Desktop\AI dementia dection\AI-Powered-Multimodal-Dementia-System\data\audio\features\mfcc\validation\Nick Nolte\NickNolte_3_chunk_002.npy,40,313,False
validation,Nick Nolte,nodementia,nodementia/Nick Nolte/NickNolte_3.wav,NickNolte_3,3,C:\Users\sricb\OneDrive\Desktop\AI dementia dection\AI-Powered-Multimodal-Dementia-System\data\audio\features\mfcc\validation\Nick Nolte\NickNolte_3_chunk_003.npy,40,313,False
validation,Nick Nolte,nodementia,nodementia/Nick Nolte/NickNolte_3.wav,NickNolte_3,4,C:\Users\sricb\OneDrive\Desktop\AI dementia dection\AI-Powered-Multimodal-Dementia-System\data\audio\features\mfcc\validation\Nick Nolte\NickNolte_3_chunk_004.npy,40,313,False
validation,Nick Nolte,nodementia,nodementia/Nick Nolte/NickNolte_3.wav,NickNolte_3,5,C:\Users\sricb\OneDrive\Desktop\AI dementia dection\AI-Powered-Multimodal-Dementia-System\data\audio\features\mfcc\validation\Nick Nolte\NickNolte_3_chunk_005.npy,40,313,False
validation,Nick Nolte,nodementia,nodementia/Nick Nolte/NickNolte_3.wav,NickNolte_3,6,C:\Users\sricb\OneDrive\Desktop\AI dementia dection\AI-Powered-Multimodal-Dementia-System\data\audio\features\mfcc\validation\Nick Nolte\NickNolte_3_chunk_006.npy,40,313,False
validation,Nick Nolte,nodementia,nodementia/Nick Nolte/NickNolte_3.wav,NickNolte_3,7,C:\Users\sricb\OneDrive\Desktop\AI dementia dection\AI-Powered-Multimodal-Dementia-System\data\audio\features\mfcc\validation\Nick Nolte\NickNolte_3_chunk_007.npy,40,313,False
validation,Nick Nolte,nodementia,nodementia/Nick Nolte/NickNolte_3.wav,NickNolte_3,8,C:\Users\sricb\OneDrive\Desktop\AI dementia dection\AI-Powered-Multimodal-Dementia-System\data\audio\features\mfcc\validation\Nick Nolte\NickNolte_3_chunk_008.npy,40,313,False
validation,Nick Nolte,nodementia,nodementia/Nick Nolte/NickNolte_3.wav,NickNolte_3,9,C:\Users\sricb\OneDrive\Desktop\AI dementia dection\AI-Powered-Multimodal-Dementia-System\data\audio\features\mfcc\validation\Nick Nolte\NickNolte_3_chunk_009.npy,40,313,False
validation,Nick Nolte,nodementia,nodementia/Nick Nolte/NickNolte_3.wav,NickNolte_3,10,C:\Users\sricb\OneDrive\Desktop\AI dementia dection\AI-Powered-Multimodal-Dementia-System\data\audio\features\mfcc\validation\Nick Nolte\NickNolte_3_chunk_010.npy,40,313,False
validation,Nick Nolte,nodementia,nodementia/Nick Nolte/NickNolte_3.wav,NickNolte_3,11,C:\Users\sricb\OneDrive\Desktop\AI dementia dection\AI-Powered-Multimodal-Dementia-System\data\audio\features\mfcc\validation\Nick Nolte\NickNolte_3_chunk_011.npy,40,313,False
validation,Nick Nolte,nodementia,nodementia/Nick Nolte/NickNolte_3.wav,NickNolte_3,12,C:\Users\sricb\OneDrive\Desktop\AI dementia dection\AI-Powered-Multimodal-Dementia-System\data\audio\features\mfcc\validation\Nick Nolte\NickNolte_3_chunk_012.npy,40,313,False
validation,Nick Nolte,nodementia,nodementia/Nick Nolte/NickNolte_3.wav,NickNolte_3,13,C:\Users\sricb\OneDrive\Desktop\AI dementia dection\AI-Powered-Multimodal-Dementia-System\data\audio\features\mfcc\validation\Nick Nolte\NickNolte_3_chunk_013.npy,40,313,False
validation,Nick Nolte,nodementia,nodementia/Nick Nolte/NickNolte_3.wav,NickNolte_3,14,C:\Users\sricb\OneDrive\Desktop\AI dementia dection\AI-Powered-Multimodal-Dementia-System\data\audio\features\mfcc\validation\Nick Nolte\NickNolte_3_chunk_014.npy,40,313,False
validation,Nick Nolte,nodementia,nodementia/Nick Nolte/NickNolte_3.wav,NickNolte_3,15,C:\Users\sricb\OneDrive\Desktop\AI dementia dection\AI-Powered-Multimodal-Dementia-System\data\audio\features\mfcc\validation\Nick Nolte\NickNolte_3_chunk_015.npy,40,313,False
validation,Nick Nolte,nodementia,nodementia/Nick Nolte/NickNolte_3.wav,NickNolte_3,16,C:\Users\sricb\OneDrive\Desktop\AI dementia dection\AI-Powered-Multimodal-Dementia-System\data\audio\features\mfcc\validation\Nick Nolte\NickNolte_3_chunk_016.npy,40,313,False
validation,Nick Nolte,nodementia,nodementia/Nick Nolte/NickNolte_3.wav,NickNolte_3,17,C:\Users\sricb\OneDrive\Desktop\AI dementia dection\AI-Powered-Multimodal-Dementia-System\data\audio\features\mfcc\validation\Nick Nolte\NickNolte_3_chunk_017.npy,40,313,False
validation,Nick Nolte,nodementia,nodementia/Nick Nolte/NickNolte_3.wav,NickNolte_3,18,C:\Users\sricb\OneDrive\Desktop\AI dementia dection\AI-Powered-Multimodal-Dementia-System\data\audio\features\mfcc\validation\Nick Nolte\NickNolte_3_chunk_018.npy,40,313,True
validation,Richard Donner,nodementia,nodementia/Richard Donner/RichardDonner_2.wav,RichardDonner_2,1,C:\Users\sricb\OneDrive\Desktop\AI dementia dection\AI-Powered-Multimodal-Dementia-System\data\audio\features\mfcc\validation\Richard Donner\RichardDonner_2_chunk_001.npy,40,313,False
validation,Richard Donner,nodementia,nodementia/Richard Donner/RichardDonner_2.wav,RichardDonner_2,2,C:\Users\sricb\OneDrive\Desktop\AI dementia dection\AI-Powered-Multimodal-Dementia-System\data\audio\features\mfcc\validation\Richard Donner\RichardDonner_2_chunk_002.npy,40,313,False
validation,Richard Donner,nodementia,nodementia/Richard Donner/RichardDonner_2.wav,RichardDonner_2,3,C:\Users\sricb\OneDrive\Desktop\AI dementia dection\AI-Powered-Multimodal-Dementia-System\data\audio\features\mfcc\validation\Richard Donner\RichardDonner_2_chunk_003.npy,40,313,False
validation,Richard Donner,nodementia,nodementia/Richard Donner/RichardDonner_2.wav,RichardDonner_2,4,C:\Users\sricb\OneDrive\Desktop\AI dementia dection\AI-Powered-Multimodal-Dementia-System\data\audio\features\mfcc\validation\Richard Donner\RichardDonner_2_chunk_004.npy,40,313,False
validation,Richard Donner,nodementia,nodementia/Richard Donner/RichardDonner_2.wav,RichardDonner_2,5,C:\Users\sricb\OneDrive\Desktop\AI dementia dection\AI-Powered-Multimodal-Dementia-System\data\audio\features\mfcc\validation\Richard Donner\RichardDonner_2_chunk_005.npy,40,313,False
validation,Richard Donner,nodementia,nodementia/Richard Donner/RichardDonner_2.wav,RichardDonner_2,6,C:\Users\sricb\OneDrive\Desktop\AI dementia dection\AI-Powered-Multimodal-Dementia-System\data\audio\features\mfcc\validation\Richard Donner\RichardDonner_2_chunk_006.npy,40,313,False
validation,Richard Donner,nodementia,nodementia/Richard Donner/RichardDonner_2.wav,RichardDonner_2,7,C:\Users\sricb\OneDrive\Desktop\AI dementia dection\AI-Powered-Multimodal-Dementia-System\data\audio\features\mfcc\validation\Richard Donner\RichardDonner_2_chunk_007.npy,40,313,False
validation,Richard Donner,nodementia,nodementia/Richard Donner/RichardDonner_2.wav,RichardDonner_2,8,C:\Users\sricb\OneDrive\Desktop\AI dementia dection\AI-Powered-Multimodal-Dementia-System\data\audio\features\mfcc\validation\Richard Donner\RichardDonner_2_chunk_008.npy,40,313,False
validation,Richard Donner,nodementia,nodementia/Richard Donner/RichardDonner_2.wav,RichardDonner_2,9,C:\Users\sricb\OneDrive\Desktop\AI dementia dection\AI-Powered-Multimodal-Dementia-System\data\audio\features\mfcc\validation\Richard Donner\RichardDonner_2_chunk_009.npy,40,313,False
validation,Richard Donner,nodementia,nodementia/Richard Donner/RichardDonner_2.wav,RichardDonner_2,10,C:\Users\sricb\OneDrive\Desktop\AI dementia dection\AI-Powered-Multimodal-Dementia-System\data\audio\features\mfcc\validation\Richard Donner\RichardDonner_2_chunk_010.npy,40,313,False
validation,Richard Donner,nodementia,nodementia/Richard Donner/RichardDonner_2.wav,RichardDonner_2,11,C:\Users\sricb\OneDrive\Desktop\AI dementia dection\AI-Powered-Multimodal-Dementia-System\data\audio\features\mfcc\validation\Richard Donner\RichardDonner_2_chunk_011.npy,40,313,False
validation,Richard Donner,nodementia,nodementia/Richard Donner/RichardDonner_2.wav,RichardDonner_2,12,C:\Users\sricb\OneDrive\Desktop\AI dementia dection\AI-Powered-Multimodal-Dementia-System\data\audio\features\mfcc\validation\Richard Donner\RichardDonner_2_chunk_012.npy,40,313,False
validation,Richard Donner,nodementia,nodementia/Richard Donner/RichardDonner_2.wav,RichardDonner_2,13,C:\Users\sricb\OneDrive\Desktop\AI dementia dection\AI-Powered-Multimodal-Dementia-System\data\audio\features\mfcc\validation\Richard Donner\RichardDonner_2_chunk_013.npy,40,313,False
validation,Richard Donner,nodementia,nodementia/Richard Donner/RichardDonner_2.wav,RichardDonner_2,14,C:\Users\sricb\OneDrive\Desktop\AI dementia dection\AI-Powered-Multimodal-Dementia-System\data\audio\features\mfcc\validation\Richard Donner\RichardDonner_2_chunk_014.npy,40,313,False
validation,Richard Donner,nodementia,nodementia/Richard Donner/RichardDonner_2.wav,RichardDonner_2,15,C:\Users\sricb\OneDrive\Desktop\AI dementia dection\AI-Powered-Multimodal-Dementia-System\data\audio\features\mfcc\validation\Richard Donner\RichardDonner_2_chunk_015.npy,40,313,False
validation,Richard Donner,nodementia,nodementia/Richard Donner/RichardDonner_2.wav,RichardDonner_2,16,C:\Users\sricb\OneDrive\Desktop\AI dementia dection\AI-Powered-Multimodal-Dementia-System\data\audio\features\mfcc\validation\Richard Donner\RichardDonner_2_chunk_016.npy,40,313,True
validation,Richard Donner,nodementia,nodementia/Richard Donner/RichardDonner_2.wav,RichardDonner_2,17,C:\Users\sricb\OneDrive\Desktop\AI dementia dection\AI-Powered-Multimodal-Dementia-System\data\audio\features\mfcc\validation\Richard Donner\RichardDonner_2_chunk_017.npy,40,313,True
validation,Richard Donner,nodementia,nodementia/Richard Donner/RichardDonner_3.wav,RichardDonner_3,1,C:\Users\sricb\OneDrive\Desktop\AI dementia dection\AI-Powered-Multimodal-Dementia-System\data\audio\features\mfcc\validation\Richard Donner\RichardDonner_3_chunk_001.npy,40,313,False
validation,Richard Donner,nodementia,nodementia/Richard Donner/RichardDonner_3.wav,RichardDonner_3,2,C:\Users\sricb\OneDrive\Desktop\AI dementia dection\AI-Powered-Multimodal-Dementia-System\data\audio\features\mfcc\validation\Richard Donner\RichardDonner_3_chunk_002.npy,40,313,False
validation,Richard Donner,nodementia,nodementia/Richard Donner/RichardDonner_3.wav,RichardDonner_3,3,C:\Users\sricb\OneDrive\Desktop\AI dementia dection\AI-Powered-Multimodal-Dementia-System\data\audio\features\mfcc\validation\Richard Donner\RichardDonner_3_chunk_003.npy,40,313,False
validation,Richard Donner,nodementia,nodementia/Richard Donner/RichardDonner_3.wav,RichardDonner_3,4,C:\Users\sricb\OneDrive\Desktop\AI dementia dection\AI-Powered-Multimodal-Dementia-System\data\audio\features\mfcc\validation\Richard Donner\RichardDonner_3_chunk_004.npy,40,313,False
validation,Richard Donner,nodementia,nodementia/Richard Donner/RichardDonner_3.wav,RichardDonner_3,5,C:\Users\sricb\OneDrive\Desktop\AI dementia dection\AI-Powered-Multimodal-Dementia-System\data\audio\features\mfcc\validation\Richard Donner\RichardDonner_3_chunk_005.npy,40,313,False
validation,Richard Donner,nodementia,nodementia/Richard Donner/RichardDonner_3.wav,RichardDonner_3,6,C:\Users\sricb\OneDrive\Desktop\AI dementia dection\AI-Powered-Multimodal-Dementia-System\data\audio\features\mfcc\validation\Richard Donner\RichardDonner_3_chunk_006.npy,40,313,False
validation,Richard Donner,nodementia,nodementia/Richard Donner/RichardDonner_3.wav,RichardDonner_3,7,C:\Users\sricb\OneDrive\Desktop\AI dementia dection\AI-Powered-Multimodal-Dementia-System\data\audio\features\mfcc\validation\Richard Donner\RichardDonner_3_chunk_007.npy,40,313,False
validation,Richard Donner,nodementia,nodementia/Richard Donner/RichardDonner_3.wav,RichardDonner_3,8,C:\Users\sricb\OneDrive\Desktop\AI dementia dection\AI-Powered-Multimodal-Dementia-System\data\audio\features\mfcc\validation\Richard Donner\RichardDonner_3_chunk_008.npy,40,313,False
validation,Richard Donner,nodementia,nodementia/Richard Donner/RichardDonner_3.wav,RichardDonner_3,9,C:\Users\sricb\OneDrive\Desktop\AI dementia dection\AI-Powered-Multimodal-Dementia-System\data\audio\features\mfcc\validation\Richard Donner\RichardDonner_3_chunk_009.npy,40,313,False
validation,Richard Donner,nodementia,nodementia/Richard Donner/RichardDonner_3.wav,RichardDonner_3,10,C:\Users\sricb\OneDrive\Desktop\AI dementia dection\AI-Powered-Multimodal-Dementia-System\data\audio\features\mfcc\validation\Richard Donner\RichardDonner_3_chunk_010.npy,40,313,False
validation,Richard Donner,nodementia,nodementia/Richard Donner/RichardDonner_3.wav,RichardDonner_3,11,C:\Users\sricb\OneDrive\Desktop\AI dementia dection\AI-Powered-Multimodal-Dementia-System\data\audio\features\mfcc\validation\Richard Donner\RichardDonner_3_chunk_011.npy,40,313,False
validation,Richard Donner,nodementia,nodementia/Richard Donner/RichardDonner_3.wav,RichardDonner_3,12,C:\Users\sricb\OneDrive\Desktop\AI dementia dection\AI-Powered-Multimodal-Dementia-System\data\audio\features\mfcc\validation\Richard Donner\RichardDonner_3_chunk_012.npy,40,313,False
validation,Richard Donner,nodementia,nodementia/Richard Donner/RichardDonner_3.wav,RichardDonner_3,13,C:\Users\sricb\OneDrive\Desktop\AI dementia dection\AI-Powered-Multimodal-Dementia-System\data\audio\features\mfcc\validation\Richard Donner\RichardDonner_3_chunk_013.npy,40,313,False
validation,Richard Donner,nodementia,nodementia/Richard Donner/RichardDonner_3.wav,RichardDonner_3,14,C:\Users\sricb\OneDrive\Desktop\AI dementia dection\AI-Powered-Multimodal-Dementia-System\data\audio\features\mfcc\validation\Richard Donner\RichardDonner_3_chunk_014.npy,40,313,False
validation,Richard Donner,nodementia,nodementia/Richard Donner/RichardDonner_3.wav,RichardDonner_3,15,C:\Users\sricb\OneDrive\Desktop\AI dementia dection\AI-Powered-Multimodal-Dementia-System\data\audio\features\mfcc\validation\Richard Donner\RichardDonner_3_chunk_015.npy,40,313,False
validation,Richard Donner,nodementia,nodementia/Richard Donner/RichardDonner_3.wav,RichardDonner_3,16,C:\Users\sricb\OneDrive\Desktop\AI dementia dection\AI-Powered-Multimodal-Dementia-System\data\audio\features\mfcc\validation\Richard Donner\RichardDonner_3_chunk_016.npy,40,313,False
validation,Richard Donner,nodementia,nodementia/Richard Donner/RichardDonner_3.wav,RichardDonner_3,17,C:\Users\sricb\OneDrive\Desktop\AI dementia dection\AI-Powered-Multimodal-Dementia-System\data\audio\features\mfcc\validation\Richard Donner\RichardDonner_3_chunk_017.npy,40,313,False
validation,Richard Donner,nodementia,nodementia/Richard Donner/RichardDonner_3.wav,RichardDonner_3,18,C:\Users\sricb\OneDrive\Desktop\AI dementia dection\AI-Powered-Multimodal-Dementia-System\data\audio\features\mfcc\validation\Richard Donner\RichardDonner_3_chunk_018.npy,40,313,True
validation,Robert Vaughn,nodementia,nodementia/Robert Vaughn/RobertVaughn_1.wav,RobertVaughn_1,1,C:\Users\sricb\OneDrive\Desktop\AI dementia dection\AI-Powered-Multimodal-Dementia-System\data\audio\features\mfcc\validation\Robert Vaughn\RobertVaughn_1_chunk_001.npy,40,313,False
validation,Robert Vaughn,nodementia,nodementia/Robert Vaughn/RobertVaughn_1.wav,RobertVaughn_1,2,C:\Users\sricb\OneDrive\Desktop\AI dementia dection\AI-Powered-Multimodal-Dementia-System\data\audio\features\mfcc\validation\Robert Vaughn\RobertVaughn_1_chunk_002.npy,40,313,False
validation,Robert Vaughn,nodementia,nodementia/Robert Vaughn/RobertVaughn_1.wav,RobertVaughn_1,3,C:\Users\sricb\OneDrive\Desktop\AI dementia dection\AI-Powered-Multimodal-Dementia-System\data\audio\features\mfcc\validation\Robert Vaughn\RobertVaughn_1_chunk_003.npy,40,313,False
validation,Robert Vaughn,nodementia,nodementia/Robert Vaughn/RobertVaughn_1.wav,RobertVaughn_1,4,C:\Users\sricb\OneDrive\Desktop\AI dementia dection\AI-Powered-Multimodal-Dementia-System\data\audio\features\mfcc\validation\Robert Vaughn\RobertVaughn_1_chunk_004.npy,40,313,False
validation,Robert Vaughn,nodementia,nodementia/Robert Vaughn/RobertVaughn_1.wav,RobertVaughn_1,5,C:\Users\sricb\OneDrive\Desktop\AI dementia dection\AI-Powered-Multimodal-Dementia-System\data\audio\features\mfcc\validation\Robert Vaughn\RobertVaughn_1_chunk_005.npy,40,313,False
validation,Robert Vaughn,nodementia,nodementia/Robert Vaughn/RobertVaughn_1.wav,RobertVaughn_1,6,C:\Users\sricb\OneDrive\Desktop\AI dementia dection\AI-Powered-Multimodal-Dementia-System\data\audio\features\mfcc\validation\Robert Vaughn\RobertVaughn_1_chunk_006.npy,40,313,False
validation,Robert Vaughn,nodementia,nodementia/Robert Vaughn/RobertVaughn_1.wav,RobertVaughn_1,7,C:\Users\sricb\OneDrive\Desktop\AI dementia dection\AI-Powered-Multimodal-Dementia-System\data\audio\features\mfcc\validation\Robert Vaughn\RobertVaughn_1_chunk_007.npy,40,313,False
validation,Robert Vaughn,nodementia,nodementia/Robert Vaughn/RobertVaughn_1.wav,RobertVaughn_1,8,C:\Users\sricb\OneDrive\Desktop\AI dementia dection\AI-Powered-Multimodal-Dementia-System\data\audio\features\mfcc\validation\Robert Vaughn\RobertVaughn_1_chunk_008.npy,40,313,False
validation,Robert Vaughn,nodementia,nodementia/Robert Vaughn/RobertVaughn_1.wav,RobertVaughn_1,9,C:\Users\sricb\OneDrive\Desktop\AI dementia dection\AI-Powered-Multimodal-Dementia-System\data\audio\features\mfcc\validation\Robert Vaughn\RobertVaughn_1_chunk_009.npy,40,313,False
validation,Robert Vaughn,nodementia,nodementia/Robert Vaughn/RobertVaughn_1.wav,RobertVaughn_1,10,C:\Users\sricb\OneDrive\Desktop\AI dementia dection\AI-Powered-Multimodal-Dementia-System\data\audio\features\mfcc\validation\Robert Vaughn\RobertVaughn_1_chunk_010.npy,40,313,False
validation,Robert Vaughn,nodementia,nodementia/Robert Vaughn/RobertVaughn_1.wav,RobertVaughn_1,11,C:\Users\sricb\OneDrive\Desktop\AI dementia dection\AI-Powered-Multimodal-Dementia-System\data\audio\features\mfcc\validation\Robert Vaughn\RobertVaughn_1_chunk_011.npy,40,313,False
validation,Robert Vaughn,nodementia,nodementia/Robert Vaughn/RobertVaughn_1.wav,RobertVaughn_1,12,C:\Users\sricb\OneDrive\Desktop\AI dementia dection\AI-Powered-Multimodal-Dementia-System\data\audio\features\mfcc\validation\Robert Vaughn\RobertVaughn_1_chunk_012.npy,40,313,False
validation,Robert Vaughn,nodementia,nodementia/Robert Vaughn/RobertVaughn_1.wav,RobertVaughn_1,13,C:\Users\sricb\OneDrive\Desktop\AI dementia dection\AI-Powered-Multimodal-Dementia-System\data\audio\features\mfcc\validation\Robert Vaughn\RobertVaughn_1_chunk_013.npy,40,313,False
validation,Robert Vaughn,nodementia,nodementia/Robert Vaughn/RobertVaughn_1.wav,RobertVaughn_1,14,C:\Users\sricb\OneDrive\Desktop\AI dementia dection\AI-Powered-Multimodal-Dementia-System\data\audio\features\mfcc\validation\Robert Vaughn\RobertVaughn_1_chunk_014.npy,40,313,False
validation,Robert Vaughn,nodementia,nodementia/Robert Vaughn/RobertVaughn_1.wav,RobertVaughn_1,15,C:\Users\sricb\OneDrive\Desktop\AI dementia dection\AI-Powered-Multimodal-Dementia-System\data\audio\features\mfcc\validation\Robert Vaughn\RobertVaughn_1_chunk_015.npy,40,313,False
validation,Robert Vaughn,nodementia,nodementia/Robert Vaughn/RobertVaughn_1.wav,RobertVaughn_1,16,C:\Users\sricb\OneDrive\Desktop\AI dementia dection\AI-Powered-Multimodal-Dementia-System\data\audio\features\mfcc\validation\Robert Vaughn\RobertVaughn_1_chunk_016.npy,40,313,True
validation,Robert Vaughn,nodementia,nodementia/Robert Vaughn/RobertVaughn_1.wav,RobertVaughn_1,17,C:\Users\sricb\OneDrive\Desktop\AI dementia dection\AI-Powered-Multimodal-Dementia-System\data\audio\features\mfcc\validation\Robert Vaughn\RobertVaughn_1_chunk_017.npy,40,313,True
validation,Robert Vaughn,nodementia,nodementia/Robert Vaughn/RobertVaughn_2.wav,RobertVaughn_2,1,C:\Users\sricb\OneDrive\Desktop\AI dementia dection\AI-Powered-Multimodal-Dementia-System\data\audio\features\mfcc\validation\Robert Vaughn\RobertVaughn_2_chunk_001.npy,40,313,False
validation,Robert Vaughn,nodementia,nodementia/Robert Vaughn/RobertVaughn_2.wav,RobertVaughn_2,2,C:\Users\sricb\OneDrive\Desktop\AI dementia dection\AI-Powered-Multimodal-Dementia-System\data\audio\features\mfcc\validation\Robert Vaughn\RobertVaughn_2_chunk_002.npy,40,313,False
validation,Robert Vaughn,nodementia,nodementia/Robert Vaughn/RobertVaughn_2.wav,RobertVaughn_2,3,C:\Users\sricb\OneDrive\Desktop\AI dementia dection\AI-Powered-Multimodal-Dementia-System\data\audio\features\mfcc\validation\Robert Vaughn\RobertVaughn_2_chunk_003.npy,40,313,False
validation,Robert Vaughn,nodementia,nodementia/Robert Vaughn/RobertVaughn_2.wav,RobertVaughn_2,4,C:\Users\sricb\OneDrive\Desktop\AI dementia dection\AI-Powered-Multimodal-Dementia-System\data\audio\features\mfcc\validation\Robert Vaughn\RobertVaughn_2_chunk_004.npy,40,313,False
validation,Robert Vaughn,nodementia,nodementia/Robert Vaughn/RobertVaughn_2.wav,RobertVaughn_2,5,C:\Users\sricb\OneDrive\Desktop\AI dementia dection\AI-Powered-Multimodal-Dementia-System\data\audio\features\mfcc\validation\Robert Vaughn\RobertVaughn_2_chunk_005.npy,40,313,False
validation,Robert Vaughn,nodementia,nodementia/Robert Vaughn/RobertVaughn_2.wav,RobertVaughn_2,6,C:\Users\sricb\OneDrive\Desktop\AI dementia dection\AI-Powered-Multimodal-Dementia-System\data\audio\features\mfcc\validation\Robert Vaughn\RobertVaughn_2_chunk_006.npy,40,313,False
validation,Robert Vaughn,nodementia,nodementia/Robert Vaughn/RobertVaughn_2.wav,RobertVaughn_2,7,C:\Users\sricb\OneDrive\Desktop\AI dementia dection\AI-Powered-Multimodal-Dementia-System\data\audio\features\mfcc\validation\Robert Vaughn\RobertVaughn_2_chunk_007.npy,40,313,False
validation,Robert Vaughn,nodementia,nodementia/Robert Vaughn/RobertVaughn_2.wav,RobertVaughn_2,8,C:\Users\sricb\OneDrive\Desktop\AI dementia dection\AI-Powered-Multimodal-Dementia-System\data\audio\features\mfcc\validation\Robert Vaughn\RobertVaughn_2_chunk_008.npy,40,313,False
validation,Robert Vaughn,nodementia,nodementia/Robert Vaughn/RobertVaughn_2.wav,RobertVaughn_2,9,C:\Users\sricb\OneDrive\Desktop\AI dementia dection\AI-Powered-Multimodal-Dementia-System\data\audio\features\mfcc\validation\Robert Vaughn\RobertVaughn_2_chunk_009.npy,40,313,False
validation,Robert Vaughn,nodementia,nodementia/Robert Vaughn/RobertVaughn_2.wav,RobertVaughn_2,10,C:\Users\sricb\OneDrive\Desktop\AI dementia dection\AI-Powered-Multimodal-Dementia-System\data\audio\features\mfcc\validation\Robert Vaughn\RobertVaughn_2_chunk_010.npy,40,313,False
validation,Robert Vaughn,nodementia,nodementia/Robert Vaughn/RobertVaughn_2.wav,RobertVaughn_2,11,C:\Users\sricb\OneDrive\Desktop\AI dementia dection\AI-Powered-Multimodal-Dementia-System\data\audio\features\mfcc\validation\Robert Vaughn\RobertVaughn_2_chunk_011.npy,40,313,False
validation,Robert Vaughn,nodementia,nodementia/Robert Vaughn/RobertVaughn_2.wav,RobertVaughn_2,12,C:\Users\sricb\OneDrive\Desktop\AI dementia dection\AI-Powered-Multimodal-Dementia-System\data\audio\features\mfcc\validation\Robert Vaughn\RobertVaughn_2_chunk_012.npy,40,313,False
validation,Robert Vaughn,nodementia,nodementia/Robert Vaughn/RobertVaughn_2.wav,RobertVaughn_2,13,C:\Users\sricb\OneDrive\Desktop\AI dementia dection\AI-Powered-Multimodal-Dementia-System\data\audio\features\mfcc\validation\Robert Vaughn\RobertVaughn_2_chunk_013.npy,40,313,False
validation,Robert Vaughn,nodementia,nodementia/Robert Vaughn/RobertVaughn_2.wav,RobertVaughn_2,14,C:\Users\sricb\OneDrive\Desktop\AI dementia dection\AI-Powered-Multimodal-Dementia-System\data\audio\features\mfcc\validation\Robert Vaughn\RobertVaughn_2_chunk_014.npy,40,313,False
validation,Robert Vaughn,nodementia,nodementia/Robert Vaughn/RobertVaughn_2.wav,RobertVaughn_2,15,C:\Users\sricb\OneDrive\Desktop\AI dementia dection\AI-Powered-Multimodal-Dementia-System\data\audio\features\mfcc\validation\Robert Vaughn\RobertVaughn_2_chunk_015.npy,40,313,False
validation,Robert Vaughn,nodementia,nodementia/Robert Vaughn/RobertVaughn_2.wav,RobertVaughn_2,16,C:\Users\sricb\OneDrive\Desktop\AI dementia dection\AI-Powered-Multimodal-Dementia-System\data\audio\features\mfcc\validation\Robert Vaughn\RobertVaughn_2_chunk_016.npy,40,313,False
validation,Robert Vaughn,nodementia,nodementia/Robert Vaughn/RobertVaughn_2.wav,RobertVaughn_2,17,C:\Users\sricb\OneDrive\Desktop\AI dementia dection\AI-Powered-Multimodal-Dementia-System\data\audio\features\mfcc\validation\Robert Vaughn\RobertVaughn_2_chunk_017.npy,40,313,False
validation,Robert Vaughn,nodementia,nodementia/Robert Vaughn/RobertVaughn_2.wav,RobertVaughn_2,18,C:\Users\sricb\OneDrive\Desktop\AI dementia dection\AI-Powered-Multimodal-Dementia-System\data\audio\features\mfcc\validation\Robert Vaughn\RobertVaughn_2_chunk_018.npy,40,313,True
validation,Robert Vaughn,nodementia,nodementia/Robert Vaughn/RobertVaughn_3.wav,RobertVaughn_3,1,C:\Users\sricb\OneDrive\Desktop\AI dementia dection\AI-Powered-Multimodal-Dementia-System\data\audio\features\mfcc\validation\Robert Vaughn\RobertVaughn_3_chunk_001.npy,40,313,False
validation,Robert Vaughn,nodementia,nodementia/Robert Vaughn/RobertVaughn_3.wav,RobertVaughn_3,2,C:\Users\sricb\OneDrive\Desktop\AI dementia dection\AI-Powered-Multimodal-Dementia-System\data\audio\features\mfcc\validation\Robert Vaughn\RobertVaughn_3_chunk_002.npy,40,313,False
validation,Robert Vaughn,nodementia,nodementia/Robert Vaughn/RobertVaughn_3.wav,RobertVaughn_3,3,C:\Users\sricb\OneDrive\Desktop\AI dementia dection\AI-Powered-Multimodal-Dementia-System\data\audio\features\mfcc\validation\Robert Vaughn\RobertVaughn_3_chunk_003.npy,40,313,False
validation,Robert Vaughn,nodementia,nodementia/Robert Vaughn/RobertVaughn_3.wav,RobertVaughn_3,4,C:\Users\sricb\OneDrive\Desktop\AI dementia dection\AI-Powered-Multimodal-Dementia-System\data\audio\features\mfcc\validation\Robert Vaughn\RobertVaughn_3_chunk_004.npy,40,313,False
validation,Robert Vaughn,nodementia,nodementia/Robert Vaughn/RobertVaughn_3.wav,RobertVaughn_3,5,C:\Users\sricb\OneDrive\Desktop\AI dementia dection\AI-Powered-Multimodal-Dementia-System\data\audio\features\mfcc\validation\Robert Vaughn\RobertVaughn_3_chunk_005.npy,40,313,False
validation,Robert Vaughn,nodementia,nodementia/Robert Vaughn/RobertVaughn_3.wav,RobertVaughn_3,6,C:\Users\sricb\OneDrive\Desktop\AI dementia dection\AI-Powered-Multimodal-Dementia-System\data\audio\features\mfcc\validation\Robert Vaughn\RobertVaughn_3_chunk_006.npy,40,313,False
validation,Robert Vaughn,nodementia,nodementia/Robert Vaughn/RobertVaughn_3.wav,RobertVaughn_3,7,C:\Users\sricb\OneDrive\Desktop\AI dementia dection\AI-Powered-Multimodal-Dementia-System\data\audio\features\mfcc\validation\Robert Vaughn\RobertVaughn_3_chunk_007.npy,40,313,False
validation,Robert Vaughn,nodementia,nodementia/Robert Vaughn/RobertVaughn_3.wav,RobertVaughn_3,8,C:\Users\sricb\OneDrive\Desktop\AI dementia dection\AI-Powered-Multimodal-Dementia-System\data\audio\features\mfcc\validation\Robert Vaughn\RobertVaughn_3_chunk_008.npy,40,313,False
validation,Robert Vaughn,nodementia,nodementia/Robert Vaughn/RobertVaughn_3.wav,RobertVaughn_3,9,C:\Users\sricb\OneDrive\Desktop\AI dementia dection\AI-Powered-Multimodal-Dementia-System\data\audio\features\mfcc\validation\Robert Vaughn\RobertVaughn_3_chunk_009.npy,40,313,False
validation,Robert Vaughn,nodementia,nodementia/Robert Vaughn/RobertVaughn_3.wav,RobertVaughn_3,10,C:\Users\sricb\OneDrive\Desktop\AI dementia dection\AI-Powered-Multimodal-Dementia-System\data\audio\features\mfcc\validation\Robert Vaughn\RobertVaughn_3_chunk_010.npy,40,313,False
validation,Robert Vaughn,nodementia,nodementia/Robert Vaughn/RobertVaughn_3.wav,RobertVaughn_3,11,C:\Users\sricb\OneDrive\Desktop\AI dementia dection\AI-Powered-Multimodal-Dementia-System\data\audio\features\mfcc\validation\Robert Vaughn\RobertVaughn_3_chunk_011.npy,40,313,False
validation,Robert Vaughn,nodementia,nodementia/Robert Vaughn/RobertVaughn_3.wav,RobertVaughn_3,12,C:\Users\sricb\OneDrive\Desktop\AI dementia dection\AI-Powered-Multimodal-Dementia-System\data\audio\features\mfcc\validation\Robert Vaughn\RobertVaughn_3_chunk_012.npy,40,313,False
validation,Robert Vaughn,nodementia,nodementia/Robert Vaughn/RobertVaughn_3.wav,RobertVaughn_3,13,C:\Users\sricb\OneDrive\Desktop\AI dementia dection\AI-Powered-Multimodal-Dementia-System\data\audio\features\mfcc\validation\Robert Vaughn\RobertVaughn_3_chunk_013.npy,40,313,False
validation,Robert Vaughn,nodementia,nodementia/Robert Vaughn/RobertVaughn_3.wav,RobertVaughn_3,14,C:\Users\sricb\OneDrive\Desktop\AI dementia dection\AI-Powered-Multimodal-Dementia-System\data\audio\features\mfcc\validation\Robert Vaughn\RobertVaughn_3_chunk_014.npy,40,313,True
validation,Robert Vaughn,nodementia,nodementia/Robert Vaughn/RobertVaughn_3.wav,RobertVaughn_3,15,C:\Users\sricb\OneDrive\Desktop\AI dementia dection\AI-Powered-Multimodal-Dementia-System\data\audio\features\mfcc\validation\Robert Vaughn\RobertVaughn_3_chunk_015.npy,40,313,True
validation,Rupert Murdoch,nodementia,nodementia/Rupert Murdoch/RupertMurdoch_1.wav,RupertMurdoch_1,1,C:\Users\sricb\OneDrive\Desktop\AI dementia dection\AI-Powered-Multimodal-Dementia-System\data\audio\features\mfcc\validation\Rupert Murdoch\RupertMurdoch_1_chunk_001.npy,40,313,False
validation,Rupert Murdoch,nodementia,nodementia/Rupert Murdoch/RupertMurdoch_1.wav,RupertMurdoch_1,2,C:\Users\sricb\OneDrive\Desktop\AI dementia dection\AI-Powered-Multimodal-Dementia-System\data\audio\features\mfcc\validation\Rupert Murdoch\RupertMurdoch_1_chunk_002.npy,40,313,False
validation,Rupert Murdoch,nodementia,nodementia/Rupert Murdoch/RupertMurdoch_1.wav,RupertMurdoch_1,3,C:\Users\sricb\OneDrive\Desktop\AI dementia dection\AI-Powered-Multimodal-Dementia-System\data\audio\features\mfcc\validation\Rupert Murdoch\RupertMurdoch_1_chunk_003.npy,40,313,False
validation,Rupert Murdoch,nodementia,nodementia/Rupert Murdoch/RupertMurdoch_1.wav,RupertMurdoch_1,4,C:\Users\sricb\OneDrive\Desktop\AI dementia dection\AI-Powered-Multimodal-Dementia-System\data\audio\features\mfcc\validation\Rupert Murdoch\RupertMurdoch_1_chunk_004.npy,40,313,False
validation,Rupert Murdoch,nodementia,nodementia/Rupert Murdoch/RupertMurdoch_1.wav,RupertMurdoch_1,5,C:\Users\sricb\OneDrive\Desktop\AI dementia dection\AI-Powered-Multimodal-Dementia-System\data\audio\features\mfcc\validation\Rupert Murdoch\RupertMurdoch_1_chunk_005.npy,40,313,False
validation,Rupert Murdoch,nodementia,nodementia/Rupert Murdoch/RupertMurdoch_1.wav,RupertMurdoch_1,6,C:\Users\sricb\OneDrive\Desktop\AI dementia dection\AI-Powered-Multimodal-Dementia-System\data\audio\features\mfcc\validation\Rupert Murdoch\RupertMurdoch_1_chunk_006.npy,40,313,False
validation,Rupert Murdoch,nodementia,nodementia/Rupert Murdoch/RupertMurdoch_1.wav,RupertMurdoch_1,7,C:\Users\sricb\OneDrive\Desktop\AI dementia dection\AI-Powered-Multimodal-Dementia-System\data\audio\features\mfcc\validation\Rupert Murdoch\RupertMurdoch_1_chunk_007.npy,40,313,False
validation,Rupert Murdoch,nodementia,nodementia/Rupert Murdoch/RupertMurdoch_1.wav,RupertMurdoch_1,8,C:\Users\sricb\OneDrive\Desktop\AI dementia dection\AI-Powered-Multimodal-Dementia-System\data\audio\features\mfcc\validation\Rupert Murdoch\RupertMurdoch_1_chunk_008.npy,40,313,False
validation,Rupert Murdoch,nodementia,nodementia/Rupert Murdoch/RupertMurdoch_1.wav,RupertMurdoch_1,9,C:\Users\sricb\OneDrive\Desktop\AI dementia dection\AI-Powered-Multimodal-Dementia-System\data\audio\features\mfcc\validation\Rupert Murdoch\RupertMurdoch_1_chunk_009.npy,40,313,False
validation,Rupert Murdoch,nodementia,nodementia/Rupert Murdoch/RupertMurdoch_1.wav,RupertMurdoch_1,10,C:\Users\sricb\OneDrive\Desktop\AI dementia dection\AI-Powered-Multimodal-Dementia-System\data\audio\features\mfcc\validation\Rupert Murdoch\RupertMurdoch_1_chunk_010.npy,40,313,False
validation,Rupert Murdoch,nodementia,nodementia/Rupert Murdoch/RupertMurdoch_1.wav,RupertMurdoch_1,11,C:\Users\sricb\OneDrive\Desktop\AI dementia dection\AI-Powered-Multimodal-Dementia-System\data\audio\features\mfcc\validation\Rupert Murdoch\RupertMurdoch_1_chunk_011.npy,40,313,False
validation,Rupert Murdoch,nodementia,nodementia/Rupert Murdoch/RupertMurdoch_1.wav,RupertMurdoch_1,12,C:\Users\sricb\OneDrive\Desktop\AI dementia dection\AI-Powered-Multimodal-Dementia-System\data\audio\features\mfcc\validation\Rupert Murdoch\RupertMurdoch_1_chunk_012.npy,40,313,False
validation,Rupert Murdoch,nodementia,nodementia/Rupert Murdoch/RupertMurdoch_1.wav,RupertMurdoch_1,13,C:\Users\sricb\OneDrive\Desktop\AI dementia dection\AI-Powered-Multimodal-Dementia-System\data\audio\features\mfcc\validation\Rupert Murdoch\RupertMurdoch_1_chunk_013.npy,40,313,False
validation,Rupert Murdoch,nodementia,nodementia/Rupert Murdoch/RupertMurdoch_1.wav,RupertMurdoch_1,14,C:\Users\sricb\OneDrive\Desktop\AI dementia dection\AI-Powered-Multimodal-Dementia-System\data\audio\features\mfcc\validation\Rupert Murdoch\RupertMurdoch_1_chunk_014.npy,40,313,False
validation,Rupert Murdoch,nodementia,nodementia/Rupert Murdoch/RupertMurdoch_1.wav,RupertMurdoch_1,15,C:\Users\sricb\OneDrive\Desktop\AI dementia dection\AI-Powered-Multimodal-Dementia-System\data\audio\features\mfcc\validation\Rupert Murdoch\RupertMurdoch_1_chunk_015.npy,40,313,True
validation,Rupert Murdoch,nodementia,nodementia/Rupert Murdoch/RupertMurdoch_1.wav,RupertMurdoch_1,16,C:\Users\sricb\OneDrive\Desktop\AI dementia dection\AI-Powered-Multimodal-Dementia-System\data\audio\features\mfcc\validation\Rupert Murdoch\RupertMurdoch_1_chunk_016.npy,40,313,True
validation,Rupert Murdoch,nodementia,nodementia/Rupert Murdoch/RupertMurdoch_2.wav,RupertMurdoch_2,1,C:\Users\sricb\OneDrive\Desktop\AI dementia dection\AI-Powered-Multimodal-Dementia-System\data\audio\features\mfcc\validation\Rupert Murdoch\RupertMurdoch_2_chunk_001.npy,40,313,False
validation,Rupert Murdoch,nodementia,nodementia/Rupert Murdoch/RupertMurdoch_2.wav,RupertMurdoch_2,2,C:\Users\sricb\OneDrive\Desktop\AI dementia dection\AI-Powered-Multimodal-Dementia-System\data\audio\features\mfcc\validation\Rupert Murdoch\RupertMurdoch_2_chunk_002.npy,40,313,False
validation,Rupert Murdoch,nodementia,nodementia/Rupert Murdoch/RupertMurdoch_2.wav,RupertMurdoch_2,3,C:\Users\sricb\OneDrive\Desktop\AI dementia dection\AI-Powered-Multimodal-Dementia-System\data\audio\features\mfcc\validation\Rupert Murdoch\RupertMurdoch_2_chunk_003.npy,40,313,False
validation,Rupert Murdoch,nodementia,nodementia/Rupert Murdoch/RupertMurdoch_2.wav,RupertMurdoch_2,4,C:\Users\sricb\OneDrive\Desktop\AI dementia dection\AI-Powered-Multimodal-Dementia-System\data\audio\features\mfcc\validation\Rupert Murdoch\RupertMurdoch_2_chunk_004.npy,40,313,False
validation,Rupert Murdoch,nodementia,nodementia/Rupert Murdoch/RupertMurdoch_2.wav,RupertMurdoch_2,5,C:\Users\sricb\OneDrive\Desktop\AI dementia dection\AI-Powered-Multimodal-Dementia-System\data\audio\features\mfcc\validation\Rupert Murdoch\RupertMurdoch_2_chunk_005.npy,40,313,True
validation,Rupert Murdoch,nodementia,nodementia/Rupert Murdoch/RupertMurdoch_2.wav,RupertMurdoch_2,6,C:\Users\sricb\OneDrive\Desktop\AI dementia dection\AI-Powered-Multimodal-Dementia-System\data\audio\features\mfcc\validation\Rupert Murdoch\RupertMurdoch_2_chunk_006.npy,40,313,True
validation,Rupert Murdoch,nodementia,nodementia/Rupert Murdoch/RupertMurdoch_3.wav,RupertMurdoch_3,1,C:\Users\sricb\OneDrive\Desktop\AI dementia dection\AI-Powered-Multimodal-Dementia-System\data\audio\features\mfcc\validation\Rupert Murdoch\RupertMurdoch_3_chunk_001.npy,40,313,False
validation,Rupert Murdoch,nodementia,nodementia/Rupert Murdoch/RupertMurdoch_3.wav,RupertMurdoch_3,2,C:\Users\sricb\OneDrive\Desktop\AI dementia dection\AI-Powered-Multimodal-Dementia-System\data\audio\features\mfcc\validation\Rupert Murdoch\RupertMurdoch_3_chunk_002.npy,40,313,False
validation,Rupert Murdoch,nodementia,nodementia/Rupert Murdoch/RupertMurdoch_3.wav,RupertMurdoch_3,3,C:\Users\sricb\OneDrive\Desktop\AI dementia dection\AI-Powered-Multimodal-Dementia-System\data\audio\features\mfcc\validation\Rupert Murdoch\RupertMurdoch_3_chunk_003.npy,40,313,False
validation,Rupert Murdoch,nodementia,nodementia/Rupert Murdoch/RupertMurdoch_3.wav,RupertMurdoch_3,4,C:\Users\sricb\OneDrive\Desktop\AI dementia dection\AI-Powered-Multimodal-Dementia-System\data\audio\features\mfcc\validation\Rupert Murdoch\RupertMurdoch_3_chunk_004.npy,40,313,False
validation,Rupert Murdoch,nodementia,nodementia/Rupert Murdoch/RupertMurdoch_3.wav,RupertMurdoch_3,5,C:\Users\sricb\OneDrive\Desktop\AI dementia dection\AI-Powered-Multimodal-Dementia-System\data\audio\features\mfcc\validation\Rupert Murdoch\RupertMurdoch_3_chunk_005.npy,40,313,False
validation,Rupert Murdoch,nodementia,nodementia/Rupert Murdoch/RupertMurdoch_3.wav,RupertMurdoch_3,6,C:\Users\sricb\OneDrive\Desktop\AI dementia dection\AI-Powered-Multimodal-Dementia-System\data\audio\features\mfcc\validation\Rupert Murdoch\RupertMurdoch_3_chunk_006.npy,40,313,False
validation,Rupert Murdoch,nodementia,nodementia/Rupert Murdoch/RupertMurdoch_3.wav,RupertMurdoch_3,7,C:\Users\sricb\OneDrive\Desktop\AI dementia dection\AI-Powered-Multimodal-Dementia-System\data\audio\features\mfcc\validation\Rupert Murdoch\RupertMurdoch_3_chunk_007.npy,40,313,False
validation,Rupert Murdoch,nodementia,nodementia/Rupert Murdoch/RupertMurdoch_3.wav,RupertMurdoch_3,8,C:\Users\sricb\OneDrive\Desktop\AI dementia dection\AI-Powered-Multimodal-Dementia-System\data\audio\features\mfcc\validation\Rupert Murdoch\RupertMurdoch_3_chunk_008.npy,40,313,False
validation,Rupert Murdoch,nodementia,nodementia/Rupert Murdoch/RupertMurdoch_3.wav,RupertMurdoch_3,9,C:\Users\sricb\OneDrive\Desktop\AI dementia dection\AI-Powered-Multimodal-Dementia-System\data\audio\features\mfcc\validation\Rupert Murdoch\RupertMurdoch_3_chunk_009.npy,40,313,False
validation,Rupert Murdoch,nodementia,nodementia/Rupert Murdoch/RupertMurdoch_3.wav,RupertMurdoch_3,10,C:\Users\sricb\OneDrive\Desktop\AI dementia dection\AI-Powered-Multimodal-Dementia-System\data\audio\features\mfcc\validation\Rupert Murdoch\RupertMurdoch_3_chunk_010.npy,40,313,False
validation,Rupert Murdoch,nodementia,nodementia/Rupert Murdoch/RupertMurdoch_3.wav,RupertMurdoch_3,11,C:\Users\sricb\OneDrive\Desktop\AI dementia dection\AI-Powered-Multimodal-Dementia-System\data\audio\features\mfcc\validation\Rupert Murdoch\RupertMurdoch_3_chunk_011.npy,40,313,False
validation,Rupert Murdoch,nodementia,nodementia/Rupert Murdoch/RupertMurdoch_3.wav,RupertMurdoch_3,12,C:\Users\sricb\OneDrive\Desktop\AI dementia dection\AI-Powered-Multimodal-Dementia-System\data\audio\features\mfcc\validation\Rupert Murdoch\RupertMurdoch_3_chunk_012.npy,40,313,False
validation,Rupert Murdoch,nodementia,nodementia/Rupert Murdoch/RupertMurdoch_3.wav,RupertMurdoch_3,13,C:\Users\sricb\OneDrive\Desktop\AI dementia dection\AI-Powered-Multimodal-Dementia-System\data\audio\features\mfcc\validation\Rupert Murdoch\RupertMurdoch_3_chunk_013.npy,40,313,False
validation,Rupert Murdoch,nodementia,nodementia/Rupert Murdoch/RupertMurdoch_3.wav,RupertMurdoch_3,14,C:\Users\sricb\OneDrive\Desktop\AI dementia dection\AI-Powered-Multimodal-Dementia-System\data\audio\features\mfcc\validation\Rupert Murdoch\RupertMurdoch_3_chunk_014.npy,40,313,False
validation,Rupert Murdoch,nodementia,nodementia/Rupert Murdoch/RupertMurdoch_3.wav,RupertMurdoch_3,15,C:\Users\sricb\OneDrive\Desktop\AI dementia dection\AI-Powered-Multimodal-Dementia-System\data\audio\features\mfcc\validation\Rupert Murdoch\RupertMurdoch_3_chunk_015.npy,40,313,False
validation,Rupert Murdoch,nodementia,nodementia/Rupert Murdoch/RupertMurdoch_3.wav,RupertMurdoch_3,16,C:\Users\sricb\OneDrive\Desktop\AI dementia dection\AI-Powered-Multimodal-Dementia-System\data\audio\features\mfcc\validation\Rupert Murdoch\RupertMurdoch_3_chunk_016.npy,40,313,False
validation,Rupert Murdoch,nodementia,nodementia/Rupert Murdoch/RupertMurdoch_3.wav,RupertMurdoch_3,17,C:\Users\sricb\OneDrive\Desktop\AI dementia dection\AI-Powered-Multimodal-Dementia-System\data\audio\features\mfcc\validation\Rupert Murdoch\RupertMurdoch_3_chunk_017.npy,40,313,False
validation,Rupert Murdoch,nodementia,nodementia/Rupert Murdoch/RupertMurdoch_3.wav,RupertMurdoch_3,18,C:\Users\sricb\OneDrive\Desktop\AI dementia dection\AI-Powered-Multimodal-Dementia-System\data\audio\features\mfcc\validation\Rupert Murdoch\RupertMurdoch_3_chunk_018.npy,40,313,True
validation,Stan Lee,nodementia,nodementia/Stan Lee/Stan Lee_1.wav,Stan Lee_1,1,C:\Users\sricb\OneDrive\Desktop\AI dementia dection\AI-Powered-Multimodal-Dementia-System\data\audio\features\mfcc\validation\Stan Lee\Stan Lee_1_chunk_001.npy,40,313,False
validation,Stan Lee,nodementia,nodementia/Stan Lee/Stan Lee_1.wav,Stan Lee_1,2,C:\Users\sricb\OneDrive\Desktop\AI dementia dection\AI-Powered-Multimodal-Dementia-System\data\audio\features\mfcc\validation\Stan Lee\Stan Lee_1_chunk_002.npy,40,313,False
validation,Stan Lee,nodementia,nodementia/Stan Lee/Stan Lee_1.wav,Stan Lee_1,3,C:\Users\sricb\OneDrive\Desktop\AI dementia dection\AI-Powered-Multimodal-Dementia-System\data\audio\features\mfcc\validation\Stan Lee\Stan Lee_1_chunk_003.npy,40,313,False
validation,Stan Lee,nodementia,nodementia/Stan Lee/Stan Lee_1.wav,Stan Lee_1,4,C:\Users\sricb\OneDrive\Desktop\AI dementia dection\AI-Powered-Multimodal-Dementia-System\data\audio\features\mfcc\validation\Stan Lee\Stan Lee_1_chunk_004.npy,40,313,False
validation,Stan Lee,nodementia,nodementia/Stan Lee/Stan Lee_1.wav,Stan Lee_1,5,C:\Users\sricb\OneDrive\Desktop\AI dementia dection\AI-Powered-Multimodal-Dementia-System\data\audio\features\mfcc\validation\Stan Lee\Stan Lee_1_chunk_005.npy,40,313,False
validation,Stan Lee,nodementia,nodementia/Stan Lee/Stan Lee_1.wav,Stan Lee_1,6,C:\Users\sricb\OneDrive\Desktop\AI dementia dection\AI-Powered-Multimodal-Dementia-System\data\audio\features\mfcc\validation\Stan Lee\Stan Lee_1_chunk_006.npy,40,313,False
validation,Stan Lee,nodementia,nodementia/Stan Lee/Stan Lee_1.wav,Stan Lee_1,7,C:\Users\sricb\OneDrive\Desktop\AI dementia dection\AI-Powered-Multimodal-Dementia-System\data\audio\features\mfcc\validation\Stan Lee\Stan Lee_1_chunk_007.npy,40,313,False
validation,Stan Lee,nodementia,nodementia/Stan Lee/Stan Lee_1.wav,Stan Lee_1,8,C:\Users\sricb\OneDrive\Desktop\AI dementia dection\AI-Powered-Multimodal-Dementia-System\data\audio\features\mfcc\validation\Stan Lee\Stan Lee_1_chunk_008.npy,40,313,False
validation,Stan Lee,nodementia,nodementia/Stan Lee/Stan Lee_1.wav,Stan Lee_1,9,C:\Users\sricb\OneDrive\Desktop\AI dementia dection\AI-Powered-Multimodal-Dementia-System\data\audio\features\mfcc\validation\Stan Lee\Stan Lee_1_chunk_009.npy,40,313,False
validation,Stan Lee,nodementia,nodementia/Stan Lee/Stan Lee_1.wav,Stan Lee_1,10,C:\Users\sricb\OneDrive\Desktop\AI dementia dection\AI-Powered-Multimodal-Dementia-System\data\audio\features\mfcc\validation\Stan Lee\Stan Lee_1_chunk_010.npy,40,313,False
validation,Stan Lee,nodementia,nodementia/Stan Lee/Stan Lee_1.wav,Stan Lee_1,11,C:\Users\sricb\OneDrive\Desktop\AI dementia dection\AI-Powered-Multimodal-Dementia-System\data\audio\features\mfcc\validation\Stan Lee\Stan Lee_1_chunk_011.npy,40,313,False
validation,Stan Lee,nodementia,nodementia/Stan Lee/Stan Lee_1.wav,Stan Lee_1,12,C:\Users\sricb\OneDrive\Desktop\AI dementia dection\AI-Powered-Multimodal-Dementia-System\data\audio\features\mfcc\validation\Stan Lee\Stan Lee_1_chunk_012.npy,40,313,False
validation,Stan Lee,nodementia,nodementia/Stan Lee/Stan Lee_1.wav,Stan Lee_1,13,C:\Users\sricb\OneDrive\Desktop\AI dementia dection\AI-Powered-Multimodal-Dementia-System\data\audio\features\mfcc\validation\Stan Lee\Stan Lee_1_chunk_013.npy,40,313,False
validation,Stan Lee,nodementia,nodementia/Stan Lee/Stan Lee_1.wav,Stan Lee_1,14,C:\Users\sricb\OneDrive\Desktop\AI dementia dection\AI-Powered-Multimodal-Dementia-System\data\audio\features\mfcc\validation\Stan Lee\Stan Lee_1_chunk_014.npy,40,313,False
validation,Stan Lee,nodementia,nodementia/Stan Lee/Stan Lee_1.wav,Stan Lee_1,15,C:\Users\sricb\OneDrive\Desktop\AI dementia dection\AI-Powered-Multimodal-Dementia-System\data\audio\features\mfcc\validation\Stan Lee\Stan Lee_1_chunk_015.npy,40,313,False
validation,Stan Lee,nodementia,nodementia/Stan Lee/Stan Lee_1.wav,Stan Lee_1,16,C:\Users\sricb\OneDrive\Desktop\AI dementia dection\AI-Powered-Multimodal-Dementia-System\data\audio\features\mfcc\validation\Stan Lee\Stan Lee_1_chunk_016.npy,40,313,False
validation,Stan Lee,nodementia,nodementia/Stan Lee/Stan Lee_1.wav,Stan Lee_1,17,C:\Users\sricb\OneDrive\Desktop\AI dementia dection\AI-Powered-Multimodal-Dementia-System\data\audio\features\mfcc\validation\Stan Lee\Stan Lee_1_chunk_017.npy,40,313,False
validation,Stan Lee,nodementia,nodementia/Stan Lee/Stan Lee_1.wav,Stan Lee_1,18,C:\Users\sricb\OneDrive\Desktop\AI dementia dection\AI-Powered-Multimodal-Dementia-System\data\audio\features\mfcc\validation\Stan Lee\Stan Lee_1_chunk_018.npy,40,313,True
validation,Stan Lee,nodementia,nodementia/Stan Lee/Stan Lee_2.wav,Stan Lee_2,1,C:\Users\sricb\OneDrive\Desktop\AI dementia dection\AI-Powered-Multimodal-Dementia-System\data\audio\features\mfcc\validation\Stan Lee\Stan Lee_2_chunk_001.npy,40,313,False
validation,Stan Lee,nodementia,nodementia/Stan Lee/Stan Lee_2.wav,Stan Lee_2,2,C:\Users\sricb\OneDrive\Desktop\AI dementia dection\AI-Powered-Multimodal-Dementia-System\data\audio\features\mfcc\validation\Stan Lee\Stan Lee_2_chunk_002.npy,40,313,False
validation,Stan Lee,nodementia,nodementia/Stan Lee/Stan Lee_2.wav,Stan Lee_2,3,C:\Users\sricb\OneDrive\Desktop\AI dementia dection\AI-Powered-Multimodal-Dementia-System\data\audio\features\mfcc\validation\Stan Lee\Stan Lee_2_chunk_003.npy,40,313,False
validation,Stan Lee,nodementia,nodementia/Stan Lee/Stan Lee_2.wav,Stan Lee_2,4,C:\Users\sricb\OneDrive\Desktop\AI dementia dection\AI-Powered-Multimodal-Dementia-System\data\audio\features\mfcc\validation\Stan Lee\Stan Lee_2_chunk_004.npy,40,313,False
validation,Stan Lee,nodementia,nodementia/Stan Lee/Stan Lee_2.wav,Stan Lee_2,5,C:\Users\sricb\OneDrive\Desktop\AI dementia dection\AI-Powered-Multimodal-Dementia-System\data\audio\features\mfcc\validation\Stan Lee\Stan Lee_2_chunk_005.npy,40,313,False
validation,Stan Lee,nodementia,nodementia/Stan Lee/Stan Lee_2.wav,Stan Lee_2,6,C:\Users\sricb\OneDrive\Desktop\AI dementia dection\AI-Powered-Multimodal-Dementia-System\data\audio\features\mfcc\validation\Stan Lee\Stan Lee_2_chunk_006.npy,40,313,False
validation,Stan Lee,nodementia,nodementia/Stan Lee/Stan Lee_2.wav,Stan Lee_2,7,C:\Users\sricb\OneDrive\Desktop\AI dementia dection\AI-Powered-Multimodal-Dementia-System\data\audio\features\mfcc\validation\Stan Lee\Stan Lee_2_chunk_007.npy,40,313,False
validation,Stan Lee,nodementia,nodementia/Stan Lee/Stan Lee_2.wav,Stan Lee_2,8,C:\Users\sricb\OneDrive\Desktop\AI dementia dection\AI-Powered-Multimodal-Dementia-System\data\audio\features\mfcc\validation\Stan Lee\Stan Lee_2_chunk_008.npy,40,313,False
validation,Stan Lee,nodementia,nodementia/Stan Lee/Stan Lee_2.wav,Stan Lee_2,9,C:\Users\sricb\OneDrive\Desktop\AI dementia dection\AI-Powered-Multimodal-Dementia-System\data\audio\features\mfcc\validation\Stan Lee\Stan Lee_2_chunk_009.npy,40,313,False
validation,Stan Lee,nodementia,nodementia/Stan Lee/Stan Lee_2.wav,Stan Lee_2,10,C:\Users\sricb\OneDrive\Desktop\AI dementia dection\AI-Powered-Multimodal-Dementia-System\data\audio\features\mfcc\validation\Stan Lee\Stan Lee_2_chunk_010.npy,40,313,False
validation,Stan Lee,nodementia,nodementia/Stan Lee/Stan Lee_2.wav,Stan Lee_2,11,C:\Users\sricb\OneDrive\Desktop\AI dementia dection\AI-Powered-Multimodal-Dementia-System\data\audio\features\mfcc\validation\Stan Lee\Stan Lee_2_chunk_011.npy,40,313,False
validation,Stan Lee,nodementia,nodementia/Stan Lee/Stan Lee_2.wav,Stan Lee_2,12,C:\Users\sricb\OneDrive\Desktop\AI dementia dection\AI-Powered-Multimodal-Dementia-System\data\audio\features\mfcc\validation\Stan Lee\Stan Lee_2_chunk_012.npy,40,313,False
validation,Stan Lee,nodementia,nodementia/Stan Lee/Stan Lee_2.wav,Stan Lee_2,13,C:\Users\sricb\OneDrive\Desktop\AI dementia dection\AI-Powered-Multimodal-Dementia-System\data\audio\features\mfcc\validation\Stan Lee\Stan Lee_2_chunk_013.npy,40,313,False
validation,Stan Lee,nodementia,nodementia/Stan Lee/Stan Lee_2.wav,Stan Lee_2,14,C:\Users\sricb\OneDrive\Desktop\AI dementia dection\AI-Powered-Multimodal-Dementia-System\data\audio\features\mfcc\validation\Stan Lee\Stan Lee_2_chunk_014.npy,40,313,False
validation,Stan Lee,nodementia,nodementia/Stan Lee/Stan Lee_2.wav,Stan Lee_2,15,C:\Users\sricb\OneDrive\Desktop\AI dementia dection\AI-Powered-Multimodal-Dementia-System\data\audio\features\mfcc\validation\Stan Lee\Stan Lee_2_chunk_015.npy,40,313,False
validation,Stan Lee,nodementia,nodementia/Stan Lee/Stan Lee_2.wav,Stan Lee_2,16,C:\Users\sricb\OneDrive\Desktop\AI dementia dection\AI-Powered-Multimodal-Dementia-System\data\audio\features\mfcc\validation\Stan Lee\Stan Lee_2_chunk_016.npy,40,313,False
validation,Stan Lee,nodementia,nodementia/Stan Lee/Stan Lee_2.wav,Stan Lee_2,17,C:\Users\sricb\OneDrive\Desktop\AI dementia dection\AI-Powered-Multimodal-Dementia-System\data\audio\features\mfcc\validation\Stan Lee\Stan Lee_2_chunk_017.npy,40,313,True
validation,Stan Lee,nodementia,nodementia/Stan Lee/Stan Lee_2.wav,Stan Lee_2,18,C:\Users\sricb\OneDrive\Desktop\AI dementia dection\AI-Powered-Multimodal-Dementia-System\data\audio\features\mfcc\validation\Stan Lee\Stan Lee_2_chunk_018.npy,40,313,True
validation,Stan Lee,nodementia,nodementia/Stan Lee/Stan Lee_3.wav,Stan Lee_3,1,C:\Users\sricb\OneDrive\Desktop\AI dementia dection\AI-Powered-Multimodal-Dementia-System\data\audio\features\mfcc\validation\Stan Lee\Stan Lee_3_chunk_001.npy,40,313,False
validation,Stan Lee,nodementia,nodementia/Stan Lee/Stan Lee_3.wav,Stan Lee_3,2,C:\Users\sricb\OneDrive\Desktop\AI dementia dection\AI-Powered-Multimodal-Dementia-System\data\audio\features\mfcc\validation\Stan Lee\Stan Lee_3_chunk_002.npy,40,313,False
validation,Stan Lee,nodementia,nodementia/Stan Lee/Stan Lee_3.wav,Stan Lee_3,3,C:\Users\sricb\OneDrive\Desktop\AI dementia dection\AI-Powered-Multimodal-Dementia-System\data\audio\features\mfcc\validation\Stan Lee\Stan Lee_3_chunk_003.npy,40,313,False
validation,Stan Lee,nodementia,nodementia/Stan Lee/Stan Lee_3.wav,Stan Lee_3,4,C:\Users\sricb\OneDrive\Desktop\AI dementia dection\AI-Powered-Multimodal-Dementia-System\data\audio\features\mfcc\validation\Stan Lee\Stan Lee_3_chunk_004.npy,40,313,False
validation,Stan Lee,nodementia,nodementia/Stan Lee/Stan Lee_3.wav,Stan Lee_3,5,C:\Users\sricb\OneDrive\Desktop\AI dementia dection\AI-Powered-Multimodal-Dementia-System\data\audio\features\mfcc\validation\Stan Lee\Stan Lee_3_chunk_005.npy,40,313,False
validation,Stan Lee,nodementia,nodementia/Stan Lee/Stan Lee_3.wav,Stan Lee_3,6,C:\Users\sricb\OneDrive\Desktop\AI dementia dection\AI-Powered-Multimodal-Dementia-System\data\audio\features\mfcc\validation\Stan Lee\Stan Lee_3_chunk_006.npy,40,313,False
validation,Stan Lee,nodementia,nodementia/Stan Lee/Stan Lee_3.wav,Stan Lee_3,7,C:\Users\sricb\OneDrive\Desktop\AI dementia dection\AI-Powered-Multimodal-Dementia-System\data\audio\features\mfcc\validation\Stan Lee\Stan Lee_3_chunk_007.npy,40,313,False
validation,Stan Lee,nodementia,nodementia/Stan Lee/Stan Lee_3.wav,Stan Lee_3,8,C:\Users\sricb\OneDrive\Desktop\AI dementia dection\AI-Powered-Multimodal-Dementia-System\data\audio\features\mfcc\validation\Stan Lee\Stan Lee_3_chunk_008.npy,40,313,False
validation,Stan Lee,nodementia,nodementia/Stan Lee/Stan Lee_3.wav,Stan Lee_3,9,C:\Users\sricb\OneDrive\Desktop\AI dementia dection\AI-Powered-Multimodal-Dementia-System\data\audio\features\mfcc\validation\Stan Lee\Stan Lee_3_chunk_009.npy,40,313,False
validation,Stan Lee,nodementia,nodementia/Stan Lee/Stan Lee_3.wav,Stan Lee_3,10,C:\Users\sricb\OneDrive\Desktop\AI dementia dection\AI-Powered-Multimodal-Dementia-System\data\audio\features\mfcc\validation\Stan Lee\Stan Lee_3_chunk_010.npy,40,313,False
validation,Stan Lee,nodementia,nodementia/Stan Lee/Stan Lee_3.wav,Stan Lee_3,11,C:\Users\sricb\OneDrive\Desktop\AI dementia dection\AI-Powered-Multimodal-Dementia-System\data\audio\features\mfcc\validation\Stan Lee\Stan Lee_3_chunk_011.npy,40,313,False
validation,Stan Lee,nodementia,nodementia/Stan Lee/Stan Lee_3.wav,Stan Lee_3,12,C:\Users\sricb\OneDrive\Desktop\AI dementia dection\AI-Powered-Multimodal-Dementia-System\data\audio\features\mfcc\validation\Stan Lee\Stan Lee_3_chunk_012.npy,40,313,False
validation,Stan Lee,nodementia,nodementia/Stan Lee/Stan Lee_3.wav,Stan Lee_3,13,C:\Users\sricb\OneDrive\Desktop\AI dementia dection\AI-Powered-Multimodal-Dementia-System\data\audio\features\mfcc\validation\Stan Lee\Stan Lee_3_chunk_013.npy,40,313,False
validation,Stan Lee,nodementia,nodementia/Stan Lee/Stan Lee_3.wav,Stan Lee_3,14,C:\Users\sricb\OneDrive\Desktop\AI dementia dection\AI-Powered-Multimodal-Dementia-System\data\audio\features\mfcc\validation\Stan Lee\Stan Lee_3_chunk_014.npy,40,313,False
validation,Stan Lee,nodementia,nodementia/Stan Lee/Stan Lee_3.wav,Stan Lee_3,15,C:\Users\sricb\OneDrive\Desktop\AI dementia dection\AI-Powered-Multimodal-Dementia-System\data\audio\features\mfcc\validation\Stan Lee\Stan Lee_3_chunk_015.npy,40,313,False
validation,Stan Lee,nodementia,nodementia/Stan Lee/Stan Lee_3.wav,Stan Lee_3,16,C:\Users\sricb\OneDrive\Desktop\AI dementia dection\AI-Powered-Multimodal-Dementia-System\data\audio\features\mfcc\validation\Stan Lee\Stan Lee_3_chunk_016.npy,40,313,False
validation,Stan Lee,nodementia,nodementia/Stan Lee/Stan Lee_3.wav,Stan Lee_3,17,C:\Users\sricb\OneDrive\Desktop\AI dementia dection\AI-Powered-Multimodal-Dementia-System\data\audio\features\mfcc\validation\Stan Lee\Stan Lee_3_chunk_017.npy,40,313,False
validation,Stan Lee,nodementia,nodementia/Stan Lee/Stan Lee_3.wav,Stan Lee_3,18,C:\Users\sricb\OneDrive\Desktop\AI dementia dection\AI-Powered-Multimodal-Dementia-System\data\audio\features\mfcc\validation\Stan Lee\Stan Lee_3_chunk_018.npy,40,313,True
validation,Yoko Ono,nodementia,nodementia/Yoko Ono/YokoOno_1.wav,YokoOno_1,1,C:\Users\sricb\OneDrive\Desktop\AI dementia dection\AI-Powered-Multimodal-Dementia-System\data\audio\features\mfcc\validation\Yoko Ono\YokoOno_1_chunk_001.npy,40,313,False
validation,Yoko Ono,nodementia,nodementia/Yoko Ono/YokoOno_1.wav,YokoOno_1,2,C:\Users\sricb\OneDrive\Desktop\AI dementia dection\AI-Powered-Multimodal-Dementia-System\data\audio\features\mfcc\validation\Yoko Ono\YokoOno_1_chunk_002.npy,40,313,False
validation,Yoko Ono,nodementia,nodementia/Yoko Ono/YokoOno_1.wav,YokoOno_1,3,C:\Users\sricb\OneDrive\Desktop\AI dementia dection\AI-Powered-Multimodal-Dementia-System\data\audio\features\mfcc\validation\Yoko Ono\YokoOno_1_chunk_003.npy,40,313,False
validation,Yoko Ono,nodementia,nodementia/Yoko Ono/YokoOno_1.wav,YokoOno_1,4,C:\Users\sricb\OneDrive\Desktop\AI dementia dection\AI-Powered-Multimodal-Dementia-System\data\audio\features\mfcc\validation\Yoko Ono\YokoOno_1_chunk_004.npy,40,313,False
validation,Yoko Ono,nodementia,nodementia/Yoko Ono/YokoOno_1.wav,YokoOno_1,5,C:\Users\sricb\OneDrive\Desktop\AI dementia dection\AI-Powered-Multimodal-Dementia-System\data\audio\features\mfcc\validation\Yoko Ono\YokoOno_1_chunk_005.npy,40,313,False
validation,Yoko Ono,nodementia,nodementia/Yoko Ono/YokoOno_1.wav,YokoOno_1,6,C:\Users\sricb\OneDrive\Desktop\AI dementia dection\AI-Powered-Multimodal-Dementia-System\data\audio\features\mfcc\validation\Yoko Ono\YokoOno_1_chunk_006.npy,40,313,True
validation,Yoko Ono,nodementia,nodementia/Yoko Ono/YokoOno_1.wav,YokoOno_1,7,C:\Users\sricb\OneDrive\Desktop\AI dementia dection\AI-Powered-Multimodal-Dementia-System\data\audio\features\mfcc\validation\Yoko Ono\YokoOno_1_chunk_007.npy,40,313,True
validation,Yoko Ono,nodementia,nodementia/Yoko Ono/YokoOno_2.wav,YokoOno_2,1,C:\Users\sricb\OneDrive\Desktop\AI dementia dection\AI-Powered-Multimodal-Dementia-System\data\audio\features\mfcc\validation\Yoko Ono\YokoOno_2_chunk_001.npy,40,313,False
validation,Yoko Ono,nodementia,nodementia/Yoko Ono/YokoOno_2.wav,YokoOno_2,2,C:\Users\sricb\OneDrive\Desktop\AI dementia dection\AI-Powered-Multimodal-Dementia-System\data\audio\features\mfcc\validation\Yoko Ono\YokoOno_2_chunk_002.npy,40,313,False
validation,Yoko Ono,nodementia,nodementia/Yoko Ono/YokoOno_2.wav,YokoOno_2,3,C:\Users\sricb\OneDrive\Desktop\AI dementia dection\AI-Powered-Multimodal-Dementia-System\data\audio\features\mfcc\validation\Yoko Ono\YokoOno_2_chunk_003.npy,40,313,False
validation,Yoko Ono,nodementia,nodementia/Yoko Ono/YokoOno_2.wav,YokoOno_2,4,C:\Users\sricb\OneDrive\Desktop\AI dementia dection\AI-Powered-Multimodal-Dementia-System\data\audio\features\mfcc\validation\Yoko Ono\YokoOno_2_chunk_004.npy,40,313,True
validation,Yoko Ono,nodementia,nodementia/Yoko Ono/YokoOno_2.wav,YokoOno_2,5,C:\Users\sricb\OneDrive\Desktop\AI dementia dection\AI-Powered-Multimodal-Dementia-System\data\audio\features\mfcc\validation\Yoko Ono\YokoOno_2_chunk_005.npy,40,313,True
validation,Yoko Ono,nodementia,nodementia/Yoko Ono/YokoOno_3.wav,YokoOno_3,1,C:\Users\sricb\OneDrive\Desktop\AI dementia dection\AI-Powered-Multimodal-Dementia-System\data\audio\features\mfcc\validation\Yoko Ono\YokoOno_3_chunk_001.npy,40,313,False
validation,Yoko Ono,nodementia,nodementia/Yoko Ono/YokoOno_3.wav,YokoOno_3,2,C:\Users\sricb\OneDrive\Desktop\AI dementia dection\AI-Powered-Multimodal-Dementia-System\data\audio\features\mfcc\validation\Yoko Ono\YokoOno_3_chunk_002.npy,40,313,False
validation,Yoko Ono,nodementia,nodementia/Yoko Ono/YokoOno_3.wav,YokoOno_3,3,C:\Users\sricb\OneDrive\Desktop\AI dementia dection\AI-Powered-Multimodal-Dementia-System\data\audio\features\mfcc\validation\Yoko Ono\YokoOno_3_chunk_003.npy,40,313,False
validation,Yoko Ono,nodementia,nodementia/Yoko Ono/YokoOno_3.wav,YokoOno_3,4,C:\Users\sricb\OneDrive\Desktop\AI dementia dection\AI-Powered-Multimodal-Dementia-System\data\audio\features\mfcc\validation\Yoko Ono\YokoOno_3_chunk_004.npy,40,313,False
validation,Yoko Ono,nodementia,nodementia/Yoko Ono/YokoOno_3.wav,YokoOno_3,5,C:\Users\sricb\OneDrive\Desktop\AI dementia dection\AI-Powered-Multimodal-Dementia-System\data\audio\features\mfcc\validation\Yoko Ono\YokoOno_3_chunk_005.npy,40,313,True
validation,Yoko Ono,nodementia,nodementia/Yoko Ono/YokoOno_3.wav,YokoOno_3,6,C:\Users\sricb\OneDrive\Desktop\AI dementia dection\AI-Powered-Multimodal-Dementia-System\data\audio\features\mfcc\validation\Yoko Ono\YokoOno_3_chunk_006.npy,40,313,True
test,Aileen Hernandez,dementia,dementia/Aileen Hernandez/aileenhernandez_0.wav,aileenhernandez_0,1,C:\Users\sricb\OneDrive\Desktop\AI dementia dection\AI-Powered-Multimodal-Dementia-System\data\audio\features\mfcc\test\Aileen Hernandez\aileenhernandez_0_chunk_001.npy,40,313,False
test,Aileen Hernandez,dementia,dementia/Aileen Hernandez/aileenhernandez_0.wav,aileenhernandez_0,2,C:\Users\sricb\OneDrive\Desktop\AI dementia dection\AI-Powered-Multimodal-Dementia-System\data\audio\features\mfcc\test\Aileen Hernandez\aileenhernandez_0_chunk_002.npy,40,313,False
test,Aileen Hernandez,dementia,dementia/Aileen Hernandez/aileenhernandez_0.wav,aileenhernandez_0,3,C:\Users\sricb\OneDrive\Desktop\AI dementia dection\AI-Powered-Multimodal-Dementia-System\data\audio\features\mfcc\test\Aileen Hernandez\aileenhernandez_0_chunk_003.npy,40,313,False
test,Aileen Hernandez,dementia,dementia/Aileen Hernandez/aileenhernandez_0.wav,aileenhernandez_0,4,C:\Users\sricb\OneDrive\Desktop\AI dementia dection\AI-Powered-Multimodal-Dementia-System\data\audio\features\mfcc\test\Aileen Hernandez\aileenhernandez_0_chunk_004.npy,40,313,False
test,Aileen Hernandez,dementia,dementia/Aileen Hernandez/aileenhernandez_0.wav,aileenhernandez_0,5,C:\Users\sricb\OneDrive\Desktop\AI dementia dection\AI-Powered-Multimodal-Dementia-System\data\audio\features\mfcc\test\Aileen Hernandez\aileenhernandez_0_chunk_005.npy,40,313,False
test,Aileen Hernandez,dementia,dementia/Aileen Hernandez/aileenhernandez_0.wav,aileenhernandez_0,6,C:\Users\sricb\OneDrive\Desktop\AI dementia dection\AI-Powered-Multimodal-Dementia-System\data\audio\features\mfcc\test\Aileen Hernandez\aileenhernandez_0_chunk_006.npy,40,313,False
test,Aileen Hernandez,dementia,dementia/Aileen Hernandez/aileenhernandez_0.wav,aileenhernandez_0,7,C:\Users\sricb\OneDrive\Desktop\AI dementia dection\AI-Powered-Multimodal-Dementia-System\data\audio\features\mfcc\test\Aileen Hernandez\aileenhernandez_0_chunk_007.npy,40,313,False
test,Aileen Hernandez,dementia,dementia/Aileen Hernandez/aileenhernandez_0.wav,aileenhernandez_0,8,C:\Users\sricb\OneDrive\Desktop\AI dementia dection\AI-Powered-Multimodal-Dementia-System\data\audio\features\mfcc\test\Aileen Hernandez\aileenhernandez_0_chunk_008.npy,40,313,False
test,Aileen Hernandez,dementia,dementia/Aileen Hernandez/aileenhernandez_0.wav,aileenhernandez_0,9,C:\Users\sricb\OneDrive\Desktop\AI dementia dection\AI-Powered-Multimodal-Dementia-System\data\audio\features\mfcc\test\Aileen Hernandez\aileenhernandez_0_chunk_009.npy,40,313,True
test,Aileen Hernandez,dementia,dementia/Aileen Hernandez/aileenhernandez_0.wav,aileenhernandez_0,10,C:\Users\sricb\OneDrive\Desktop\AI dementia dection\AI-Powered-Multimodal-Dementia-System\data\audio\features\mfcc\test\Aileen Hernandez\aileenhernandez_0_chunk_010.npy,40,313,True
test,Aileen Hernandez,dementia,dementia/Aileen Hernandez/aileenhernandez_5_1.wav,aileenhernandez_5_1,1,C:\Users\sricb\OneDrive\Desktop\AI dementia dection\AI-Powered-Multimodal-Dementia-System\data\audio\features\mfcc\test\Aileen Hernandez\aileenhernandez_5_1_chunk_001.npy,40,313,False
test,Aileen Hernandez,dementia,dementia/Aileen Hernandez/aileenhernandez_5_1.wav,aileenhernandez_5_1,2,C:\Users\sricb\OneDrive\Desktop\AI dementia dection\AI-Powered-Multimodal-Dementia-System\data\audio\features\mfcc\test\Aileen Hernandez\aileenhernandez_5_1_chunk_002.npy,40,313,False
test,Aileen Hernandez,dementia,dementia/Aileen Hernandez/aileenhernandez_5_1.wav,aileenhernandez_5_1,3,C:\Users\sricb\OneDrive\Desktop\AI dementia dection\AI-Powered-Multimodal-Dementia-System\data\audio\features\mfcc\test\Aileen Hernandez\aileenhernandez_5_1_chunk_003.npy,40,313,False
test,Aileen Hernandez,dementia,dementia/Aileen Hernandez/aileenhernandez_5_1.wav,aileenhernandez_5_1,4,C:\Users\sricb\OneDrive\Desktop\AI dementia dection\AI-Powered-Multimodal-Dementia-System\data\audio\features\mfcc\test\Aileen Hernandez\aileenhernandez_5_1_chunk_004.npy,40,313,False
test,Aileen Hernandez,dementia,dementia/Aileen Hernandez/aileenhernandez_5_1.wav,aileenhernandez_5_1,5,C:\Users\sricb\OneDrive\Desktop\AI dementia dection\AI-Powered-Multimodal-Dementia-System\data\audio\features\mfcc\test\Aileen Hernandez\aileenhernandez_5_1_chunk_005.npy,40,313,False
test,Aileen Hernandez,dementia,dementia/Aileen Hernandez/aileenhernandez_5_1.wav,aileenhernandez_5_1,6,C:\Users\sricb\OneDrive\Desktop\AI dementia dection\AI-Powered-Multimodal-Dementia-System\data\audio\features\mfcc\test\Aileen Hernandez\aileenhernandez_5_1_chunk_006.npy,40,313,False
test,Aileen Hernandez,dementia,dementia/Aileen Hernandez/aileenhernandez_5_1.wav,aileenhernandez_5_1,7,C:\Users\sricb\OneDrive\Desktop\AI dementia dection\AI-Powered-Multimodal-Dementia-System\data\audio\features\mfcc\test\Aileen Hernandez\aileenhernandez_5_1_chunk_007.npy,40,313,True
test,Aileen Hernandez,dementia,dementia/Aileen Hernandez/aileenhernandez_5_1.wav,aileenhernandez_5_1,8,C:\Users\sricb\OneDrive\Desktop\AI dementia dection\AI-Powered-Multimodal-Dementia-System\data\audio\features\mfcc\test\Aileen Hernandez\aileenhernandez_5_1_chunk_008.npy,40,313,True
test,Aileen Hernandez,dementia,dementia/Aileen Hernandez/aileenhernandez_5_2.wav,aileenhernandez_5_2,1,C:\Users\sricb\OneDrive\Desktop\AI dementia dection\AI-Powered-Multimodal-Dementia-System\data\audio\features\mfcc\test\Aileen Hernandez\aileenhernandez_5_2_chunk_001.npy,40,313,False
test,Aileen Hernandez,dementia,dementia/Aileen Hernandez/aileenhernandez_5_2.wav,aileenhernandez_5_2,2,C:\Users\sricb\OneDrive\Desktop\AI dementia dection\AI-Powered-Multimodal-Dementia-System\data\audio\features\mfcc\test\Aileen Hernandez\aileenhernandez_5_2_chunk_002.npy,40,313,False
test,Aileen Hernandez,dementia,dementia/Aileen Hernandez/aileenhernandez_5_2.wav,aileenhernandez_5_2,3,C:\Users\sricb\OneDrive\Desktop\AI dementia dection\AI-Powered-Multimodal-Dementia-System\data\audio\features\mfcc\test\Aileen Hernandez\aileenhernandez_5_2_chunk_003.npy,40,313,False
test,Aileen Hernandez,dementia,dementia/Aileen Hernandez/aileenhernandez_5_2.wav,aileenhernandez_5_2,4,C:\Users\sricb\OneDrive\Desktop\AI dementia dection\AI-Powered-Multimodal-Dementia-System\data\audio\features\mfcc\test\Aileen Hernandez\aileenhernandez_5_2_chunk_004.npy,40,313,False
test,Aileen Hernandez,dementia,dementia/Aileen Hernandez/aileenhernandez_5_2.wav,aileenhernandez_5_2,5,C:\Users\sricb\OneDrive\Desktop\AI dementia dection\AI-Powered-Multimodal-Dementia-System\data\audio\features\mfcc\test\Aileen Hernandez\aileenhernandez_5_2_chunk_005.npy,40,313,False
test,Aileen Hernandez,dementia,dementia/Aileen Hernandez/aileenhernandez_5_2.wav,aileenhernandez_5_2,6,C:\Users\sricb\OneDrive\Desktop\AI dementia dection\AI-Powered-Multimodal-Dementia-System\data\audio\features\mfcc\test\Aileen Hernandez\aileenhernandez_5_2_chunk_006.npy,40,313,False
test,Aileen Hernandez,dementia,dementia/Aileen Hernandez/aileenhernandez_5_2.wav,aileenhernandez_5_2,7,C:\Users\sricb\OneDrive\Desktop\AI dementia dection\AI-Powered-Multimodal-Dementia-System\data\audio\features\mfcc\test\Aileen Hernandez\aileenhernandez_5_2_chunk_007.npy,40,313,False
test,Aileen Hernandez,dementia,dementia/Aileen Hernandez/aileenhernandez_5_2.wav,aileenhernandez_5_2,8,C:\Users\sricb\OneDrive\Desktop\AI dementia dection\AI-Powered-Multimodal-Dementia-System\data\audio\features\mfcc\test\Aileen Hernandez\aileenhernandez_5_2_chunk_008.npy,40,313,False
test,Aileen Hernandez,dementia,dementia/Aileen Hernandez/aileenhernandez_5_2.wav,aileenhernandez_5_2,9,C:\Users\sricb\OneDrive\Desktop\AI dementia dection\AI-Powered-Multimodal-Dementia-System\data\audio\features\mfcc\test\Aileen Hernandez\aileenhernandez_5_2_chunk_009.npy,40,313,False
test,Aileen Hernandez,dementia,dementia/Aileen Hernandez/aileenhernandez_5_2.wav,aileenhernandez_5_2,10,C:\Users\sricb\OneDrive\Desktop\AI dementia dection\AI-Powered-Multimodal-Dementia-System\data\audio\features\mfcc\test\Aileen Hernandez\aileenhernandez_5_2_chunk_010.npy,40,313,False
test,Aileen Hernandez,dementia,dementia/Aileen Hernandez/aileenhernandez_5_2.wav,aileenhernandez_5_2,11,C:\Users\sricb\OneDrive\Desktop\AI dementia dection\AI-Powered-Multimodal-Dementia-System\data\audio\features\mfcc\test\Aileen Hernandez\aileenhernandez_5_2_chunk_011.npy,40,313,False
test,Aileen Hernandez,dementia,dementia/Aileen Hernandez/aileenhernandez_5_2.wav,aileenhernandez_5_2,12,C:\Users\sricb\OneDrive\Desktop\AI dementia dection\AI-Powered-Multimodal-Dementia-System\data\audio\features\mfcc\test\Aileen Hernandez\aileenhernandez_5_2_chunk_012.npy,40,313,False
test,Aileen Hernandez,dementia,dementia/Aileen Hernandez/aileenhernandez_5_2.wav,aileenhernandez_5_2,13,C:\Users\sricb\OneDrive\Desktop\AI dementia dection\AI-Powered-Multimodal-Dementia-System\data\audio\features\mfcc\test\Aileen Hernandez\aileenhernandez_5_2_chunk_013.npy,40,313,False
test,Aileen Hernandez,dementia,dementia/Aileen Hernandez/aileenhernandez_5_2.wav,aileenhernandez_5_2,14,C:\Users\sricb\OneDrive\Desktop\AI dementia dection\AI-Powered-Multimodal-Dementia-System\data\audio\features\mfcc\test\Aileen Hernandez\aileenhernandez_5_2_chunk_014.npy,40,313,False
test,Aileen Hernandez,dementia,dementia/Aileen Hernandez/aileenhernandez_5_2.wav,aileenhernandez_5_2,15,C:\Users\sricb\OneDrive\Desktop\AI dementia dection\AI-Powered-Multimodal-Dementia-System\data\audio\features\mfcc\test\Aileen Hernandez\aileenhernandez_5_2_chunk_015.npy,40,313,False
test,Aileen Hernandez,dementia,dementia/Aileen Hernandez/aileenhernandez_5_2.wav,aileenhernandez_5_2,16,C:\Users\sricb\OneDrive\Desktop\AI dementia dection\AI-Powered-Multimodal-Dementia-System\data\audio\features\mfcc\test\Aileen Hernandez\aileenhernandez_5_2_chunk_016.npy,40,313,False
test,Aileen Hernandez,dementia,dementia/Aileen Hernandez/aileenhernandez_5_2.wav,aileenhernandez_5_2,17,C:\Users\sricb\OneDrive\Desktop\AI dementia dection\AI-Powered-Multimodal-Dementia-System\data\audio\features\mfcc\test\Aileen Hernandez\aileenhernandez_5_2_chunk_017.npy,40,313,False
test,Aileen Hernandez,dementia,dementia/Aileen Hernandez/aileenhernandez_5_2.wav,aileenhernandez_5_2,18,C:\Users\sricb\OneDrive\Desktop\AI dementia dection\AI-Powered-Multimodal-Dementia-System\data\audio\features\mfcc\test\Aileen Hernandez\aileenhernandez_5_2_chunk_018.npy,40,313,True
test,Antony Flew,dementia,dementia/Antony Flew/antonyflew_10.wav,antonyflew_10,1,C:\Users\sricb\OneDrive\Desktop\AI dementia dection\AI-Powered-Multimodal-Dementia-System\data\audio\features\mfcc\test\Antony Flew\antonyflew_10_chunk_001.npy,40,313,False
test,Antony Flew,dementia,dementia/Antony Flew/antonyflew_10.wav,antonyflew_10,2,C:\Users\sricb\OneDrive\Desktop\AI dementia dection\AI-Powered-Multimodal-Dementia-System\data\audio\features\mfcc\test\Antony Flew\antonyflew_10_chunk_002.npy,40,313,False
test,Antony Flew,dementia,dementia/Antony Flew/antonyflew_10.wav,antonyflew_10,3,C:\Users\sricb\OneDrive\Desktop\AI dementia dection\AI-Powered-Multimodal-Dementia-System\data\audio\features\mfcc\test\Antony Flew\antonyflew_10_chunk_003.npy,40,313,False
test,Antony Flew,dementia,dementia/Antony Flew/antonyflew_10.wav,antonyflew_10,4,C:\Users\sricb\OneDrive\Desktop\AI dementia dection\AI-Powered-Multimodal-Dementia-System\data\audio\features\mfcc\test\Antony Flew\antonyflew_10_chunk_004.npy,40,313,False
test,Antony Flew,dementia,dementia/Antony Flew/antonyflew_10.wav,antonyflew_10,5,C:\Users\sricb\OneDrive\Desktop\AI dementia dection\AI-Powered-Multimodal-Dementia-System\data\audio\features\mfcc\test\Antony Flew\antonyflew_10_chunk_005.npy,40,313,False
test,Antony Flew,dementia,dementia/Antony Flew/antonyflew_10.wav,antonyflew_10,6,C:\Users\sricb\OneDrive\Desktop\AI dementia dection\AI-Powered-Multimodal-Dementia-System\data\audio\features\mfcc\test\Antony Flew\antonyflew_10_chunk_006.npy,40,313,False
test,Antony Flew,dementia,dementia/Antony Flew/antonyflew_10.wav,antonyflew_10,7,C:\Users\sricb\OneDrive\Desktop\AI dementia dection\AI-Powered-Multimodal-Dementia-System\data\audio\features\mfcc\test\Antony Flew\antonyflew_10_chunk_007.npy,40,313,False
test,Antony Flew,dementia,dementia/Antony Flew/antonyflew_10.wav,antonyflew_10,8,C:\Users\sricb\OneDrive\Desktop\AI dementia dection\AI-Powered-Multimodal-Dementia-System\data\audio\features\mfcc\test\Antony Flew\antonyflew_10_chunk_008.npy,40,313,False
test,Antony Flew,dementia,dementia/Antony Flew/antonyflew_10.wav,antonyflew_10,9,C:\Users\sricb\OneDrive\Desktop\AI dementia dection\AI-Powered-Multimodal-Dementia-System\data\audio\features\mfcc\test\Antony Flew\antonyflew_10_chunk_009.npy,40,313,False
test,Antony Flew,dementia,dementia/Antony Flew/antonyflew_10.wav,antonyflew_10,10,C:\Users\sricb\OneDrive\Desktop\AI dementia dection\AI-Powered-Multimodal-Dementia-System\data\audio\features\mfcc\test\Antony Flew\antonyflew_10_chunk_010.npy,40,313,False
test,Antony Flew,dementia,dementia/Antony Flew/antonyflew_10.wav,antonyflew_10,11,C:\Users\sricb\OneDrive\Desktop\AI dementia dection\AI-Powered-Multimodal-Dementia-System\data\audio\features\mfcc\test\Antony Flew\antonyflew_10_chunk_011.npy,40,313,False
test,Antony Flew,dementia,dementia/Antony Flew/antonyflew_10.wav,antonyflew_10,12,C:\Users\sricb\OneDrive\Desktop\AI dementia dection\AI-Powered-Multimodal-Dementia-System\data\audio\features\mfcc\test\Antony Flew\antonyflew_10_chunk_012.npy,40,313,False
test,Antony Flew,dementia,dementia/Antony Flew/antonyflew_10.wav,antonyflew_10,13,C:\Users\sricb\OneDrive\Desktop\AI dementia dection\AI-Powered-Multimodal-Dementia-System\data\audio\features\mfcc\test\Antony Flew\antonyflew_10_chunk_013.npy,40,313,False
test,Antony Flew,dementia,dementia/Antony Flew/antonyflew_10.wav,antonyflew_10,14,C:\Users\sricb\OneDrive\Desktop\AI dementia dection\AI-Powered-Multimodal-Dementia-System\data\audio\features\mfcc\test\Antony Flew\antonyflew_10_chunk_014.npy,40,313,False
test,Antony Flew,dementia,dementia/Antony Flew/antonyflew_10.wav,antonyflew_10,15,C:\Users\sricb\OneDrive\Desktop\AI dementia dection\AI-Powered-Multimodal-Dementia-System\data\audio\features\mfcc\test\Antony Flew\antonyflew_10_chunk_015.npy,40,313,False
test,Antony Flew,dementia,dementia/Antony Flew/antonyflew_10.wav,antonyflew_10,16,C:\Users\sricb\OneDrive\Desktop\AI dementia dection\AI-Powered-Multimodal-Dementia-System\data\audio\features\mfcc\test\Antony Flew\antonyflew_10_chunk_016.npy,40,313,False
test,Antony Flew,dementia,dementia/Antony Flew/antonyflew_10.wav,antonyflew_10,17,C:\Users\sricb\OneDrive\Desktop\AI dementia dection\AI-Powered-Multimodal-Dementia-System\data\audio\features\mfcc\test\Antony Flew\antonyflew_10_chunk_017.npy,40,313,False
test,Antony Flew,dementia,dementia/Antony Flew/antonyflew_10.wav,antonyflew_10,18,C:\Users\sricb\OneDrive\Desktop\AI dementia dection\AI-Powered-Multimodal-Dementia-System\data\audio\features\mfcc\test\Antony Flew\antonyflew_10_chunk_018.npy,40,313,True
test,Antony Flew,dementia,dementia/Antony Flew/antonyflew_5_1.wav,antonyflew_5_1,1,C:\Users\sricb\OneDrive\Desktop\AI dementia dection\AI-Powered-Multimodal-Dementia-System\data\audio\features\mfcc\test\Antony Flew\antonyflew_5_1_chunk_001.npy,40,313,False
test,Antony Flew,dementia,dementia/Antony Flew/antonyflew_5_1.wav,antonyflew_5_1,2,C:\Users\sricb\OneDrive\Desktop\AI dementia dection\AI-Powered-Multimodal-Dementia-System\data\audio\features\mfcc\test\Antony Flew\antonyflew_5_1_chunk_002.npy,40,313,False
test,Antony Flew,dementia,dementia/Antony Flew/antonyflew_5_1.wav,antonyflew_5_1,3,C:\Users\sricb\OneDrive\Desktop\AI dementia dection\AI-Powered-Multimodal-Dementia-System\data\audio\features\mfcc\test\Antony Flew\antonyflew_5_1_chunk_003.npy,40,313,False
test,Antony Flew,dementia,dementia/Antony Flew/antonyflew_5_1.wav,antonyflew_5_1,4,C:\Users\sricb\OneDrive\Desktop\AI dementia dection\AI-Powered-Multimodal-Dementia-System\data\audio\features\mfcc\test\Antony Flew\antonyflew_5_1_chunk_004.npy,40,313,False
test,Antony Flew,dementia,dementia/Antony Flew/antonyflew_5_1.wav,antonyflew_5_1,5,C:\Users\sricb\OneDrive\Desktop\AI dementia dection\AI-Powered-Multimodal-Dementia-System\data\audio\features\mfcc\test\Antony Flew\antonyflew_5_1_chunk_005.npy,40,313,False
test,Antony Flew,dementia,dementia/Antony Flew/antonyflew_5_1.wav,antonyflew_5_1,6,C:\Users\sricb\OneDrive\Desktop\AI dementia dection\AI-Powered-Multimodal-Dementia-System\data\audio\features\mfcc\test\Antony Flew\antonyflew_5_1_chunk_006.npy,40,313,False
test,Antony Flew,dementia,dementia/Antony Flew/antonyflew_5_1.wav,antonyflew_5_1,7,C:\Users\sricb\OneDrive\Desktop\AI dementia dection\AI-Powered-Multimodal-Dementia-System\data\audio\features\mfcc\test\Antony Flew\antonyflew_5_1_chunk_007.npy,40,313,False
test,Antony Flew,dementia,dementia/Antony Flew/antonyflew_5_1.wav,antonyflew_5_1,8,C:\Users\sricb\OneDrive\Desktop\AI dementia dection\AI-Powered-Multimodal-Dementia-System\data\audio\features\mfcc\test\Antony Flew\antonyflew_5_1_chunk_008.npy,40,313,False
test,Antony Flew,dementia,dementia/Antony Flew/antonyflew_5_1.wav,antonyflew_5_1,9,C:\Users\sricb\OneDrive\Desktop\AI dementia dection\AI-Powered-Multimodal-Dementia-System\data\audio\features\mfcc\test\Antony Flew\antonyflew_5_1_chunk_009.npy,40,313,False
test,Antony Flew,dementia,dementia/Antony Flew/antonyflew_5_1.wav,antonyflew_5_1,10,C:\Users\sricb\OneDrive\Desktop\AI dementia dection\AI-Powered-Multimodal-Dementia-System\data\audio\features\mfcc\test\Antony Flew\antonyflew_5_1_chunk_010.npy,40,313,False
test,Antony Flew,dementia,dementia/Antony Flew/antonyflew_5_1.wav,antonyflew_5_1,11,C:\Users\sricb\OneDrive\Desktop\AI dementia dection\AI-Powered-Multimodal-Dementia-System\data\audio\features\mfcc\test\Antony Flew\antonyflew_5_1_chunk_011.npy,40,313,False
test,Antony Flew,dementia,dementia/Antony Flew/antonyflew_5_1.wav,antonyflew_5_1,12,C:\Users\sricb\OneDrive\Desktop\AI dementia dection\AI-Powered-Multimodal-Dementia-System\data\audio\features\mfcc\test\Antony Flew\antonyflew_5_1_chunk_012.npy,40,313,False
test,Antony Flew,dementia,dementia/Antony Flew/antonyflew_5_1.wav,antonyflew_5_1,13,C:\Users\sricb\OneDrive\Desktop\AI dementia dection\AI-Powered-Multimodal-Dementia-System\data\audio\features\mfcc\test\Antony Flew\antonyflew_5_1_chunk_013.npy,40,313,False
test,Antony Flew,dementia,dementia/Antony Flew/antonyflew_5_1.wav,antonyflew_5_1,14,C:\Users\sricb\OneDrive\Desktop\AI dementia dection\AI-Powered-Multimodal-Dementia-System\data\audio\features\mfcc\test\Antony Flew\antonyflew_5_1_chunk_014.npy,40,313,True
test,Antony Flew,dementia,dementia/Antony Flew/antonyflew_5_1.wav,antonyflew_5_1,15,C:\Users\sricb\OneDrive\Desktop\AI dementia dection\AI-Powered-Multimodal-Dementia-System\data\audio\features\mfcc\test\Antony Flew\antonyflew_5_1_chunk_015.npy,40,313,True
test,Antony Flew,dementia,dementia/Antony Flew/antonyflew_5_2.wav,antonyflew_5_2,1,C:\Users\sricb\OneDrive\Desktop\AI dementia dection\AI-Powered-Multimodal-Dementia-System\data\audio\features\mfcc\test\Antony Flew\antonyflew_5_2_chunk_001.npy,40,313,False
test,Antony Flew,dementia,dementia/Antony Flew/antonyflew_5_2.wav,antonyflew_5_2,2,C:\Users\sricb\OneDrive\Desktop\AI dementia dection\AI-Powered-Multimodal-Dementia-System\data\audio\features\mfcc\test\Antony Flew\antonyflew_5_2_chunk_002.npy,40,313,False
test,Antony Flew,dementia,dementia/Antony Flew/antonyflew_5_2.wav,antonyflew_5_2,3,C:\Users\sricb\OneDrive\Desktop\AI dementia dection\AI-Powered-Multimodal-Dementia-System\data\audio\features\mfcc\test\Antony Flew\antonyflew_5_2_chunk_003.npy,40,313,False
test,Antony Flew,dementia,dementia/Antony Flew/antonyflew_5_2.wav,antonyflew_5_2,4,C:\Users\sricb\OneDrive\Desktop\AI dementia dection\AI-Powered-Multimodal-Dementia-System\data\audio\features\mfcc\test\Antony Flew\antonyflew_5_2_chunk_004.npy,40,313,False
test,Antony Flew,dementia,dementia/Antony Flew/antonyflew_5_2.wav,antonyflew_5_2,5,C:\Users\sricb\OneDrive\Desktop\AI dementia dection\AI-Powered-Multimodal-Dementia-System\data\audio\features\mfcc\test\Antony Flew\antonyflew_5_2_chunk_005.npy,40,313,True
test,Antony Flew,dementia,dementia/Antony Flew/antonyflew_5_2.wav,antonyflew_5_2,6,C:\Users\sricb\OneDrive\Desktop\AI dementia dection\AI-Powered-Multimodal-Dementia-System\data\audio\features\mfcc\test\Antony Flew\antonyflew_5_2_chunk_006.npy,40,313,True
test,B B King,dementia,dementia/B B King/bbking_0.wav,bbking_0,1,C:\Users\sricb\OneDrive\Desktop\AI dementia dection\AI-Powered-Multimodal-Dementia-System\data\audio\features\mfcc\test\B B King\bbking_0_chunk_001.npy,40,313,True
test,B B King,dementia,dementia/B B King/bbking_10.wav,bbking_10,1,C:\Users\sricb\OneDrive\Desktop\AI dementia dection\AI-Powered-Multimodal-Dementia-System\data\audio\features\mfcc\test\B B King\bbking_10_chunk_001.npy,40,313,False
test,B B King,dementia,dementia/B B King/bbking_10.wav,bbking_10,2,C:\Users\sricb\OneDrive\Desktop\AI dementia dection\AI-Powered-Multimodal-Dementia-System\data\audio\features\mfcc\test\B B King\bbking_10_chunk_002.npy,40,313,False
test,B B King,dementia,dementia/B B King/bbking_10.wav,bbking_10,3,C:\Users\sricb\OneDrive\Desktop\AI dementia dection\AI-Powered-Multimodal-Dementia-System\data\audio\features\mfcc\test\B B King\bbking_10_chunk_003.npy,40,313,False
test,B B King,dementia,dementia/B B King/bbking_10.wav,bbking_10,4,C:\Users\sricb\OneDrive\Desktop\AI dementia dection\AI-Powered-Multimodal-Dementia-System\data\audio\features\mfcc\test\B B King\bbking_10_chunk_004.npy,40,313,False
test,B B King,dementia,dementia/B B King/bbking_10.wav,bbking_10,5,C:\Users\sricb\OneDrive\Desktop\AI dementia dection\AI-Powered-Multimodal-Dementia-System\data\audio\features\mfcc\test\B B King\bbking_10_chunk_005.npy,40,313,False
test,B B King,dementia,dementia/B B King/bbking_10.wav,bbking_10,6,C:\Users\sricb\OneDrive\Desktop\AI dementia dection\AI-Powered-Multimodal-Dementia-System\data\audio\features\mfcc\test\B B King\bbking_10_chunk_006.npy,40,313,False
test,B B King,dementia,dementia/B B King/bbking_10.wav,bbking_10,7,C:\Users\sricb\OneDrive\Desktop\AI dementia dection\AI-Powered-Multimodal-Dementia-System\data\audio\features\mfcc\test\B B King\bbking_10_chunk_007.npy,40,313,False
test,B B King,dementia,dementia/B B King/bbking_10.wav,bbking_10,8,C:\Users\sricb\OneDrive\Desktop\AI dementia dection\AI-Powered-Multimodal-Dementia-System\data\audio\features\mfcc\test\B B King\bbking_10_chunk_008.npy,40,313,False
test,B B King,dementia,dementia/B B King/bbking_10.wav,bbking_10,9,C:\Users\sricb\OneDrive\Desktop\AI dementia dection\AI-Powered-Multimodal-Dementia-System\data\audio\features\mfcc\test\B B King\bbking_10_chunk_009.npy,40,313,False
test,B B King,dementia,dementia/B B King/bbking_10.wav,bbking_10,10,C:\Users\sricb\OneDrive\Desktop\AI dementia dection\AI-Powered-Multimodal-Dementia-System\data\audio\features\mfcc\test\B B King\bbking_10_chunk_010.npy,40,313,False
test,B B King,dementia,dementia/B B King/bbking_10.wav,bbking_10,11,C:\Users\sricb\OneDrive\Desktop\AI dementia dection\AI-Powered-Multimodal-Dementia-System\data\audio\features\mfcc\test\B B King\bbking_10_chunk_011.npy,40,313,False
test,B B King,dementia,dementia/B B King/bbking_10.wav,bbking_10,12,C:\Users\sricb\OneDrive\Desktop\AI dementia dection\AI-Powered-Multimodal-Dementia-System\data\audio\features\mfcc\test\B B King\bbking_10_chunk_012.npy,40,313,False
test,B B King,dementia,dementia/B B King/bbking_10.wav,bbking_10,13,C:\Users\sricb\OneDrive\Desktop\AI dementia dection\AI-Powered-Multimodal-Dementia-System\data\audio\features\mfcc\test\B B King\bbking_10_chunk_013.npy,40,313,False
test,B B King,dementia,dementia/B B King/bbking_10.wav,bbking_10,14,C:\Users\sricb\OneDrive\Desktop\AI dementia dection\AI-Powered-Multimodal-Dementia-System\data\audio\features\mfcc\test\B B King\bbking_10_chunk_014.npy,40,313,False
test,B B King,dementia,dementia/B B King/bbking_10.wav,bbking_10,15,C:\Users\sricb\OneDrive\Desktop\AI dementia dection\AI-Powered-Multimodal-Dementia-System\data\audio\features\mfcc\test\B B King\bbking_10_chunk_015.npy,40,313,False
test,B B King,dementia,dementia/B B King/bbking_10.wav,bbking_10,16,C:\Users\sricb\OneDrive\Desktop\AI dementia dection\AI-Powered-Multimodal-Dementia-System\data\audio\features\mfcc\test\B B King\bbking_10_chunk_016.npy,40,313,False
test,B B King,dementia,dementia/B B King/bbking_10.wav,bbking_10,17,C:\Users\sricb\OneDrive\Desktop\AI dementia dection\AI-Powered-Multimodal-Dementia-System\data\audio\features\mfcc\test\B B King\bbking_10_chunk_017.npy,40,313,False
test,B B King,dementia,dementia/B B King/bbking_10.wav,bbking_10,18,C:\Users\sricb\OneDrive\Desktop\AI dementia dection\AI-Powered-Multimodal-Dementia-System\data\audio\features\mfcc\test\B B King\bbking_10_chunk_018.npy,40,313,True
test,B B King,dementia,dementia/B B King/bbking_15.wav,bbking_15,1,C:\Users\sricb\OneDrive\Desktop\AI dementia dection\AI-Powered-Multimodal-Dementia-System\data\audio\features\mfcc\test\B B King\bbking_15_chunk_001.npy,40,313,False
test,B B King,dementia,dementia/B B King/bbking_15.wav,bbking_15,2,C:\Users\sricb\OneDrive\Desktop\AI dementia dection\AI-Powered-Multimodal-Dementia-System\data\audio\features\mfcc\test\B B King\bbking_15_chunk_002.npy,40,313,False
test,B B King,dementia,dementia/B B King/bbking_15.wav,bbking_15,3,C:\Users\sricb\OneDrive\Desktop\AI dementia dection\AI-Powered-Multimodal-Dementia-System\data\audio\features\mfcc\test\B B King\bbking_15_chunk_003.npy,40,313,False
test,B B King,dementia,dementia/B B King/bbking_15.wav,bbking_15,4,C:\Users\sricb\OneDrive\Desktop\AI dementia dection\AI-Powered-Multimodal-Dementia-System\data\audio\features\mfcc\test\B B King\bbking_15_chunk_004.npy,40,313,False
test,B B King,dementia,dementia/B B King/bbking_15.wav,bbking_15,5,C:\Users\sricb\OneDrive\Desktop\AI dementia dection\AI-Powered-Multimodal-Dementia-System\data\audio\features\mfcc\test\B B King\bbking_15_chunk_005.npy,40,313,False
test,B B King,dementia,dementia/B B King/bbking_15.wav,bbking_15,6,C:\Users\sricb\OneDrive\Desktop\AI dementia dection\AI-Powered-Multimodal-Dementia-System\data\audio\features\mfcc\test\B B King\bbking_15_chunk_006.npy,40,313,False
test,B B King,dementia,dementia/B B King/bbking_15.wav,bbking_15,7,C:\Users\sricb\OneDrive\Desktop\AI dementia dection\AI-Powered-Multimodal-Dementia-System\data\audio\features\mfcc\test\B B King\bbking_15_chunk_007.npy,40,313,False
test,B B King,dementia,dementia/B B King/bbking_15.wav,bbking_15,8,C:\Users\sricb\OneDrive\Desktop\AI dementia dection\AI-Powered-Multimodal-Dementia-System\data\audio\features\mfcc\test\B B King\bbking_15_chunk_008.npy,40,313,False
test,B B King,dementia,dementia/B B King/bbking_15.wav,bbking_15,9,C:\Users\sricb\OneDrive\Desktop\AI dementia dection\AI-Powered-Multimodal-Dementia-System\data\audio\features\mfcc\test\B B King\bbking_15_chunk_009.npy,40,313,False
test,B B King,dementia,dementia/B B King/bbking_15.wav,bbking_15,10,C:\Users\sricb\OneDrive\Desktop\AI dementia dection\AI-Powered-Multimodal-Dementia-System\data\audio\features\mfcc\test\B B King\bbking_15_chunk_010.npy,40,313,False
test,B B King,dementia,dementia/B B King/bbking_15.wav,bbking_15,11,C:\Users\sricb\OneDrive\Desktop\AI dementia dection\AI-Powered-Multimodal-Dementia-System\data\audio\features\mfcc\test\B B King\bbking_15_chunk_011.npy,40,313,False
test,B B King,dementia,dementia/B B King/bbking_15.wav,bbking_15,12,C:\Users\sricb\OneDrive\Desktop\AI dementia dection\AI-Powered-Multimodal-Dementia-System\data\audio\features\mfcc\test\B B King\bbking_15_chunk_012.npy,40,313,False
test,B B King,dementia,dementia/B B King/bbking_15.wav,bbking_15,13,C:\Users\sricb\OneDrive\Desktop\AI dementia dection\AI-Powered-Multimodal-Dementia-System\data\audio\features\mfcc\test\B B King\bbking_15_chunk_013.npy,40,313,False
test,B B King,dementia,dementia/B B King/bbking_15.wav,bbking_15,14,C:\Users\sricb\OneDrive\Desktop\AI dementia dection\AI-Powered-Multimodal-Dementia-System\data\audio\features\mfcc\test\B B King\bbking_15_chunk_014.npy,40,313,False
test,B B King,dementia,dementia/B B King/bbking_15.wav,bbking_15,15,C:\Users\sricb\OneDrive\Desktop\AI dementia dection\AI-Powered-Multimodal-Dementia-System\data\audio\features\mfcc\test\B B King\bbking_15_chunk_015.npy,40,313,True
test,B B King,dementia,dementia/B B King/bbking_15.wav,bbking_15,16,C:\Users\sricb\OneDrive\Desktop\AI dementia dection\AI-Powered-Multimodal-Dementia-System\data\audio\features\mfcc\test\B B King\bbking_15_chunk_016.npy,40,313,True
test,Bill Buckner,dementia,dementia/Bill Buckner/BillBuckner_10.wav,BillBuckner_10,1,C:\Users\sricb\OneDrive\Desktop\AI dementia dection\AI-Powered-Multimodal-Dementia-System\data\audio\features\mfcc\test\Bill Buckner\BillBuckner_10_chunk_001.npy,40,313,False
test,Bill Buckner,dementia,dementia/Bill Buckner/BillBuckner_10.wav,BillBuckner_10,2,C:\Users\sricb\OneDrive\Desktop\AI dementia dection\AI-Powered-Multimodal-Dementia-System\data\audio\features\mfcc\test\Bill Buckner\BillBuckner_10_chunk_002.npy,40,313,False
test,Bill Buckner,dementia,dementia/Bill Buckner/BillBuckner_10.wav,BillBuckner_10,3,C:\Users\sricb\OneDrive\Desktop\AI dementia dection\AI-Powered-Multimodal-Dementia-System\data\audio\features\mfcc\test\Bill Buckner\BillBuckner_10_chunk_003.npy,40,313,False
test,Bill Buckner,dementia,dementia/Bill Buckner/BillBuckner_10.wav,BillBuckner_10,4,C:\Users\sricb\OneDrive\Desktop\AI dementia dection\AI-Powered-Multimodal-Dementia-System\data\audio\features\mfcc\test\Bill Buckner\BillBuckner_10_chunk_004.npy,40,313,False
test,Bill Buckner,dementia,dementia/Bill Buckner/BillBuckner_10.wav,BillBuckner_10,5,C:\Users\sricb\OneDrive\Desktop\AI dementia dection\AI-Powered-Multimodal-Dementia-System\data\audio\features\mfcc\test\Bill Buckner\BillBuckner_10_chunk_005.npy,40,313,False
test,Bill Buckner,dementia,dementia/Bill Buckner/BillBuckner_10.wav,BillBuckner_10,6,C:\Users\sricb\OneDrive\Desktop\AI dementia dection\AI-Powered-Multimodal-Dementia-System\data\audio\features\mfcc\test\Bill Buckner\BillBuckner_10_chunk_006.npy,40,313,False
test,Bill Buckner,dementia,dementia/Bill Buckner/BillBuckner_10.wav,BillBuckner_10,7,C:\Users\sricb\OneDrive\Desktop\AI dementia dection\AI-Powered-Multimodal-Dementia-System\data\audio\features\mfcc\test\Bill Buckner\BillBuckner_10_chunk_007.npy,40,313,True
test,Bill Buckner,dementia,dementia/Bill Buckner/BillBuckner_10.wav,BillBuckner_10,8,C:\Users\sricb\OneDrive\Desktop\AI dementia dection\AI-Powered-Multimodal-Dementia-System\data\audio\features\mfcc\test\Bill Buckner\BillBuckner_10_chunk_008.npy,40,313,True
test,Bill Buckner,dementia,dementia/Bill Buckner/BillBuckner_15.wav,BillBuckner_15,1,C:\Users\sricb\OneDrive\Desktop\AI dementia dection\AI-Powered-Multimodal-Dementia-System\data\audio\features\mfcc\test\Bill Buckner\BillBuckner_15_chunk_001.npy,40,313,False
test,Bill Buckner,dementia,dementia/Bill Buckner/BillBuckner_15.wav,BillBuckner_15,2,C:\Users\sricb\OneDrive\Desktop\AI dementia dection\AI-Powered-Multimodal-Dementia-System\data\audio\features\mfcc\test\Bill Buckner\BillBuckner_15_chunk_002.npy,40,313,False
test,Bill Buckner,dementia,dementia/Bill Buckner/BillBuckner_15.wav,BillBuckner_15,3,C:\Users\sricb\OneDrive\Desktop\AI dementia dection\AI-Powered-Multimodal-Dementia-System\data\audio\features\mfcc\test\Bill Buckner\BillBuckner_15_chunk_003.npy,40,313,False
test,Bill Buckner,dementia,dementia/Bill Buckner/BillBuckner_15.wav,BillBuckner_15,4,C:\Users\sricb\OneDrive\Desktop\AI dementia dection\AI-Powered-Multimodal-Dementia-System\data\audio\features\mfcc\test\Bill Buckner\BillBuckner_15_chunk_004.npy,40,313,False
test,Bill Buckner,dementia,dementia/Bill Buckner/BillBuckner_15.wav,BillBuckner_15,5,C:\Users\sricb\OneDrive\Desktop\AI dementia dection\AI-Powered-Multimodal-Dementia-System\data\audio\features\mfcc\test\Bill Buckner\BillBuckner_15_chunk_005.npy,40,313,False
test,Bill Buckner,dementia,dementia/Bill Buckner/BillBuckner_15.wav,BillBuckner_15,6,C:\Users\sricb\OneDrive\Desktop\AI dementia dection\AI-Powered-Multimodal-Dementia-System\data\audio\features\mfcc\test\Bill Buckner\BillBuckner_15_chunk_006.npy,40,313,False
test,Bill Buckner,dementia,dementia/Bill Buckner/BillBuckner_15.wav,BillBuckner_15,7,C:\Users\sricb\OneDrive\Desktop\AI dementia dection\AI-Powered-Multimodal-Dementia-System\data\audio\features\mfcc\test\Bill Buckner\BillBuckner_15_chunk_007.npy,40,313,False
test,Bill Buckner,dementia,dementia/Bill Buckner/BillBuckner_15.wav,BillBuckner_15,8,C:\Users\sricb\OneDrive\Desktop\AI dementia dection\AI-Powered-Multimodal-Dementia-System\data\audio\features\mfcc\test\Bill Buckner\BillBuckner_15_chunk_008.npy,40,313,True
test,Bill Buckner,dementia,dementia/Bill Buckner/BillBuckner_15.wav,BillBuckner_15,9,C:\Users\sricb\OneDrive\Desktop\AI dementia dection\AI-Powered-Multimodal-Dementia-System\data\audio\features\mfcc\test\Bill Buckner\BillBuckner_15_chunk_009.npy,40,313,True
test,Bill Buckner,dementia,dementia/Bill Buckner/BillBuckner_5.wav,BillBuckner_5,1,C:\Users\sricb\OneDrive\Desktop\AI dementia dection\AI-Powered-Multimodal-Dementia-System\data\audio\features\mfcc\test\Bill Buckner\BillBuckner_5_chunk_001.npy,40,313,False
test,Bill Buckner,dementia,dementia/Bill Buckner/BillBuckner_5.wav,BillBuckner_5,2,C:\Users\sricb\OneDrive\Desktop\AI dementia dection\AI-Powered-Multimodal-Dementia-System\data\audio\features\mfcc\test\Bill Buckner\BillBuckner_5_chunk_002.npy,40,313,False
test,Bill Buckner,dementia,dementia/Bill Buckner/BillBuckner_5.wav,BillBuckner_5,3,C:\Users\sricb\OneDrive\Desktop\AI dementia dection\AI-Powered-Multimodal-Dementia-System\data\audio\features\mfcc\test\Bill Buckner\BillBuckner_5_chunk_003.npy,40,313,False
test,Bill Buckner,dementia,dementia/Bill Buckner/BillBuckner_5.wav,BillBuckner_5,4,C:\Users\sricb\OneDrive\Desktop\AI dementia dection\AI-Powered-Multimodal-Dementia-System\data\audio\features\mfcc\test\Bill Buckner\BillBuckner_5_chunk_004.npy,40,313,False
test,Bill Buckner,dementia,dementia/Bill Buckner/BillBuckner_5.wav,BillBuckner_5,5,C:\Users\sricb\OneDrive\Desktop\AI dementia dection\AI-Powered-Multimodal-Dementia-System\data\audio\features\mfcc\test\Bill Buckner\BillBuckner_5_chunk_005.npy,40,313,True
test,Bill Buckner,dementia,dementia/Bill Buckner/BillBuckner_5.wav,BillBuckner_5,6,C:\Users\sricb\OneDrive\Desktop\AI dementia dection\AI-Powered-Multimodal-Dementia-System\data\audio\features\mfcc\test\Bill Buckner\BillBuckner_5_chunk_006.npy,40,313,True
test,David Prowse,dementia,dementia/David Prowse/DavidProwse_0.wav,DavidProwse_0,1,C:\Users\sricb\OneDrive\Desktop\AI dementia dection\AI-Powered-Multimodal-Dementia-System\data\audio\features\mfcc\test\David Prowse\DavidProwse_0_chunk_001.npy,40,313,False
test,David Prowse,dementia,dementia/David Prowse/DavidProwse_0.wav,DavidProwse_0,2,C:\Users\sricb\OneDrive\Desktop\AI dementia dection\AI-Powered-Multimodal-Dementia-System\data\audio\features\mfcc\test\David Prowse\DavidProwse_0_chunk_002.npy,40,313,False
test,David Prowse,dementia,dementia/David Prowse/DavidProwse_0.wav,DavidProwse_0,3,C:\Users\sricb\OneDrive\Desktop\AI dementia dection\AI-Powered-Multimodal-Dementia-System\data\audio\features\mfcc\test\David Prowse\DavidProwse_0_chunk_003.npy,40,313,False
test,David Prowse,dementia,dementia/David Prowse/DavidProwse_0.wav,DavidProwse_0,4,C:\Users\sricb\OneDrive\Desktop\AI dementia dection\AI-Powered-Multimodal-Dementia-System\data\audio\features\mfcc\test\David Prowse\DavidProwse_0_chunk_004.npy,40,313,False
test,David Prowse,dementia,dementia/David Prowse/DavidProwse_0.wav,DavidProwse_0,5,C:\Users\sricb\OneDrive\Desktop\AI dementia dection\AI-Powered-Multimodal-Dementia-System\data\audio\features\mfcc\test\David Prowse\DavidProwse_0_chunk_005.npy,40,313,False
test,David Prowse,dementia,dementia/David Prowse/DavidProwse_0.wav,DavidProwse_0,6,C:\Users\sricb\OneDrive\Desktop\AI dementia dection\AI-Powered-Multimodal-Dementia-System\data\audio\features\mfcc\test\David Prowse\DavidProwse_0_chunk_006.npy,40,313,False
test,David Prowse,dementia,dementia/David Prowse/DavidProwse_0.wav,DavidProwse_0,7,C:\Users\sricb\OneDrive\Desktop\AI dementia dection\AI-Powered-Multimodal-Dementia-System\data\audio\features\mfcc\test\David Prowse\DavidProwse_0_chunk_007.npy,40,313,False
test,David Prowse,dementia,dementia/David Prowse/DavidProwse_0.wav,DavidProwse_0,8,C:\Users\sricb\OneDrive\Desktop\AI dementia dection\AI-Powered-Multimodal-Dementia-System\data\audio\features\mfcc\test\David Prowse\DavidProwse_0_chunk_008.npy,40,313,False
test,David Prowse,dementia,dementia/David Prowse/DavidProwse_0.wav,DavidProwse_0,9,C:\Users\sricb\OneDrive\Desktop\AI dementia dection\AI-Powered-Multimodal-Dementia-System\data\audio\features\mfcc\test\David Prowse\DavidProwse_0_chunk_009.npy,40,313,True
test,David Prowse,dementia,dementia/David Prowse/DavidProwse_0.wav,DavidProwse_0,10,C:\Users\sricb\OneDrive\Desktop\AI dementia dection\AI-Powered-Multimodal-Dementia-System\data\audio\features\mfcc\test\David Prowse\DavidProwse_0_chunk_010.npy,40,313,True
test,David Prowse,dementia,dementia/David Prowse/DavidProwse_10.wav,DavidProwse_10,1,C:\Users\sricb\OneDrive\Desktop\AI dementia dection\AI-Powered-Multimodal-Dementia-System\data\audio\features\mfcc\test\David Prowse\DavidProwse_10_chunk_001.npy,40,313,False
test,David Prowse,dementia,dementia/David Prowse/DavidProwse_10.wav,DavidProwse_10,2,C:\Users\sricb\OneDrive\Desktop\AI dementia dection\AI-Powered-Multimodal-Dementia-System\data\audio\features\mfcc\test\David Prowse\DavidProwse_10_chunk_002.npy,40,313,False
test,David Prowse,dementia,dementia/David Prowse/DavidProwse_10.wav,DavidProwse_10,3,C:\Users\sricb\OneDrive\Desktop\AI dementia dection\AI-Powered-Multimodal-Dementia-System\data\audio\features\mfcc\test\David Prowse\DavidProwse_10_chunk_003.npy,40,313,False
test,David Prowse,dementia,dementia/David Prowse/DavidProwse_10.wav,DavidProwse_10,4,C:\Users\sricb\OneDrive\Desktop\AI dementia dection\AI-Powered-Multimodal-Dementia-System\data\audio\features\mfcc\test\David Prowse\DavidProwse_10_chunk_004.npy,40,313,False
test,David Prowse,dementia,dementia/David Prowse/DavidProwse_10.wav,DavidProwse_10,5,C:\Users\sricb\OneDrive\Desktop\AI dementia dection\AI-Powered-Multimodal-Dementia-System\data\audio\features\mfcc\test\David Prowse\DavidProwse_10_chunk_005.npy,40,313,False
test,David Prowse,dementia,dementia/David Prowse/DavidProwse_10.wav,DavidProwse_10,6,C:\Users\sricb\OneDrive\Desktop\AI dementia dection\AI-Powered-Multimodal-Dementia-System\data\audio\features\mfcc\test\David Prowse\DavidProwse_10_chunk_006.npy,40,313,False
test,David Prowse,dementia,dementia/David Prowse/DavidProwse_10.wav,DavidProwse_10,7,C:\Users\sricb\OneDrive\Desktop\AI dementia dection\AI-Powered-Multimodal-Dementia-System\data\audio\features\mfcc\test\David Prowse\DavidProwse_10_chunk_007.npy,40,313,False
test,David Prowse,dementia,dementia/David Prowse/DavidProwse_10.wav,DavidProwse_10,8,C:\Users\sricb\OneDrive\Desktop\AI dementia dection\AI-Powered-Multimodal-Dementia-System\data\audio\features\mfcc\test\David Prowse\DavidProwse_10_chunk_008.npy,40,313,False
test,David Prowse,dementia,dementia/David Prowse/DavidProwse_10.wav,DavidProwse_10,9,C:\Users\sricb\OneDrive\Desktop\AI dementia dection\AI-Powered-Multimodal-Dementia-System\data\audio\features\mfcc\test\David Prowse\DavidProwse_10_chunk_009.npy,40,313,False
test,David Prowse,dementia,dementia/David Prowse/DavidProwse_10.wav,DavidProwse_10,10,C:\Users\sricb\OneDrive\Desktop\AI dementia dection\AI-Powered-Multimodal-Dementia-System\data\audio\features\mfcc\test\David Prowse\DavidProwse_10_chunk_010.npy,40,313,False
test,David Prowse,dementia,dementia/David Prowse/DavidProwse_10.wav,DavidProwse_10,11,C:\Users\sricb\OneDrive\Desktop\AI dementia dection\AI-Powered-Multimodal-Dementia-System\data\audio\features\mfcc\test\David Prowse\DavidProwse_10_chunk_011.npy,40,313,False
test,David Prowse,dementia,dementia/David Prowse/DavidProwse_10.wav,DavidProwse_10,12,C:\Users\sricb\OneDrive\Desktop\AI dementia dection\AI-Powered-Multimodal-Dementia-System\data\audio\features\mfcc\test\David Prowse\DavidProwse_10_chunk_012.npy,40,313,False
test,David Prowse,dementia,dementia/David Prowse/DavidProwse_10.wav,DavidProwse_10,13,C:\Users\sricb\OneDrive\Desktop\AI dementia dection\AI-Powered-Multimodal-Dementia-System\data\audio\features\mfcc\test\David Prowse\DavidProwse_10_chunk_013.npy,40,313,False
test,David Prowse,dementia,dementia/David Prowse/DavidProwse_10.wav,DavidProwse_10,14,C:\Users\sricb\OneDrive\Desktop\AI dementia dection\AI-Powered-Multimodal-Dementia-System\data\audio\features\mfcc\test\David Prowse\DavidProwse_10_chunk_014.npy,40,313,False
test,David Prowse,dementia,dementia/David Prowse/DavidProwse_10.wav,DavidProwse_10,15,C:\Users\sricb\OneDrive\Desktop\AI dementia dection\AI-Powered-Multimodal-Dementia-System\data\audio\features\mfcc\test\David Prowse\DavidProwse_10_chunk_015.npy,40,313,False
test,David Prowse,dementia,dementia/David Prowse/DavidProwse_10.wav,DavidProwse_10,16,C:\Users\sricb\OneDrive\Desktop\AI dementia dection\AI-Powered-Multimodal-Dementia-System\data\audio\features\mfcc\test\David Prowse\DavidProwse_10_chunk_016.npy,40,313,False
test,David Prowse,dementia,dementia/David Prowse/DavidProwse_10.wav,DavidProwse_10,17,C:\Users\sricb\OneDrive\Desktop\AI dementia dection\AI-Powered-Multimodal-Dementia-System\data\audio\features\mfcc\test\David Prowse\DavidProwse_10_chunk_017.npy,40,313,False
test,David Prowse,dementia,dementia/David Prowse/DavidProwse_10.wav,DavidProwse_10,18,C:\Users\sricb\OneDrive\Desktop\AI dementia dection\AI-Powered-Multimodal-Dementia-System\data\audio\features\mfcc\test\David Prowse\DavidProwse_10_chunk_018.npy,40,313,True
test,David Prowse,dementia,dementia/David Prowse/DavidProwse_10.wav,DavidProwse_10,19,C:\Users\sricb\OneDrive\Desktop\AI dementia dection\AI-Powered-Multimodal-Dementia-System\data\audio\features\mfcc\test\David Prowse\DavidProwse_10_chunk_019.npy,40,313,True
test,David Prowse,dementia,dementia/David Prowse/DavidProwse_5.wav,DavidProwse_5,1,C:\Users\sricb\OneDrive\Desktop\AI dementia dection\AI-Powered-Multimodal-Dementia-System\data\audio\features\mfcc\test\David Prowse\DavidProwse_5_chunk_001.npy,40,313,False
test,David Prowse,dementia,dementia/David Prowse/DavidProwse_5.wav,DavidProwse_5,2,C:\Users\sricb\OneDrive\Desktop\AI dementia dection\AI-Powered-Multimodal-Dementia-System\data\audio\features\mfcc\test\David Prowse\DavidProwse_5_chunk_002.npy,40,313,False
test,David Prowse,dementia,dementia/David Prowse/DavidProwse_5.wav,DavidProwse_5,3,C:\Users\sricb\OneDrive\Desktop\AI dementia dection\AI-Powered-Multimodal-Dementia-System\data\audio\features\mfcc\test\David Prowse\DavidProwse_5_chunk_003.npy,40,313,False
test,David Prowse,dementia,dementia/David Prowse/DavidProwse_5.wav,DavidProwse_5,4,C:\Users\sricb\OneDrive\Desktop\AI dementia dection\AI-Powered-Multimodal-Dementia-System\data\audio\features\mfcc\test\David Prowse\DavidProwse_5_chunk_004.npy,40,313,False
test,David Prowse,dementia,dementia/David Prowse/DavidProwse_5.wav,DavidProwse_5,5,C:\Users\sricb\OneDrive\Desktop\AI dementia dection\AI-Powered-Multimodal-Dementia-System\data\audio\features\mfcc\test\David Prowse\DavidProwse_5_chunk_005.npy,40,313,False
test,David Prowse,dementia,dementia/David Prowse/DavidProwse_5.wav,DavidProwse_5,6,C:\Users\sricb\OneDrive\Desktop\AI dementia dection\AI-Powered-Multimodal-Dementia-System\data\audio\features\mfcc\test\David Prowse\DavidProwse_5_chunk_006.npy,40,313,False
test,David Prowse,dementia,dementia/David Prowse/DavidProwse_5.wav,DavidProwse_5,7,C:\Users\sricb\OneDrive\Desktop\AI dementia dection\AI-Powered-Multimodal-Dementia-System\data\audio\features\mfcc\test\David Prowse\DavidProwse_5_chunk_007.npy,40,313,False
test,David Prowse,dementia,dementia/David Prowse/DavidProwse_5.wav,DavidProwse_5,8,C:\Users\sricb\OneDrive\Desktop\AI dementia dection\AI-Powered-Multimodal-Dementia-System\data\audio\features\mfcc\test\David Prowse\DavidProwse_5_chunk_008.npy,40,313,False
test,David Prowse,dementia,dementia/David Prowse/DavidProwse_5.wav,DavidProwse_5,9,C:\Users\sricb\OneDrive\Desktop\AI dementia dection\AI-Powered-Multimodal-Dementia-System\data\audio\features\mfcc\test\David Prowse\DavidProwse_5_chunk_009.npy,40,313,False
test,David Prowse,dementia,dementia/David Prowse/DavidProwse_5.wav,DavidProwse_5,10,C:\Users\sricb\OneDrive\Desktop\AI dementia dection\AI-Powered-Multimodal-Dementia-System\data\audio\features\mfcc\test\David Prowse\DavidProwse_5_chunk_010.npy,40,313,False
test,David Prowse,dementia,dementia/David Prowse/DavidProwse_5.wav,DavidProwse_5,11,C:\Users\sricb\OneDrive\Desktop\AI dementia dection\AI-Powered-Multimodal-Dementia-System\data\audio\features\mfcc\test\David Prowse\DavidProwse_5_chunk_011.npy,40,313,True
test,David Prowse,dementia,dementia/David Prowse/DavidProwse_5.wav,DavidProwse_5,12,C:\Users\sricb\OneDrive\Desktop\AI dementia dection\AI-Powered-Multimodal-Dementia-System\data\audio\features\mfcc\test\David Prowse\DavidProwse_5_chunk_012.npy,40,313,True
test,Gale Sayers,dementia,dementia/Gale Sayers/galesayers_0.wav,galesayers_0,1,C:\Users\sricb\OneDrive\Desktop\AI dementia dection\AI-Powered-Multimodal-Dementia-System\data\audio\features\mfcc\test\Gale Sayers\galesayers_0_chunk_001.npy,40,313,False
test,Gale Sayers,dementia,dementia/Gale Sayers/galesayers_0.wav,galesayers_0,2,C:\Users\sricb\OneDrive\Desktop\AI dementia dection\AI-Powered-Multimodal-Dementia-System\data\audio\features\mfcc\test\Gale Sayers\galesayers_0_chunk_002.npy,40,313,False
test,Gale Sayers,dementia,dementia/Gale Sayers/galesayers_0.wav,galesayers_0,3,C:\Users\sricb\OneDrive\Desktop\AI dementia dection\AI-Powered-Multimodal-Dementia-System\data\audio\features\mfcc\test\Gale Sayers\galesayers_0_chunk_003.npy,40,313,False
test,Gale Sayers,dementia,dementia/Gale Sayers/galesayers_0.wav,galesayers_0,4,C:\Users\sricb\OneDrive\Desktop\AI dementia dection\AI-Powered-Multimodal-Dementia-System\data\audio\features\mfcc\test\Gale Sayers\galesayers_0_chunk_004.npy,40,313,False
test,Gale Sayers,dementia,dementia/Gale Sayers/galesayers_0.wav,galesayers_0,5,C:\Users\sricb\OneDrive\Desktop\AI dementia dection\AI-Powered-Multimodal-Dementia-System\data\audio\features\mfcc\test\Gale Sayers\galesayers_0_chunk_005.npy,40,313,False
test,Gale Sayers,dementia,dementia/Gale Sayers/galesayers_0.wav,galesayers_0,6,C:\Users\sricb\OneDrive\Desktop\AI dementia dection\AI-Powered-Multimodal-Dementia-System\data\audio\features\mfcc\test\Gale Sayers\galesayers_0_chunk_006.npy,40,313,False
test,Gale Sayers,dementia,dementia/Gale Sayers/galesayers_0.wav,galesayers_0,7,C:\Users\sricb\OneDrive\Desktop\AI dementia dection\AI-Powered-Multimodal-Dementia-System\data\audio\features\mfcc\test\Gale Sayers\galesayers_0_chunk_007.npy,40,313,False
test,Gale Sayers,dementia,dementia/Gale Sayers/galesayers_0.wav,galesayers_0,8,C:\Users\sricb\OneDrive\Desktop\AI dementia dection\AI-Powered-Multimodal-Dementia-System\data\audio\features\mfcc\test\Gale Sayers\galesayers_0_chunk_008.npy,40,313,False
test,Gale Sayers,dementia,dementia/Gale Sayers/galesayers_0.wav,galesayers_0,9,C:\Users\sricb\OneDrive\Desktop\AI dementia dection\AI-Powered-Multimodal-Dementia-System\data\audio\features\mfcc\test\Gale Sayers\galesayers_0_chunk_009.npy,40,313,False
test,Gale Sayers,dementia,dementia/Gale Sayers/galesayers_0.wav,galesayers_0,10,C:\Users\sricb\OneDrive\Desktop\AI dementia dection\AI-Powered-Multimodal-Dementia-System\data\audio\features\mfcc\test\Gale Sayers\galesayers_0_chunk_010.npy,40,313,False
test,Gale Sayers,dementia,dementia/Gale Sayers/galesayers_0.wav,galesayers_0,11,C:\Users\sricb\OneDrive\Desktop\AI dementia dection\AI-Powered-Multimodal-Dementia-System\data\audio\features\mfcc\test\Gale Sayers\galesayers_0_chunk_011.npy,40,313,False
test,Gale Sayers,dementia,dementia/Gale Sayers/galesayers_0.wav,galesayers_0,12,C:\Users\sricb\OneDrive\Desktop\AI dementia dection\AI-Powered-Multimodal-Dementia-System\data\audio\features\mfcc\test\Gale Sayers\galesayers_0_chunk_012.npy,40,313,False
test,Gale Sayers,dementia,dementia/Gale Sayers/galesayers_0.wav,galesayers_0,13,C:\Users\sricb\OneDrive\Desktop\AI dementia dection\AI-Powered-Multimodal-Dementia-System\data\audio\features\mfcc\test\Gale Sayers\galesayers_0_chunk_013.npy,40,313,False
test,Gale Sayers,dementia,dementia/Gale Sayers/galesayers_0.wav,galesayers_0,14,C:\Users\sricb\OneDrive\Desktop\AI dementia dection\AI-Powered-Multimodal-Dementia-System\data\audio\features\mfcc\test\Gale Sayers\galesayers_0_chunk_014.npy,40,313,False
test,Gale Sayers,dementia,dementia/Gale Sayers/galesayers_0.wav,galesayers_0,15,C:\Users\sricb\OneDrive\Desktop\AI dementia dection\AI-Powered-Multimodal-Dementia-System\data\audio\features\mfcc\test\Gale Sayers\galesayers_0_chunk_015.npy,40,313,False
test,Gale Sayers,dementia,dementia/Gale Sayers/galesayers_0.wav,galesayers_0,16,C:\Users\sricb\OneDrive\Desktop\AI dementia dection\AI-Powered-Multimodal-Dementia-System\data\audio\features\mfcc\test\Gale Sayers\galesayers_0_chunk_016.npy,40,313,True
test,Gale Sayers,dementia,dementia/Gale Sayers/galesayers_0.wav,galesayers_0,17,C:\Users\sricb\OneDrive\Desktop\AI dementia dection\AI-Powered-Multimodal-Dementia-System\data\audio\features\mfcc\test\Gale Sayers\galesayers_0_chunk_017.npy,40,313,True
test,Gale Sayers,dementia,dementia/Gale Sayers/galesayers_5_1.wav,galesayers_5_1,1,C:\Users\sricb\OneDrive\Desktop\AI dementia dection\AI-Powered-Multimodal-Dementia-System\data\audio\features\mfcc\test\Gale Sayers\galesayers_5_1_chunk_001.npy,40,313,False
test,Gale Sayers,dementia,dementia/Gale Sayers/galesayers_5_1.wav,galesayers_5_1,2,C:\Users\sricb\OneDrive\Desktop\AI dementia dection\AI-Powered-Multimodal-Dementia-System\data\audio\features\mfcc\test\Gale Sayers\galesayers_5_1_chunk_002.npy,40,313,False
test,Gale Sayers,dementia,dementia/Gale Sayers/galesayers_5_1.wav,galesayers_5_1,3,C:\Users\sricb\OneDrive\Desktop\AI dementia dection\AI-Powered-Multimodal-Dementia-System\data\audio\features\mfcc\test\Gale Sayers\galesayers_5_1_chunk_003.npy,40,313,False
test,Gale Sayers,dementia,dementia/Gale Sayers/galesayers_5_1.wav,galesayers_5_1,4,C:\Users\sricb\OneDrive\Desktop\AI dementia dection\AI-Powered-Multimodal-Dementia-System\data\audio\features\mfcc\test\Gale Sayers\galesayers_5_1_chunk_004.npy,40,313,False
test,Gale Sayers,dementia,dementia/Gale Sayers/galesayers_5_1.wav,galesayers_5_1,5,C:\Users\sricb\OneDrive\Desktop\AI dementia dection\AI-Powered-Multimodal-Dementia-System\data\audio\features\mfcc\test\Gale Sayers\galesayers_5_1_chunk_005.npy,40,313,False
test,Gale Sayers,dementia,dementia/Gale Sayers/galesayers_5_1.wav,galesayers_5_1,6,C:\Users\sricb\OneDrive\Desktop\AI dementia dection\AI-Powered-Multimodal-Dementia-System\data\audio\features\mfcc\test\Gale Sayers\galesayers_5_1_chunk_006.npy,40,313,False
test,Gale Sayers,dementia,dementia/Gale Sayers/galesayers_5_1.wav,galesayers_5_1,7,C:\Users\sricb\OneDrive\Desktop\AI dementia dection\AI-Powered-Multimodal-Dementia-System\data\audio\features\mfcc\test\Gale Sayers\galesayers_5_1_chunk_007.npy,40,313,False
test,Gale Sayers,dementia,dementia/Gale Sayers/galesayers_5_1.wav,galesayers_5_1,8,C:\Users\sricb\OneDrive\Desktop\AI dementia dection\AI-Powered-Multimodal-Dementia-System\data\audio\features\mfcc\test\Gale Sayers\galesayers_5_1_chunk_008.npy,40,313,True
test,Gale Sayers,dementia,dementia/Gale Sayers/galesayers_5_1.wav,galesayers_5_1,9,C:\Users\sricb\OneDrive\Desktop\AI dementia dection\AI-Powered-Multimodal-Dementia-System\data\audio\features\mfcc\test\Gale Sayers\galesayers_5_1_chunk_009.npy,40,313,True
test,Gale Sayers,dementia,dementia/Gale Sayers/galesayers_5_2.wav,galesayers_5_2,1,C:\Users\sricb\OneDrive\Desktop\AI dementia dection\AI-Powered-Multimodal-Dementia-System\data\audio\features\mfcc\test\Gale Sayers\galesayers_5_2_chunk_001.npy,40,313,False
test,Gale Sayers,dementia,dementia/Gale Sayers/galesayers_5_2.wav,galesayers_5_2,2,C:\Users\sricb\OneDrive\Desktop\AI dementia dection\AI-Powered-Multimodal-Dementia-System\data\audio\features\mfcc\test\Gale Sayers\galesayers_5_2_chunk_002.npy,40,313,False
test,Gale Sayers,dementia,dementia/Gale Sayers/galesayers_5_2.wav,galesayers_5_2,3,C:\Users\sricb\OneDrive\Desktop\AI dementia dection\AI-Powered-Multimodal-Dementia-System\data\audio\features\mfcc\test\Gale Sayers\galesayers_5_2_chunk_003.npy,40,313,False
test,Gale Sayers,dementia,dementia/Gale Sayers/galesayers_5_2.wav,galesayers_5_2,4,C:\Users\sricb\OneDrive\Desktop\AI dementia dection\AI-Powered-Multimodal-Dementia-System\data\audio\features\mfcc\test\Gale Sayers\galesayers_5_2_chunk_004.npy,40,313,False
test,Gale Sayers,dementia,dementia/Gale Sayers/galesayers_5_2.wav,galesayers_5_2,5,C:\Users\sricb\OneDrive\Desktop\AI dementia dection\AI-Powered-Multimodal-Dementia-System\data\audio\features\mfcc\test\Gale Sayers\galesayers_5_2_chunk_005.npy,40,313,False
test,Gale Sayers,dementia,dementia/Gale Sayers/galesayers_5_2.wav,galesayers_5_2,6,C:\Users\sricb\OneDrive\Desktop\AI dementia dection\AI-Powered-Multimodal-Dementia-System\data\audio\features\mfcc\test\Gale Sayers\galesayers_5_2_chunk_006.npy,40,313,False
test,Gale Sayers,dementia,dementia/Gale Sayers/galesayers_5_2.wav,galesayers_5_2,7,C:\Users\sricb\OneDrive\Desktop\AI dementia dection\AI-Powered-Multimodal-Dementia-System\data\audio\features\mfcc\test\Gale Sayers\galesayers_5_2_chunk_007.npy,40,313,False
test,Gale Sayers,dementia,dementia/Gale Sayers/galesayers_5_2.wav,galesayers_5_2,8,C:\Users\sricb\OneDrive\Desktop\AI dementia dection\AI-Powered-Multimodal-Dementia-System\data\audio\features\mfcc\test\Gale Sayers\galesayers_5_2_chunk_008.npy,40,313,False
test,Gale Sayers,dementia,dementia/Gale Sayers/galesayers_5_2.wav,galesayers_5_2,9,C:\Users\sricb\OneDrive\Desktop\AI dementia dection\AI-Powered-Multimodal-Dementia-System\data\audio\features\mfcc\test\Gale Sayers\galesayers_5_2_chunk_009.npy,40,313,False
test,Gale Sayers,dementia,dementia/Gale Sayers/galesayers_5_2.wav,galesayers_5_2,10,C:\Users\sricb\OneDrive\Desktop\AI dementia dection\AI-Powered-Multimodal-Dementia-System\data\audio\features\mfcc\test\Gale Sayers\galesayers_5_2_chunk_010.npy,40,313,True
test,Gale Sayers,dementia,dementia/Gale Sayers/galesayers_5_2.wav,galesayers_5_2,11,C:\Users\sricb\OneDrive\Desktop\AI dementia dection\AI-Powered-Multimodal-Dementia-System\data\audio\features\mfcc\test\Gale Sayers\galesayers_5_2_chunk_011.npy,40,313,True
test,George Klein,dementia,dementia/George Klein/georgeklein_5_1.wav,georgeklein_5_1,1,C:\Users\sricb\OneDrive\Desktop\AI dementia dection\AI-Powered-Multimodal-Dementia-System\data\audio\features\mfcc\test\George Klein\georgeklein_5_1_chunk_001.npy,40,313,False
test,George Klein,dementia,dementia/George Klein/georgeklein_5_1.wav,georgeklein_5_1,2,C:\Users\sricb\OneDrive\Desktop\AI dementia dection\AI-Powered-Multimodal-Dementia-System\data\audio\features\mfcc\test\George Klein\georgeklein_5_1_chunk_002.npy,40,313,True
test,George Klein,dementia,dementia/George Klein/georgeklein_5_1.wav,georgeklein_5_1,3,C:\Users\sricb\OneDrive\Desktop\AI dementia dection\AI-Powered-Multimodal-Dementia-System\data\audio\features\mfcc\test\George Klein\georgeklein_5_1_chunk_003.npy,40,313,True
test,George Klein,dementia,dementia/George Klein/georgeklein_5_2.wav,georgeklein_5_2,1,C:\Users\sricb\OneDrive\Desktop\AI dementia dection\AI-Powered-Multimodal-Dementia-System\data\audio\features\mfcc\test\George Klein\georgeklein_5_2_chunk_001.npy,40,313,False
test,George Klein,dementia,dementia/George Klein/georgeklein_5_2.wav,georgeklein_5_2,2,C:\Users\sricb\OneDrive\Desktop\AI dementia dection\AI-Powered-Multimodal-Dementia-System\data\audio\features\mfcc\test\George Klein\georgeklein_5_2_chunk_002.npy,40,313,False
test,George Klein,dementia,dementia/George Klein/georgeklein_5_2.wav,georgeklein_5_2,3,C:\Users\sricb\OneDrive\Desktop\AI dementia dection\AI-Powered-Multimodal-Dementia-System\data\audio\features\mfcc\test\George Klein\georgeklein_5_2_chunk_003.npy,40,313,False
test,George Klein,dementia,dementia/George Klein/georgeklein_5_2.wav,georgeklein_5_2,4,C:\Users\sricb\OneDrive\Desktop\AI dementia dection\AI-Powered-Multimodal-Dementia-System\data\audio\features\mfcc\test\George Klein\georgeklein_5_2_chunk_004.npy,40,313,False
test,George Klein,dementia,dementia/George Klein/georgeklein_5_2.wav,georgeklein_5_2,5,C:\Users\sricb\OneDrive\Desktop\AI dementia dection\AI-Powered-Multimodal-Dementia-System\data\audio\features\mfcc\test\George Klein\georgeklein_5_2_chunk_005.npy,40,313,False
test,George Klein,dementia,dementia/George Klein/georgeklein_5_2.wav,georgeklein_5_2,6,C:\Users\sricb\OneDrive\Desktop\AI dementia dection\AI-Powered-Multimodal-Dementia-System\data\audio\features\mfcc\test\George Klein\georgeklein_5_2_chunk_006.npy,40,313,False
test,George Klein,dementia,dementia/George Klein/georgeklein_5_2.wav,georgeklein_5_2,7,C:\Users\sricb\OneDrive\Desktop\AI dementia dection\AI-Powered-Multimodal-Dementia-System\data\audio\features\mfcc\test\George Klein\georgeklein_5_2_chunk_007.npy,40,313,False
test,George Klein,dementia,dementia/George Klein/georgeklein_5_2.wav,georgeklein_5_2,8,C:\Users\sricb\OneDrive\Desktop\AI dementia dection\AI-Powered-Multimodal-Dementia-System\data\audio\features\mfcc\test\George Klein\georgeklein_5_2_chunk_008.npy,40,313,False
test,George Klein,dementia,dementia/George Klein/georgeklein_5_2.wav,georgeklein_5_2,9,C:\Users\sricb\OneDrive\Desktop\AI dementia dection\AI-Powered-Multimodal-Dementia-System\data\audio\features\mfcc\test\George Klein\georgeklein_5_2_chunk_009.npy,40,313,False
test,George Klein,dementia,dementia/George Klein/georgeklein_5_2.wav,georgeklein_5_2,10,C:\Users\sricb\OneDrive\Desktop\AI dementia dection\AI-Powered-Multimodal-Dementia-System\data\audio\features\mfcc\test\George Klein\georgeklein_5_2_chunk_010.npy,40,313,False
test,George Klein,dementia,dementia/George Klein/georgeklein_5_2.wav,georgeklein_5_2,11,C:\Users\sricb\OneDrive\Desktop\AI dementia dection\AI-Powered-Multimodal-Dementia-System\data\audio\features\mfcc\test\George Klein\georgeklein_5_2_chunk_011.npy,40,313,False
test,George Klein,dementia,dementia/George Klein/georgeklein_5_2.wav,georgeklein_5_2,12,C:\Users\sricb\OneDrive\Desktop\AI dementia dection\AI-Powered-Multimodal-Dementia-System\data\audio\features\mfcc\test\George Klein\georgeklein_5_2_chunk_012.npy,40,313,True
test,George Klein,dementia,dementia/George Klein/georgeklein_5_2.wav,georgeklein_5_2,13,C:\Users\sricb\OneDrive\Desktop\AI dementia dection\AI-Powered-Multimodal-Dementia-System\data\audio\features\mfcc\test\George Klein\georgeklein_5_2_chunk_013.npy,40,313,True
test,George Klein,dementia,dementia/George Klein/georgeklein_5_3.wav,georgeklein_5_3,1,C:\Users\sricb\OneDrive\Desktop\AI dementia dection\AI-Powered-Multimodal-Dementia-System\data\audio\features\mfcc\test\George Klein\georgeklein_5_3_chunk_001.npy,40,313,False
test,George Klein,dementia,dementia/George Klein/georgeklein_5_3.wav,georgeklein_5_3,2,C:\Users\sricb\OneDrive\Desktop\AI dementia dection\AI-Powered-Multimodal-Dementia-System\data\audio\features\mfcc\test\George Klein\georgeklein_5_3_chunk_002.npy,40,313,False
test,George Klein,dementia,dementia/George Klein/georgeklein_5_3.wav,georgeklein_5_3,3,C:\Users\sricb\OneDrive\Desktop\AI dementia dection\AI-Powered-Multimodal-Dementia-System\data\audio\features\mfcc\test\George Klein\georgeklein_5_3_chunk_003.npy,40,313,True
test,George Klein,dementia,dementia/George Klein/georgeklein_5_3.wav,georgeklein_5_3,4,C:\Users\sricb\OneDrive\Desktop\AI dementia dection\AI-Powered-Multimodal-Dementia-System\data\audio\features\mfcc\test\George Klein\georgeklein_5_3_chunk_004.npy,40,313,True
test,Jesse Helms,dementia,dementia/Jesse Helms/jessehelms_0.wav,jessehelms_0,1,C:\Users\sricb\OneDrive\Desktop\AI dementia dection\AI-Powered-Multimodal-Dementia-System\data\audio\features\mfcc\test\Jesse Helms\jessehelms_0_chunk_001.npy,40,313,False
test,Jesse Helms,dementia,dementia/Jesse Helms/jessehelms_0.wav,jessehelms_0,2,C:\Users\sricb\OneDrive\Desktop\AI dementia dection\AI-Powered-Multimodal-Dementia-System\data\audio\features\mfcc\test\Jesse Helms\jessehelms_0_chunk_002.npy,40,313,False
test,Jesse Helms,dementia,dementia/Jesse Helms/jessehelms_0.wav,jessehelms_0,3,C:\Users\sricb\OneDrive\Desktop\AI dementia dection\AI-Powered-Multimodal-Dementia-System\data\audio\features\mfcc\test\Jesse Helms\jessehelms_0_chunk_003.npy,40,313,False
test,Jesse Helms,dementia,dementia/Jesse Helms/jessehelms_0.wav,jessehelms_0,4,C:\Users\sricb\OneDrive\Desktop\AI dementia dection\AI-Powered-Multimodal-Dementia-System\data\audio\features\mfcc\test\Jesse Helms\jessehelms_0_chunk_004.npy,40,313,False
test,Jesse Helms,dementia,dementia/Jesse Helms/jessehelms_0.wav,jessehelms_0,5,C:\Users\sricb\OneDrive\Desktop\AI dementia dection\AI-Powered-Multimodal-Dementia-System\data\audio\features\mfcc\test\Jesse Helms\jessehelms_0_chunk_005.npy,40,313,False
test,Jesse Helms,dementia,dementia/Jesse Helms/jessehelms_0.wav,jessehelms_0,6,C:\Users\sricb\OneDrive\Desktop\AI dementia dection\AI-Powered-Multimodal-Dementia-System\data\audio\features\mfcc\test\Jesse Helms\jessehelms_0_chunk_006.npy,40,313,False
test,Jesse Helms,dementia,dementia/Jesse Helms/jessehelms_0.wav,jessehelms_0,7,C:\Users\sricb\OneDrive\Desktop\AI dementia dection\AI-Powered-Multimodal-Dementia-System\data\audio\features\mfcc\test\Jesse Helms\jessehelms_0_chunk_007.npy,40,313,False
test,Jesse Helms,dementia,dementia/Jesse Helms/jessehelms_0.wav,jessehelms_0,8,C:\Users\sricb\OneDrive\Desktop\AI dementia dection\AI-Powered-Multimodal-Dementia-System\data\audio\features\mfcc\test\Jesse Helms\jessehelms_0_chunk_008.npy,40,313,False
test,Jesse Helms,dementia,dementia/Jesse Helms/jessehelms_0.wav,jessehelms_0,9,C:\Users\sricb\OneDrive\Desktop\AI dementia dection\AI-Powered-Multimodal-Dementia-System\data\audio\features\mfcc\test\Jesse Helms\jessehelms_0_chunk_009.npy,40,313,False
test,Jesse Helms,dementia,dementia/Jesse Helms/jessehelms_0.wav,jessehelms_0,10,C:\Users\sricb\OneDrive\Desktop\AI dementia dection\AI-Powered-Multimodal-Dementia-System\data\audio\features\mfcc\test\Jesse Helms\jessehelms_0_chunk_010.npy,40,313,False
test,Jesse Helms,dementia,dementia/Jesse Helms/jessehelms_0.wav,jessehelms_0,11,C:\Users\sricb\OneDrive\Desktop\AI dementia dection\AI-Powered-Multimodal-Dementia-System\data\audio\features\mfcc\test\Jesse Helms\jessehelms_0_chunk_011.npy,40,313,False
test,Jesse Helms,dementia,dementia/Jesse Helms/jessehelms_0.wav,jessehelms_0,12,C:\Users\sricb\OneDrive\Desktop\AI dementia dection\AI-Powered-Multimodal-Dementia-System\data\audio\features\mfcc\test\Jesse Helms\jessehelms_0_chunk_012.npy,40,313,False
test,Jesse Helms,dementia,dementia/Jesse Helms/jessehelms_0.wav,jessehelms_0,13,C:\Users\sricb\OneDrive\Desktop\AI dementia dection\AI-Powered-Multimodal-Dementia-System\data\audio\features\mfcc\test\Jesse Helms\jessehelms_0_chunk_013.npy,40,313,False
test,Jesse Helms,dementia,dementia/Jesse Helms/jessehelms_0.wav,jessehelms_0,14,C:\Users\sricb\OneDrive\Desktop\AI dementia dection\AI-Powered-Multimodal-Dementia-System\data\audio\features\mfcc\test\Jesse Helms\jessehelms_0_chunk_014.npy,40,313,False
test,Jesse Helms,dementia,dementia/Jesse Helms/jessehelms_0.wav,jessehelms_0,15,C:\Users\sricb\OneDrive\Desktop\AI dementia dection\AI-Powered-Multimodal-Dementia-System\data\audio\features\mfcc\test\Jesse Helms\jessehelms_0_chunk_015.npy,40,313,False
test,Jesse Helms,dementia,dementia/Jesse Helms/jessehelms_0.wav,jessehelms_0,16,C:\Users\sricb\OneDrive\Desktop\AI dementia dection\AI-Powered-Multimodal-Dementia-System\data\audio\features\mfcc\test\Jesse Helms\jessehelms_0_chunk_016.npy,40,313,False
test,Jesse Helms,dementia,dementia/Jesse Helms/jessehelms_0.wav,jessehelms_0,17,C:\Users\sricb\OneDrive\Desktop\AI dementia dection\AI-Powered-Multimodal-Dementia-System\data\audio\features\mfcc\test\Jesse Helms\jessehelms_0_chunk_017.npy,40,313,False
test,Jesse Helms,dementia,dementia/Jesse Helms/jessehelms_0.wav,jessehelms_0,18,C:\Users\sricb\OneDrive\Desktop\AI dementia dection\AI-Powered-Multimodal-Dementia-System\data\audio\features\mfcc\test\Jesse Helms\jessehelms_0_chunk_018.npy,40,313,True
test,Jesse Helms,dementia,dementia/Jesse Helms/jessehelms_5_1.wav,jessehelms_5_1,1,C:\Users\sricb\OneDrive\Desktop\AI dementia dection\AI-Powered-Multimodal-Dementia-System\data\audio\features\mfcc\test\Jesse Helms\jessehelms_5_1_chunk_001.npy,40,313,False
test,Jesse Helms,dementia,dementia/Jesse Helms/jessehelms_5_1.wav,jessehelms_5_1,2,C:\Users\sricb\OneDrive\Desktop\AI dementia dection\AI-Powered-Multimodal-Dementia-System\data\audio\features\mfcc\test\Jesse Helms\jessehelms_5_1_chunk_002.npy,40,313,False
test,Jesse Helms,dementia,dementia/Jesse Helms/jessehelms_5_1.wav,jessehelms_5_1,3,C:\Users\sricb\OneDrive\Desktop\AI dementia dection\AI-Powered-Multimodal-Dementia-System\data\audio\features\mfcc\test\Jesse Helms\jessehelms_5_1_chunk_003.npy,40,313,False
test,Jesse Helms,dementia,dementia/Jesse Helms/jessehelms_5_1.wav,jessehelms_5_1,4,C:\Users\sricb\OneDrive\Desktop\AI dementia dection\AI-Powered-Multimodal-Dementia-System\data\audio\features\mfcc\test\Jesse Helms\jessehelms_5_1_chunk_004.npy,40,313,False
test,Jesse Helms,dementia,dementia/Jesse Helms/jessehelms_5_1.wav,jessehelms_5_1,5,C:\Users\sricb\OneDrive\Desktop\AI dementia dection\AI-Powered-Multimodal-Dementia-System\data\audio\features\mfcc\test\Jesse Helms\jessehelms_5_1_chunk_005.npy,40,313,False
test,Jesse Helms,dementia,dementia/Jesse Helms/jessehelms_5_1.wav,jessehelms_5_1,6,C:\Users\sricb\OneDrive\Desktop\AI dementia dection\AI-Powered-Multimodal-Dementia-System\data\audio\features\mfcc\test\Jesse Helms\jessehelms_5_1_chunk_006.npy,40,313,False
test,Jesse Helms,dementia,dementia/Jesse Helms/jessehelms_5_1.wav,jessehelms_5_1,7,C:\Users\sricb\OneDrive\Desktop\AI dementia dection\AI-Powered-Multimodal-Dementia-System\data\audio\features\mfcc\test\Jesse Helms\jessehelms_5_1_chunk_007.npy,40,313,True
test,Jesse Helms,dementia,dementia/Jesse Helms/jessehelms_5_1.wav,jessehelms_5_1,8,C:\Users\sricb\OneDrive\Desktop\AI dementia dection\AI-Powered-Multimodal-Dementia-System\data\audio\features\mfcc\test\Jesse Helms\jessehelms_5_1_chunk_008.npy,40,313,True
test,Jesse Helms,dementia,dementia/Jesse Helms/jessehelms_5_2.wav,jessehelms_5_2,1,C:\Users\sricb\OneDrive\Desktop\AI dementia dection\AI-Powered-Multimodal-Dementia-System\data\audio\features\mfcc\test\Jesse Helms\jessehelms_5_2_chunk_001.npy,40,313,True
test,Jim Neidhart,dementia,dementia/Jim Neidhart/JimNeidhart_0.wav,JimNeidhart_0,1,C:\Users\sricb\OneDrive\Desktop\AI dementia dection\AI-Powered-Multimodal-Dementia-System\data\audio\features\mfcc\test\Jim Neidhart\JimNeidhart_0_chunk_001.npy,40,313,False
test,Jim Neidhart,dementia,dementia/Jim Neidhart/JimNeidhart_0.wav,JimNeidhart_0,2,C:\Users\sricb\OneDrive\Desktop\AI dementia dection\AI-Powered-Multimodal-Dementia-System\data\audio\features\mfcc\test\Jim Neidhart\JimNeidhart_0_chunk_002.npy,40,313,False
test,Jim Neidhart,dementia,dementia/Jim Neidhart/JimNeidhart_0.wav,JimNeidhart_0,3,C:\Users\sricb\OneDrive\Desktop\AI dementia dection\AI-Powered-Multimodal-Dementia-System\data\audio\features\mfcc\test\Jim Neidhart\JimNeidhart_0_chunk_003.npy,40,313,False
test,Jim Neidhart,dementia,dementia/Jim Neidhart/JimNeidhart_0.wav,JimNeidhart_0,4,C:\Users\sricb\OneDrive\Desktop\AI dementia dection\AI-Powered-Multimodal-Dementia-System\data\audio\features\mfcc\test\Jim Neidhart\JimNeidhart_0_chunk_004.npy,40,313,False
test,Jim Neidhart,dementia,dementia/Jim Neidhart/JimNeidhart_0.wav,JimNeidhart_0,5,C:\Users\sricb\OneDrive\Desktop\AI dementia dection\AI-Powered-Multimodal-Dementia-System\data\audio\features\mfcc\test\Jim Neidhart\JimNeidhart_0_chunk_005.npy,40,313,True
test,Jim Neidhart,dementia,dementia/Jim Neidhart/JimNeidhart_0.wav,JimNeidhart_0,6,C:\Users\sricb\OneDrive\Desktop\AI dementia dection\AI-Powered-Multimodal-Dementia-System\data\audio\features\mfcc\test\Jim Neidhart\JimNeidhart_0_chunk_006.npy,40,313,True
test,Jim Neidhart,dementia,dementia/Jim Neidhart/JimNeidhart_10.wav,JimNeidhart_10,1,C:\Users\sricb\OneDrive\Desktop\AI dementia dection\AI-Powered-Multimodal-Dementia-System\data\audio\features\mfcc\test\Jim Neidhart\JimNeidhart_10_chunk_001.npy,40,313,False
test,Jim Neidhart,dementia,dementia/Jim Neidhart/JimNeidhart_10.wav,JimNeidhart_10,2,C:\Users\sricb\OneDrive\Desktop\AI dementia dection\AI-Powered-Multimodal-Dementia-System\data\audio\features\mfcc\test\Jim Neidhart\JimNeidhart_10_chunk_002.npy,40,313,False
test,Jim Neidhart,dementia,dementia/Jim Neidhart/JimNeidhart_10.wav,JimNeidhart_10,3,C:\Users\sricb\OneDrive\Desktop\AI dementia dection\AI-Powered-Multimodal-Dementia-System\data\audio\features\mfcc\test\Jim Neidhart\JimNeidhart_10_chunk_003.npy,40,313,True
test,Jim Neidhart,dementia,dementia/Jim Neidhart/JimNeidhart_10.wav,JimNeidhart_10,4,C:\Users\sricb\OneDrive\Desktop\AI dementia dection\AI-Powered-Multimodal-Dementia-System\data\audio\features\mfcc\test\Jim Neidhart\JimNeidhart_10_chunk_004.npy,40,313,True
test,Jim Neidhart,dementia,dementia/Jim Neidhart/JimNeidhart_15.wav,JimNeidhart_15,1,C:\Users\sricb\OneDrive\Desktop\AI dementia dection\AI-Powered-Multimodal-Dementia-System\data\audio\features\mfcc\test\Jim Neidhart\JimNeidhart_15_chunk_001.npy,40,313,False
test,Jim Neidhart,dementia,dementia/Jim Neidhart/JimNeidhart_15.wav,JimNeidhart_15,2,C:\Users\sricb\OneDrive\Desktop\AI dementia dection\AI-Powered-Multimodal-Dementia-System\data\audio\features\mfcc\test\Jim Neidhart\JimNeidhart_15_chunk_002.npy,40,313,False
test,Jim Neidhart,dementia,dementia/Jim Neidhart/JimNeidhart_15.wav,JimNeidhart_15,3,C:\Users\sricb\OneDrive\Desktop\AI dementia dection\AI-Powered-Multimodal-Dementia-System\data\audio\features\mfcc\test\Jim Neidhart\JimNeidhart_15_chunk_003.npy,40,313,False
test,Jim Neidhart,dementia,dementia/Jim Neidhart/JimNeidhart_15.wav,JimNeidhart_15,4,C:\Users\sricb\OneDrive\Desktop\AI dementia dection\AI-Powered-Multimodal-Dementia-System\data\audio\features\mfcc\test\Jim Neidhart\JimNeidhart_15_chunk_004.npy,40,313,False
test,Jim Neidhart,dementia,dementia/Jim Neidhart/JimNeidhart_15.wav,JimNeidhart_15,5,C:\Users\sricb\OneDrive\Desktop\AI dementia dection\AI-Powered-Multimodal-Dementia-System\data\audio\features\mfcc\test\Jim Neidhart\JimNeidhart_15_chunk_005.npy,40,313,False
test,Jim Neidhart,dementia,dementia/Jim Neidhart/JimNeidhart_15.wav,JimNeidhart_15,6,C:\Users\sricb\OneDrive\Desktop\AI dementia dection\AI-Powered-Multimodal-Dementia-System\data\audio\features\mfcc\test\Jim Neidhart\JimNeidhart_15_chunk_006.npy,40,313,False
test,Jim Neidhart,dementia,dementia/Jim Neidhart/JimNeidhart_15.wav,JimNeidhart_15,7,C:\Users\sricb\OneDrive\Desktop\AI dementia dection\AI-Powered-Multimodal-Dementia-System\data\audio\features\mfcc\test\Jim Neidhart\JimNeidhart_15_chunk_007.npy,40,313,False
test,Jim Neidhart,dementia,dementia/Jim Neidhart/JimNeidhart_15.wav,JimNeidhart_15,8,C:\Users\sricb\OneDrive\Desktop\AI dementia dection\AI-Powered-Multimodal-Dementia-System\data\audio\features\mfcc\test\Jim Neidhart\JimNeidhart_15_chunk_008.npy,40,313,True
test,Jim Neidhart,dementia,dementia/Jim Neidhart/JimNeidhart_15.wav,JimNeidhart_15,9,C:\Users\sricb\OneDrive\Desktop\AI dementia dection\AI-Powered-Multimodal-Dementia-System\data\audio\features\mfcc\test\Jim Neidhart\JimNeidhart_15_chunk_009.npy,40,313,True
test,Maurice Hinchey,dementia,dementia/Maurice Hinchey/mauricehinchey_0_1.wav,mauricehinchey_0_1,1,C:\Users\sricb\OneDrive\Desktop\AI dementia dection\AI-Powered-Multimodal-Dementia-System\data\audio\features\mfcc\test\Maurice Hinchey\mauricehinchey_0_1_chunk_001.npy,40,313,False
test,Maurice Hinchey,dementia,dementia/Maurice Hinchey/mauricehinchey_0_1.wav,mauricehinchey_0_1,2,C:\Users\sricb\OneDrive\Desktop\AI dementia dection\AI-Powered-Multimodal-Dementia-System\data\audio\features\mfcc\test\Maurice Hinchey\mauricehinchey_0_1_chunk_002.npy,40,313,False
test,Maurice Hinchey,dementia,dementia/Maurice Hinchey/mauricehinchey_0_1.wav,mauricehinchey_0_1,3,C:\Users\sricb\OneDrive\Desktop\AI dementia dection\AI-Powered-Multimodal-Dementia-System\data\audio\features\mfcc\test\Maurice Hinchey\mauricehinchey_0_1_chunk_003.npy,40,313,False
test,Maurice Hinchey,dementia,dementia/Maurice Hinchey/mauricehinchey_0_1.wav,mauricehinchey_0_1,4,C:\Users\sricb\OneDrive\Desktop\AI dementia dection\AI-Powered-Multimodal-Dementia-System\data\audio\features\mfcc\test\Maurice Hinchey\mauricehinchey_0_1_chunk_004.npy,40,313,False
test,Maurice Hinchey,dementia,dementia/Maurice Hinchey/mauricehinchey_0_1.wav,mauricehinchey_0_1,5,C:\Users\sricb\OneDrive\Desktop\AI dementia dection\AI-Powered-Multimodal-Dementia-System\data\audio\features\mfcc\test\Maurice Hinchey\mauricehinchey_0_1_chunk_005.npy,40,313,False
test,Maurice Hinchey,dementia,dementia/Maurice Hinchey/mauricehinchey_0_1.wav,mauricehinchey_0_1,6,C:\Users\sricb\OneDrive\Desktop\AI dementia dection\AI-Powered-Multimodal-Dementia-System\data\audio\features\mfcc\test\Maurice Hinchey\mauricehinchey_0_1_chunk_006.npy,40,313,False
test,Maurice Hinchey,dementia,dementia/Maurice Hinchey/mauricehinchey_0_1.wav,mauricehinchey_0_1,7,C:\Users\sricb\OneDrive\Desktop\AI dementia dection\AI-Powered-Multimodal-Dementia-System\data\audio\features\mfcc\test\Maurice Hinchey\mauricehinchey_0_1_chunk_007.npy,40,313,False
test,Maurice Hinchey,dementia,dementia/Maurice Hinchey/mauricehinchey_0_1.wav,mauricehinchey_0_1,8,C:\Users\sricb\OneDrive\Desktop\AI dementia dection\AI-Powered-Multimodal-Dementia-System\data\audio\features\mfcc\test\Maurice Hinchey\mauricehinchey_0_1_chunk_008.npy,40,313,False
test,Maurice Hinchey,dementia,dementia/Maurice Hinchey/mauricehinchey_0_1.wav,mauricehinchey_0_1,9,C:\Users\sricb\OneDrive\Desktop\AI dementia dection\AI-Powered-Multimodal-Dementia-System\data\audio\features\mfcc\test\Maurice Hinchey\mauricehinchey_0_1_chunk_009.npy,40,313,False
test,Maurice Hinchey,dementia,dementia/Maurice Hinchey/mauricehinchey_0_1.wav,mauricehinchey_0_1,10,C:\Users\sricb\OneDrive\Desktop\AI dementia dection\AI-Powered-Multimodal-Dementia-System\data\audio\features\mfcc\test\Maurice Hinchey\mauricehinchey_0_1_chunk_010.npy,40,313,False
test,Maurice Hinchey,dementia,dementia/Maurice Hinchey/mauricehinchey_0_1.wav,mauricehinchey_0_1,11,C:\Users\sricb\OneDrive\Desktop\AI dementia dection\AI-Powered-Multimodal-Dementia-System\data\audio\features\mfcc\test\Maurice Hinchey\mauricehinchey_0_1_chunk_011.npy,40,313,False
test,Maurice Hinchey,dementia,dementia/Maurice Hinchey/mauricehinchey_0_1.wav,mauricehinchey_0_1,12,C:\Users\sricb\OneDrive\Desktop\AI dementia dection\AI-Powered-Multimodal-Dementia-System\data\audio\features\mfcc\test\Maurice Hinchey\mauricehinchey_0_1_chunk_012.npy,40,313,False
test,Maurice Hinchey,dementia,dementia/Maurice Hinchey/mauricehinchey_0_1.wav,mauricehinchey_0_1,13,C:\Users\sricb\OneDrive\Desktop\AI dementia dection\AI-Powered-Multimodal-Dementia-System\data\audio\features\mfcc\test\Maurice Hinchey\mauricehinchey_0_1_chunk_013.npy,40,313,False
test,Maurice Hinchey,dementia,dementia/Maurice Hinchey/mauricehinchey_0_1.wav,mauricehinchey_0_1,14,C:\Users\sricb\OneDrive\Desktop\AI dementia dection\AI-Powered-Multimodal-Dementia-System\data\audio\features\mfcc\test\Maurice Hinchey\mauricehinchey_0_1_chunk_014.npy,40,313,False
test,Maurice Hinchey,dementia,dementia/Maurice Hinchey/mauricehinchey_0_1.wav,mauricehinchey_0_1,15,C:\Users\sricb\OneDrive\Desktop\AI dementia dection\AI-Powered-Multimodal-Dementia-System\data\audio\features\mfcc\test\Maurice Hinchey\mauricehinchey_0_1_chunk_015.npy,40,313,False
test,Maurice Hinchey,dementia,dementia/Maurice Hinchey/mauricehinchey_0_1.wav,mauricehinchey_0_1,16,C:\Users\sricb\OneDrive\Desktop\AI dementia dection\AI-Powered-Multimodal-Dementia-System\data\audio\features\mfcc\test\Maurice Hinchey\mauricehinchey_0_1_chunk_016.npy,40,313,False
test,Maurice Hinchey,dementia,dementia/Maurice Hinchey/mauricehinchey_0_1.wav,mauricehinchey_0_1,17,C:\Users\sricb\OneDrive\Desktop\AI dementia dection\AI-Powered-Multimodal-Dementia-System\data\audio\features\mfcc\test\Maurice Hinchey\mauricehinchey_0_1_chunk_017.npy,40,313,False
test,Maurice Hinchey,dementia,dementia/Maurice Hinchey/mauricehinchey_0_1.wav,mauricehinchey_0_1,18,C:\Users\sricb\OneDrive\Desktop\AI dementia dection\AI-Powered-Multimodal-Dementia-System\data\audio\features\mfcc\test\Maurice Hinchey\mauricehinchey_0_1_chunk_018.npy,40,313,True
test,Maurice Hinchey,dementia,dementia/Maurice Hinchey/mauricehinchey_0_2.wav,mauricehinchey_0_2,1,C:\Users\sricb\OneDrive\Desktop\AI dementia dection\AI-Powered-Multimodal-Dementia-System\data\audio\features\mfcc\test\Maurice Hinchey\mauricehinchey_0_2_chunk_001.npy,40,313,False
test,Maurice Hinchey,dementia,dementia/Maurice Hinchey/mauricehinchey_0_2.wav,mauricehinchey_0_2,2,C:\Users\sricb\OneDrive\Desktop\AI dementia dection\AI-Powered-Multimodal-Dementia-System\data\audio\features\mfcc\test\Maurice Hinchey\mauricehinchey_0_2_chunk_002.npy,40,313,False
test,Maurice Hinchey,dementia,dementia/Maurice Hinchey/mauricehinchey_0_2.wav,mauricehinchey_0_2,3,C:\Users\sricb\OneDrive\Desktop\AI dementia dection\AI-Powered-Multimodal-Dementia-System\data\audio\features\mfcc\test\Maurice Hinchey\mauricehinchey_0_2_chunk_003.npy,40,313,True
test,Maurice Hinchey,dementia,dementia/Maurice Hinchey/mauricehinchey_0_2.wav,mauricehinchey_0_2,4,C:\Users\sricb\OneDrive\Desktop\AI dementia dection\AI-Powered-Multimodal-Dementia-System\data\audio\features\mfcc\test\Maurice Hinchey\mauricehinchey_0_2_chunk_004.npy,40,313,True
test,Maurice Hinchey,dementia,dementia/Maurice Hinchey/mauricehinchey_5.wav,mauricehinchey_5,1,C:\Users\sricb\OneDrive\Desktop\AI dementia dection\AI-Powered-Multimodal-Dementia-System\data\audio\features\mfcc\test\Maurice Hinchey\mauricehinchey_5_chunk_001.npy,40,313,False
test,Maurice Hinchey,dementia,dementia/Maurice Hinchey/mauricehinchey_5.wav,mauricehinchey_5,2,C:\Users\sricb\OneDrive\Desktop\AI dementia dection\AI-Powered-Multimodal-Dementia-System\data\audio\features\mfcc\test\Maurice Hinchey\mauricehinchey_5_chunk_002.npy,40,313,False
test,Maurice Hinchey,dementia,dementia/Maurice Hinchey/mauricehinchey_5.wav,mauricehinchey_5,3,C:\Users\sricb\OneDrive\Desktop\AI dementia dection\AI-Powered-Multimodal-Dementia-System\data\audio\features\mfcc\test\Maurice Hinchey\mauricehinchey_5_chunk_003.npy,40,313,False
test,Maurice Hinchey,dementia,dementia/Maurice Hinchey/mauricehinchey_5.wav,mauricehinchey_5,4,C:\Users\sricb\OneDrive\Desktop\AI dementia dection\AI-Powered-Multimodal-Dementia-System\data\audio\features\mfcc\test\Maurice Hinchey\mauricehinchey_5_chunk_004.npy,40,313,False
test,Maurice Hinchey,dementia,dementia/Maurice Hinchey/mauricehinchey_5.wav,mauricehinchey_5,5,C:\Users\sricb\OneDrive\Desktop\AI dementia dection\AI-Powered-Multimodal-Dementia-System\data\audio\features\mfcc\test\Maurice Hinchey\mauricehinchey_5_chunk_005.npy,40,313,False
test,Maurice Hinchey,dementia,dementia/Maurice Hinchey/mauricehinchey_5.wav,mauricehinchey_5,6,C:\Users\sricb\OneDrive\Desktop\AI dementia dection\AI-Powered-Multimodal-Dementia-System\data\audio\features\mfcc\test\Maurice Hinchey\mauricehinchey_5_chunk_006.npy,40,313,False
test,Maurice Hinchey,dementia,dementia/Maurice Hinchey/mauricehinchey_5.wav,mauricehinchey_5,7,C:\Users\sricb\OneDrive\Desktop\AI dementia dection\AI-Powered-Multimodal-Dementia-System\data\audio\features\mfcc\test\Maurice Hinchey\mauricehinchey_5_chunk_007.npy,40,313,False
test,Maurice Hinchey,dementia,dementia/Maurice Hinchey/mauricehinchey_5.wav,mauricehinchey_5,8,C:\Users\sricb\OneDrive\Desktop\AI dementia dection\AI-Powered-Multimodal-Dementia-System\data\audio\features\mfcc\test\Maurice Hinchey\mauricehinchey_5_chunk_008.npy,40,313,False
test,Maurice Hinchey,dementia,dementia/Maurice Hinchey/mauricehinchey_5.wav,mauricehinchey_5,9,C:\Users\sricb\OneDrive\Desktop\AI dementia dection\AI-Powered-Multimodal-Dementia-System\data\audio\features\mfcc\test\Maurice Hinchey\mauricehinchey_5_chunk_009.npy,40,313,False
test,Maurice Hinchey,dementia,dementia/Maurice Hinchey/mauricehinchey_5.wav,mauricehinchey_5,10,C:\Users\sricb\OneDrive\Desktop\AI dementia dection\AI-Powered-Multimodal-Dementia-System\data\audio\features\mfcc\test\Maurice Hinchey\mauricehinchey_5_chunk_010.npy,40,313,False
test,Maurice Hinchey,dementia,dementia/Maurice Hinchey/mauricehinchey_5.wav,mauricehinchey_5,11,C:\Users\sricb\OneDrive\Desktop\AI dementia dection\AI-Powered-Multimodal-Dementia-System\data\audio\features\mfcc\test\Maurice Hinchey\mauricehinchey_5_chunk_011.npy,40,313,False
test,Maurice Hinchey,dementia,dementia/Maurice Hinchey/mauricehinchey_5.wav,mauricehinchey_5,12,C:\Users\sricb\OneDrive\Desktop\AI dementia dection\AI-Powered-Multimodal-Dementia-System\data\audio\features\mfcc\test\Maurice Hinchey\mauricehinchey_5_chunk_012.npy,40,313,False
test,Maurice Hinchey,dementia,dementia/Maurice Hinchey/mauricehinchey_5.wav,mauricehinchey_5,13,C:\Users\sricb\OneDrive\Desktop\AI dementia dection\AI-Powered-Multimodal-Dementia-System\data\audio\features\mfcc\test\Maurice Hinchey\mauricehinchey_5_chunk_013.npy,40,313,False
test,Maurice Hinchey,dementia,dementia/Maurice Hinchey/mauricehinchey_5.wav,mauricehinchey_5,14,C:\Users\sricb\OneDrive\Desktop\AI dementia dection\AI-Powered-Multimodal-Dementia-System\data\audio\features\mfcc\test\Maurice Hinchey\mauricehinchey_5_chunk_014.npy,40,313,False
test,Maurice Hinchey,dementia,dementia/Maurice Hinchey/mauricehinchey_5.wav,mauricehinchey_5,15,C:\Users\sricb\OneDrive\Desktop\AI dementia dection\AI-Powered-Multimodal-Dementia-System\data\audio\features\mfcc\test\Maurice Hinchey\mauricehinchey_5_chunk_015.npy,40,313,False
test,Maurice Hinchey,dementia,dementia/Maurice Hinchey/mauricehinchey_5.wav,mauricehinchey_5,16,C:\Users\sricb\OneDrive\Desktop\AI dementia dection\AI-Powered-Multimodal-Dementia-System\data\audio\features\mfcc\test\Maurice Hinchey\mauricehinchey_5_chunk_016.npy,40,313,False
test,Maurice Hinchey,dementia,dementia/Maurice Hinchey/mauricehinchey_5.wav,mauricehinchey_5,17,C:\Users\sricb\OneDrive\Desktop\AI dementia dection\AI-Powered-Multimodal-Dementia-System\data\audio\features\mfcc\test\Maurice Hinchey\mauricehinchey_5_chunk_017.npy,40,313,True
test,Maurice Hinchey,dementia,dementia/Maurice Hinchey/mauricehinchey_5.wav,mauricehinchey_5,18,C:\Users\sricb\OneDrive\Desktop\AI dementia dection\AI-Powered-Multimodal-Dementia-System\data\audio\features\mfcc\test\Maurice Hinchey\mauricehinchey_5_chunk_018.npy,40,313,True
test,Peter Max,dementia,dementia/Peter Max/PeterMax_10.wav,PeterMax_10,1,C:\Users\sricb\OneDrive\Desktop\AI dementia dection\AI-Powered-Multimodal-Dementia-System\data\audio\features\mfcc\test\Peter Max\PeterMax_10_chunk_001.npy,40,313,False
test,Peter Max,dementia,dementia/Peter Max/PeterMax_10.wav,PeterMax_10,2,C:\Users\sricb\OneDrive\Desktop\AI dementia dection\AI-Powered-Multimodal-Dementia-System\data\audio\features\mfcc\test\Peter Max\PeterMax_10_chunk_002.npy,40,313,False
test,Peter Max,dementia,dementia/Peter Max/PeterMax_10.wav,PeterMax_10,3,C:\Users\sricb\OneDrive\Desktop\AI dementia dection\AI-Powered-Multimodal-Dementia-System\data\audio\features\mfcc\test\Peter Max\PeterMax_10_chunk_003.npy,40,313,False
test,Peter Max,dementia,dementia/Peter Max/PeterMax_10.wav,PeterMax_10,4,C:\Users\sricb\OneDrive\Desktop\AI dementia dection\AI-Powered-Multimodal-Dementia-System\data\audio\features\mfcc\test\Peter Max\PeterMax_10_chunk_004.npy,40,313,False
test,Peter Max,dementia,dementia/Peter Max/PeterMax_10.wav,PeterMax_10,5,C:\Users\sricb\OneDrive\Desktop\AI dementia dection\AI-Powered-Multimodal-Dementia-System\data\audio\features\mfcc\test\Peter Max\PeterMax_10_chunk_005.npy,40,313,False
test,Peter Max,dementia,dementia/Peter Max/PeterMax_10.wav,PeterMax_10,6,C:\Users\sricb\OneDrive\Desktop\AI dementia dection\AI-Powered-Multimodal-Dementia-System\data\audio\features\mfcc\test\Peter Max\PeterMax_10_chunk_006.npy,40,313,False
test,Peter Max,dementia,dementia/Peter Max/PeterMax_10.wav,PeterMax_10,7,C:\Users\sricb\OneDrive\Desktop\AI dementia dection\AI-Powered-Multimodal-Dementia-System\data\audio\features\mfcc\test\Peter Max\PeterMax_10_chunk_007.npy,40,313,True
test,Peter Max,dementia,dementia/Peter Max/PeterMax_10.wav,PeterMax_10,8,C:\Users\sricb\OneDrive\Desktop\AI dementia dection\AI-Powered-Multimodal-Dementia-System\data\audio\features\mfcc\test\Peter Max\PeterMax_10_chunk_008.npy,40,313,True
test,Peter Max,dementia,dementia/Peter Max/PeterMax_15.wav,PeterMax_15,1,C:\Users\sricb\OneDrive\Desktop\AI dementia dection\AI-Powered-Multimodal-Dementia-System\data\audio\features\mfcc\test\Peter Max\PeterMax_15_chunk_001.npy,40,313,False
test,Peter Max,dementia,dementia/Peter Max/PeterMax_15.wav,PeterMax_15,2,C:\Users\sricb\OneDrive\Desktop\AI dementia dection\AI-Powered-Multimodal-Dementia-System\data\audio\features\mfcc\test\Peter Max\PeterMax_15_chunk_002.npy,40,313,False
test,Peter Max,dementia,dementia/Peter Max/PeterMax_15.wav,PeterMax_15,3,C:\Users\sricb\OneDrive\Desktop\AI dementia dection\AI-Powered-Multimodal-Dementia-System\data\audio\features\mfcc\test\Peter Max\PeterMax_15_chunk_003.npy,40,313,False
test,Peter Max,dementia,dementia/Peter Max/PeterMax_15.wav,PeterMax_15,4,C:\Users\sricb\OneDrive\Desktop\AI dementia dection\AI-Powered-Multimodal-Dementia-System\data\audio\features\mfcc\test\Peter Max\PeterMax_15_chunk_004.npy,40,313,True
test,Peter Max,dementia,dementia/Peter Max/PeterMax_15.wav,PeterMax_15,5,C:\Users\sricb\OneDrive\Desktop\AI dementia dection\AI-Powered-Multimodal-Dementia-System\data\audio\features\mfcc\test\Peter Max\PeterMax_15_chunk_005.npy,40,313,True
test,Richard Gwyn,dementia,dementia/Richard Gwyn/RichardGwyn_0.wav,RichardGwyn_0,1,C:\Users\sricb\OneDrive\Desktop\AI dementia dection\AI-Powered-Multimodal-Dementia-System\data\audio\features\mfcc\test\Richard Gwyn\RichardGwyn_0_chunk_001.npy,40,313,False
test,Richard Gwyn,dementia,dementia/Richard Gwyn/RichardGwyn_0.wav,RichardGwyn_0,2,C:\Users\sricb\OneDrive\Desktop\AI dementia dection\AI-Powered-Multimodal-Dementia-System\data\audio\features\mfcc\test\Richard Gwyn\RichardGwyn_0_chunk_002.npy,40,313,False
test,Richard Gwyn,dementia,dementia/Richard Gwyn/RichardGwyn_0.wav,RichardGwyn_0,3,C:\Users\sricb\OneDrive\Desktop\AI dementia dection\AI-Powered-Multimodal-Dementia-System\data\audio\features\mfcc\test\Richard Gwyn\RichardGwyn_0_chunk_003.npy,40,313,False
test,Richard Gwyn,dementia,dementia/Richard Gwyn/RichardGwyn_0.wav,RichardGwyn_0,4,C:\Users\sricb\OneDrive\Desktop\AI dementia dection\AI-Powered-Multimodal-Dementia-System\data\audio\features\mfcc\test\Richard Gwyn\RichardGwyn_0_chunk_004.npy,40,313,False
test,Richard Gwyn,dementia,dementia/Richard Gwyn/RichardGwyn_0.wav,RichardGwyn_0,5,C:\Users\sricb\OneDrive\Desktop\AI dementia dection\AI-Powered-Multimodal-Dementia-System\data\audio\features\mfcc\test\Richard Gwyn\RichardGwyn_0_chunk_005.npy,40,313,False
test,Richard Gwyn,dementia,dementia/Richard Gwyn/RichardGwyn_0.wav,RichardGwyn_0,6,C:\Users\sricb\OneDrive\Desktop\AI dementia dection\AI-Powered-Multimodal-Dementia-System\data\audio\features\mfcc\test\Richard Gwyn\RichardGwyn_0_chunk_006.npy,40,313,False
test,Richard Gwyn,dementia,dementia/Richard Gwyn/RichardGwyn_0.wav,RichardGwyn_0,7,C:\Users\sricb\OneDrive\Desktop\AI dementia dection\AI-Powered-Multimodal-Dementia-System\data\audio\features\mfcc\test\Richard Gwyn\RichardGwyn_0_chunk_007.npy,40,313,False
test,Richard Gwyn,dementia,dementia/Richard Gwyn/RichardGwyn_0.wav,RichardGwyn_0,8,C:\Users\sricb\OneDrive\Desktop\AI dementia dection\AI-Powered-Multimodal-Dementia-System\data\audio\features\mfcc\test\Richard Gwyn\RichardGwyn_0_chunk_008.npy,40,313,True
test,Richard Gwyn,dementia,dementia/Richard Gwyn/RichardGwyn_0.wav,RichardGwyn_0,9,C:\Users\sricb\OneDrive\Desktop\AI dementia dection\AI-Powered-Multimodal-Dementia-System\data\audio\features\mfcc\test\Richard Gwyn\RichardGwyn_0_chunk_009.npy,40,313,True
test,Richard Gwyn,dementia,dementia/Richard Gwyn/RichardGwyn_5.wav,RichardGwyn_5,1,C:\Users\sricb\OneDrive\Desktop\AI dementia dection\AI-Powered-Multimodal-Dementia-System\data\audio\features\mfcc\test\Richard Gwyn\RichardGwyn_5_chunk_001.npy,40,313,False
test,Richard Gwyn,dementia,dementia/Richard Gwyn/RichardGwyn_5.wav,RichardGwyn_5,2,C:\Users\sricb\OneDrive\Desktop\AI dementia dection\AI-Powered-Multimodal-Dementia-System\data\audio\features\mfcc\test\Richard Gwyn\RichardGwyn_5_chunk_002.npy,40,313,False
test,Richard Gwyn,dementia,dementia/Richard Gwyn/RichardGwyn_5.wav,RichardGwyn_5,3,C:\Users\sricb\OneDrive\Desktop\AI dementia dection\AI-Powered-Multimodal-Dementia-System\data\audio\features\mfcc\test\Richard Gwyn\RichardGwyn_5_chunk_003.npy,40,313,False
test,Richard Gwyn,dementia,dementia/Richard Gwyn/RichardGwyn_5.wav,RichardGwyn_5,4,C:\Users\sricb\OneDrive\Desktop\AI dementia dection\AI-Powered-Multimodal-Dementia-System\data\audio\features\mfcc\test\Richard Gwyn\RichardGwyn_5_chunk_004.npy,40,313,False
test,Richard Gwyn,dementia,dementia/Richard Gwyn/RichardGwyn_5.wav,RichardGwyn_5,5,C:\Users\sricb\OneDrive\Desktop\AI dementia dection\AI-Powered-Multimodal-Dementia-System\data\audio\features\mfcc\test\Richard Gwyn\RichardGwyn_5_chunk_005.npy,40,313,False
test,Richard Gwyn,dementia,dementia/Richard Gwyn/RichardGwyn_5.wav,RichardGwyn_5,6,C:\Users\sricb\OneDrive\Desktop\AI dementia dection\AI-Powered-Multimodal-Dementia-System\data\audio\features\mfcc\test\Richard Gwyn\RichardGwyn_5_chunk_006.npy,40,313,False
test,Richard Gwyn,dementia,dementia/Richard Gwyn/RichardGwyn_5.wav,RichardGwyn_5,7,C:\Users\sricb\OneDrive\Desktop\AI dementia dection\AI-Powered-Multimodal-Dementia-System\data\audio\features\mfcc\test\Richard Gwyn\RichardGwyn_5_chunk_007.npy,40,313,False
test,Richard Gwyn,dementia,dementia/Richard Gwyn/RichardGwyn_5.wav,RichardGwyn_5,8,C:\Users\sricb\OneDrive\Desktop\AI dementia dection\AI-Powered-Multimodal-Dementia-System\data\audio\features\mfcc\test\Richard Gwyn\RichardGwyn_5_chunk_008.npy,40,313,False
test,Richard Gwyn,dementia,dementia/Richard Gwyn/RichardGwyn_5.wav,RichardGwyn_5,9,C:\Users\sricb\OneDrive\Desktop\AI dementia dection\AI-Powered-Multimodal-Dementia-System\data\audio\features\mfcc\test\Richard Gwyn\RichardGwyn_5_chunk_009.npy,40,313,False
test,Richard Gwyn,dementia,dementia/Richard Gwyn/RichardGwyn_5.wav,RichardGwyn_5,10,C:\Users\sricb\OneDrive\Desktop\AI dementia dection\AI-Powered-Multimodal-Dementia-System\data\audio\features\mfcc\test\Richard Gwyn\RichardGwyn_5_chunk_010.npy,40,313,False
test,Richard Gwyn,dementia,dementia/Richard Gwyn/RichardGwyn_5.wav,RichardGwyn_5,11,C:\Users\sricb\OneDrive\Desktop\AI dementia dection\AI-Powered-Multimodal-Dementia-System\data\audio\features\mfcc\test\Richard Gwyn\RichardGwyn_5_chunk_011.npy,40,313,False
test,Richard Gwyn,dementia,dementia/Richard Gwyn/RichardGwyn_5.wav,RichardGwyn_5,12,C:\Users\sricb\OneDrive\Desktop\AI dementia dection\AI-Powered-Multimodal-Dementia-System\data\audio\features\mfcc\test\Richard Gwyn\RichardGwyn_5_chunk_012.npy,40,313,False
test,Richard Gwyn,dementia,dementia/Richard Gwyn/RichardGwyn_5.wav,RichardGwyn_5,13,C:\Users\sricb\OneDrive\Desktop\AI dementia dection\AI-Powered-Multimodal-Dementia-System\data\audio\features\mfcc\test\Richard Gwyn\RichardGwyn_5_chunk_013.npy,40,313,False
test,Richard Gwyn,dementia,dementia/Richard Gwyn/RichardGwyn_5.wav,RichardGwyn_5,14,C:\Users\sricb\OneDrive\Desktop\AI dementia dection\AI-Powered-Multimodal-Dementia-System\data\audio\features\mfcc\test\Richard Gwyn\RichardGwyn_5_chunk_014.npy,40,313,False
test,Richard Gwyn,dementia,dementia/Richard Gwyn/RichardGwyn_5.wav,RichardGwyn_5,15,C:\Users\sricb\OneDrive\Desktop\AI dementia dection\AI-Powered-Multimodal-Dementia-System\data\audio\features\mfcc\test\Richard Gwyn\RichardGwyn_5_chunk_015.npy,40,313,False
test,Richard Gwyn,dementia,dementia/Richard Gwyn/RichardGwyn_5.wav,RichardGwyn_5,16,C:\Users\sricb\OneDrive\Desktop\AI dementia dection\AI-Powered-Multimodal-Dementia-System\data\audio\features\mfcc\test\Richard Gwyn\RichardGwyn_5_chunk_016.npy,40,313,False
test,Richard Gwyn,dementia,dementia/Richard Gwyn/RichardGwyn_5.wav,RichardGwyn_5,17,C:\Users\sricb\OneDrive\Desktop\AI dementia dection\AI-Powered-Multimodal-Dementia-System\data\audio\features\mfcc\test\Richard Gwyn\RichardGwyn_5_chunk_017.npy,40,313,False
test,Richard Gwyn,dementia,dementia/Richard Gwyn/RichardGwyn_5.wav,RichardGwyn_5,18,C:\Users\sricb\OneDrive\Desktop\AI dementia dection\AI-Powered-Multimodal-Dementia-System\data\audio\features\mfcc\test\Richard Gwyn\RichardGwyn_5_chunk_018.npy,40,313,False
test,Richard Gwyn,dementia,dementia/Richard Gwyn/RichardGwyn_5.wav,RichardGwyn_5,19,C:\Users\sricb\OneDrive\Desktop\AI dementia dection\AI-Powered-Multimodal-Dementia-System\data\audio\features\mfcc\test\Richard Gwyn\RichardGwyn_5_chunk_019.npy,40,313,False
test,Richard Gwyn,dementia,dementia/Richard Gwyn/RichardGwyn_5.wav,RichardGwyn_5,20,C:\Users\sricb\OneDrive\Desktop\AI dementia dection\AI-Powered-Multimodal-Dementia-System\data\audio\features\mfcc\test\Richard Gwyn\RichardGwyn_5_chunk_020.npy,40,313,False
test,Richard Gwyn,dementia,dementia/Richard Gwyn/RichardGwyn_5.wav,RichardGwyn_5,21,C:\Users\sricb\OneDrive\Desktop\AI dementia dection\AI-Powered-Multimodal-Dementia-System\data\audio\features\mfcc\test\Richard Gwyn\RichardGwyn_5_chunk_021.npy,40,313,False
test,Richard Gwyn,dementia,dementia/Richard Gwyn/RichardGwyn_5.wav,RichardGwyn_5,22,C:\Users\sricb\OneDrive\Desktop\AI dementia dection\AI-Powered-Multimodal-Dementia-System\data\audio\features\mfcc\test\Richard Gwyn\RichardGwyn_5_chunk_022.npy,40,313,False
test,Richard Gwyn,dementia,dementia/Richard Gwyn/RichardGwyn_5.wav,RichardGwyn_5,23,C:\Users\sricb\OneDrive\Desktop\AI dementia dection\AI-Powered-Multimodal-Dementia-System\data\audio\features\mfcc\test\Richard Gwyn\RichardGwyn_5_chunk_023.npy,40,313,False
test,Richard Gwyn,dementia,dementia/Richard Gwyn/RichardGwyn_5.wav,RichardGwyn_5,24,C:\Users\sricb\OneDrive\Desktop\AI dementia dection\AI-Powered-Multimodal-Dementia-System\data\audio\features\mfcc\test\Richard Gwyn\RichardGwyn_5_chunk_024.npy,40,313,False
test,Richard Gwyn,dementia,dementia/Richard Gwyn/RichardGwyn_5.wav,RichardGwyn_5,25,C:\Users\sricb\OneDrive\Desktop\AI dementia dection\AI-Powered-Multimodal-Dementia-System\data\audio\features\mfcc\test\Richard Gwyn\RichardGwyn_5_chunk_025.npy,40,313,False
test,Richard Gwyn,dementia,dementia/Richard Gwyn/RichardGwyn_5.wav,RichardGwyn_5,26,C:\Users\sricb\OneDrive\Desktop\AI dementia dection\AI-Powered-Multimodal-Dementia-System\data\audio\features\mfcc\test\Richard Gwyn\RichardGwyn_5_chunk_026.npy,40,313,False
test,Richard Gwyn,dementia,dementia/Richard Gwyn/RichardGwyn_5.wav,RichardGwyn_5,27,C:\Users\sricb\OneDrive\Desktop\AI dementia dection\AI-Powered-Multimodal-Dementia-System\data\audio\features\mfcc\test\Richard Gwyn\RichardGwyn_5_chunk_027.npy,40,313,False
test,Richard Gwyn,dementia,dementia/Richard Gwyn/RichardGwyn_5.wav,RichardGwyn_5,28,C:\Users\sricb\OneDrive\Desktop\AI dementia dection\AI-Powered-Multimodal-Dementia-System\data\audio\features\mfcc\test\Richard Gwyn\RichardGwyn_5_chunk_028.npy,40,313,False
test,Richard Gwyn,dementia,dementia/Richard Gwyn/RichardGwyn_5.wav,RichardGwyn_5,29,C:\Users\sricb\OneDrive\Desktop\AI dementia dection\AI-Powered-Multimodal-Dementia-System\data\audio\features\mfcc\test\Richard Gwyn\RichardGwyn_5_chunk_029.npy,40,313,False
test,Richard Gwyn,dementia,dementia/Richard Gwyn/RichardGwyn_5.wav,RichardGwyn_5,30,C:\Users\sricb\OneDrive\Desktop\AI dementia dection\AI-Powered-Multimodal-Dementia-System\data\audio\features\mfcc\test\Richard Gwyn\RichardGwyn_5_chunk_030.npy,40,313,False
test,Richard Gwyn,dementia,dementia/Richard Gwyn/RichardGwyn_5.wav,RichardGwyn_5,31,C:\Users\sricb\OneDrive\Desktop\AI dementia dection\AI-Powered-Multimodal-Dementia-System\data\audio\features\mfcc\test\Richard Gwyn\RichardGwyn_5_chunk_031.npy,40,313,False
test,Richard Gwyn,dementia,dementia/Richard Gwyn/RichardGwyn_5.wav,RichardGwyn_5,32,C:\Users\sricb\OneDrive\Desktop\AI dementia dection\AI-Powered-Multimodal-Dementia-System\data\audio\features\mfcc\test\Richard Gwyn\RichardGwyn_5_chunk_032.npy,40,313,True
test,Richard Gwyn,dementia,dementia/Richard Gwyn/RichardGwyn_5.wav,RichardGwyn_5,33,C:\Users\sricb\OneDrive\Desktop\AI dementia dection\AI-Powered-Multimodal-Dementia-System\data\audio\features\mfcc\test\Richard Gwyn\RichardGwyn_5_chunk_033.npy,40,313,True
test,Ronan O_Rahilly,dementia,dementia/Ronan O_Rahilly/ronano_rahilly_15_1.wav,ronano_rahilly_15_1,1,C:\Users\sricb\OneDrive\Desktop\AI dementia dection\AI-Powered-Multimodal-Dementia-System\data\audio\features\mfcc\test\Ronan O_Rahilly\ronano_rahilly_15_1_chunk_001.npy,40,313,False
test,Ronan O_Rahilly,dementia,dementia/Ronan O_Rahilly/ronano_rahilly_15_1.wav,ronano_rahilly_15_1,2,C:\Users\sricb\OneDrive\Desktop\AI dementia dection\AI-Powered-Multimodal-Dementia-System\data\audio\features\mfcc\test\Ronan O_Rahilly\ronano_rahilly_15_1_chunk_002.npy,40,313,False
test,Ronan O_Rahilly,dementia,dementia/Ronan O_Rahilly/ronano_rahilly_15_1.wav,ronano_rahilly_15_1,3,C:\Users\sricb\OneDrive\Desktop\AI dementia dection\AI-Powered-Multimodal-Dementia-System\data\audio\features\mfcc\test\Ronan O_Rahilly\ronano_rahilly_15_1_chunk_003.npy,40,313,False
test,Ronan O_Rahilly,dementia,dementia/Ronan O_Rahilly/ronano_rahilly_15_1.wav,ronano_rahilly_15_1,4,C:\Users\sricb\OneDrive\Desktop\AI dementia dection\AI-Powered-Multimodal-Dementia-System\data\audio\features\mfcc\test\Ronan O_Rahilly\ronano_rahilly_15_1_chunk_004.npy,40,313,False
test,Ronan O_Rahilly,dementia,dementia/Ronan O_Rahilly/ronano_rahilly_15_1.wav,ronano_rahilly_15_1,5,C:\Users\sricb\OneDrive\Desktop\AI dementia dection\AI-Powered-Multimodal-Dementia-System\data\audio\features\mfcc\test\Ronan O_Rahilly\ronano_rahilly_15_1_chunk_005.npy,40,313,False
test,Ronan O_Rahilly,dementia,dementia/Ronan O_Rahilly/ronano_rahilly_15_1.wav,ronano_rahilly_15_1,6,C:\Users\sricb\OneDrive\Desktop\AI dementia dection\AI-Powered-Multimodal-Dementia-System\data\audio\features\mfcc\test\Ronan O_Rahilly\ronano_rahilly_15_1_chunk_006.npy,40,313,False
test,Ronan O_Rahilly,dementia,dementia/Ronan O_Rahilly/ronano_rahilly_15_1.wav,ronano_rahilly_15_1,7,C:\Users\sricb\OneDrive\Desktop\AI dementia dection\AI-Powered-Multimodal-Dementia-System\data\audio\features\mfcc\test\Ronan O_Rahilly\ronano_rahilly_15_1_chunk_007.npy,40,313,False
test,Ronan O_Rahilly,dementia,dementia/Ronan O_Rahilly/ronano_rahilly_15_1.wav,ronano_rahilly_15_1,8,C:\Users\sricb\OneDrive\Desktop\AI dementia dection\AI-Powered-Multimodal-Dementia-System\data\audio\features\mfcc\test\Ronan O_Rahilly\ronano_rahilly_15_1_chunk_008.npy,40,313,False
test,Ronan O_Rahilly,dementia,dementia/Ronan O_Rahilly/ronano_rahilly_15_1.wav,ronano_rahilly_15_1,9,C:\Users\sricb\OneDrive\Desktop\AI dementia dection\AI-Powered-Multimodal-Dementia-System\data\audio\features\mfcc\test\Ronan O_Rahilly\ronano_rahilly_15_1_chunk_009.npy,40,313,False
test,Ronan O_Rahilly,dementia,dementia/Ronan O_Rahilly/ronano_rahilly_15_1.wav,ronano_rahilly_15_1,10,C:\Users\sricb\OneDrive\Desktop\AI dementia dection\AI-Powered-Multimodal-Dementia-System\data\audio\features\mfcc\test\Ronan O_Rahilly\ronano_rahilly_15_1_chunk_010.npy,40,313,False
test,Ronan O_Rahilly,dementia,dementia/Ronan O_Rahilly/ronano_rahilly_15_1.wav,ronano_rahilly_15_1,11,C:\Users\sricb\OneDrive\Desktop\AI dementia dection\AI-Powered-Multimodal-Dementia-System\data\audio\features\mfcc\test\Ronan O_Rahilly\ronano_rahilly_15_1_chunk_011.npy,40,313,False
test,Ronan O_Rahilly,dementia,dementia/Ronan O_Rahilly/ronano_rahilly_15_1.wav,ronano_rahilly_15_1,12,C:\Users\sricb\OneDrive\Desktop\AI dementia dection\AI-Powered-Multimodal-Dementia-System\data\audio\features\mfcc\test\Ronan O_Rahilly\ronano_rahilly_15_1_chunk_012.npy,40,313,False
test,Ronan O_Rahilly,dementia,dementia/Ronan O_Rahilly/ronano_rahilly_15_1.wav,ronano_rahilly_15_1,13,C:\Users\sricb\OneDrive\Desktop\AI dementia dection\AI-Powered-Multimodal-Dementia-System\data\audio\features\mfcc\test\Ronan O_Rahilly\ronano_rahilly_15_1_chunk_013.npy,40,313,False
test,Ronan O_Rahilly,dementia,dementia/Ronan O_Rahilly/ronano_rahilly_15_1.wav,ronano_rahilly_15_1,14,C:\Users\sricb\OneDrive\Desktop\AI dementia dection\AI-Powered-Multimodal-Dementia-System\data\audio\features\mfcc\test\Ronan O_Rahilly\ronano_rahilly_15_1_chunk_014.npy,40,313,False
test,Ronan O_Rahilly,dementia,dementia/Ronan O_Rahilly/ronano_rahilly_15_1.wav,ronano_rahilly_15_1,15,C:\Users\sricb\OneDrive\Desktop\AI dementia dection\AI-Powered-Multimodal-Dementia-System\data\audio\features\mfcc\test\Ronan O_Rahilly\ronano_rahilly_15_1_chunk_015.npy,40,313,False
test,Ronan O_Rahilly,dementia,dementia/Ronan O_Rahilly/ronano_rahilly_15_1.wav,ronano_rahilly_15_1,16,C:\Users\sricb\OneDrive\Desktop\AI dementia dection\AI-Powered-Multimodal-Dementia-System\data\audio\features\mfcc\test\Ronan O_Rahilly\ronano_rahilly_15_1_chunk_016.npy,40,313,False
test,Ronan O_Rahilly,dementia,dementia/Ronan O_Rahilly/ronano_rahilly_15_1.wav,ronano_rahilly_15_1,17,C:\Users\sricb\OneDrive\Desktop\AI dementia dection\AI-Powered-Multimodal-Dementia-System\data\audio\features\mfcc\test\Ronan O_Rahilly\ronano_rahilly_15_1_chunk_017.npy,40,313,True
test,Ronan O_Rahilly,dementia,dementia/Ronan O_Rahilly/ronano_rahilly_15_1.wav,ronano_rahilly_15_1,18,C:\Users\sricb\OneDrive\Desktop\AI dementia dection\AI-Powered-Multimodal-Dementia-System\data\audio\features\mfcc\test\Ronan O_Rahilly\ronano_rahilly_15_1_chunk_018.npy,40,313,True
test,Ronan O_Rahilly,dementia,dementia/Ronan O_Rahilly/ronano_rahilly_15_2.wav,ronano_rahilly_15_2,1,C:\Users\sricb\OneDrive\Desktop\AI dementia dection\AI-Powered-Multimodal-Dementia-System\data\audio\features\mfcc\test\Ronan O_Rahilly\ronano_rahilly_15_2_chunk_001.npy,40,313,False
test,Ronan O_Rahilly,dementia,dementia/Ronan O_Rahilly/ronano_rahilly_15_2.wav,ronano_rahilly_15_2,2,C:\Users\sricb\OneDrive\Desktop\AI dementia dection\AI-Powered-Multimodal-Dementia-System\data\audio\features\mfcc\test\Ronan O_Rahilly\ronano_rahilly_15_2_chunk_002.npy,40,313,False
test,Ronan O_Rahilly,dementia,dementia/Ronan O_Rahilly/ronano_rahilly_15_2.wav,ronano_rahilly_15_2,3,C:\Users\sricb\OneDrive\Desktop\AI dementia dection\AI-Powered-Multimodal-Dementia-System\data\audio\features\mfcc\test\Ronan O_Rahilly\ronano_rahilly_15_2_chunk_003.npy,40,313,False
test,Ronan O_Rahilly,dementia,dementia/Ronan O_Rahilly/ronano_rahilly_15_2.wav,ronano_rahilly_15_2,4,C:\Users\sricb\OneDrive\Desktop\AI dementia dection\AI-Powered-Multimodal-Dementia-System\data\audio\features\mfcc\test\Ronan O_Rahilly\ronano_rahilly_15_2_chunk_004.npy,40,313,True
test,Ronan O_Rahilly,dementia,dementia/Ronan O_Rahilly/ronano_rahilly_15_2.wav,ronano_rahilly_15_2,5,C:\Users\sricb\OneDrive\Desktop\AI dementia dection\AI-Powered-Multimodal-Dementia-System\data\audio\features\mfcc\test\Ronan O_Rahilly\ronano_rahilly_15_2_chunk_005.npy,40,313,True
test,Harry Belafonte,nodementia,nodementia/Harry Belafonte/HarryBelafonte_1.wav,HarryBelafonte_1,1,C:\Users\sricb\OneDrive\Desktop\AI dementia dection\AI-Powered-Multimodal-Dementia-System\data\audio\features\mfcc\test\Harry Belafonte\HarryBelafonte_1_chunk_001.npy,40,313,False
test,Harry Belafonte,nodementia,nodementia/Harry Belafonte/HarryBelafonte_1.wav,HarryBelafonte_1,2,C:\Users\sricb\OneDrive\Desktop\AI dementia dection\AI-Powered-Multimodal-Dementia-System\data\audio\features\mfcc\test\Harry Belafonte\HarryBelafonte_1_chunk_002.npy,40,313,False
test,Harry Belafonte,nodementia,nodementia/Harry Belafonte/HarryBelafonte_1.wav,HarryBelafonte_1,3,C:\Users\sricb\OneDrive\Desktop\AI dementia dection\AI-Powered-Multimodal-Dementia-System\data\audio\features\mfcc\test\Harry Belafonte\HarryBelafonte_1_chunk_003.npy,40,313,False
test,Harry Belafonte,nodementia,nodementia/Harry Belafonte/HarryBelafonte_1.wav,HarryBelafonte_1,4,C:\Users\sricb\OneDrive\Desktop\AI dementia dection\AI-Powered-Multimodal-Dementia-System\data\audio\features\mfcc\test\Harry Belafonte\HarryBelafonte_1_chunk_004.npy,40,313,False
test,Harry Belafonte,nodementia,nodementia/Harry Belafonte/HarryBelafonte_1.wav,HarryBelafonte_1,5,C:\Users\sricb\OneDrive\Desktop\AI dementia dection\AI-Powered-Multimodal-Dementia-System\data\audio\features\mfcc\test\Harry Belafonte\HarryBelafonte_1_chunk_005.npy,40,313,False
test,Harry Belafonte,nodementia,nodementia/Harry Belafonte/HarryBelafonte_1.wav,HarryBelafonte_1,6,C:\Users\sricb\OneDrive\Desktop\AI dementia dection\AI-Powered-Multimodal-Dementia-System\data\audio\features\mfcc\test\Harry Belafonte\HarryBelafonte_1_chunk_006.npy,40,313,False
test,Harry Belafonte,nodementia,nodementia/Harry Belafonte/HarryBelafonte_1.wav,HarryBelafonte_1,7,C:\Users\sricb\OneDrive\Desktop\AI dementia dection\AI-Powered-Multimodal-Dementia-System\data\audio\features\mfcc\test\Harry Belafonte\HarryBelafonte_1_chunk_007.npy,40,313,False
test,Harry Belafonte,nodementia,nodementia/Harry Belafonte/HarryBelafonte_1.wav,HarryBelafonte_1,8,C:\Users\sricb\OneDrive\Desktop\AI dementia dection\AI-Powered-Multimodal-Dementia-System\data\audio\features\mfcc\test\Harry Belafonte\HarryBelafonte_1_chunk_008.npy,40,313,False
test,Harry Belafonte,nodementia,nodementia/Harry Belafonte/HarryBelafonte_1.wav,HarryBelafonte_1,9,C:\Users\sricb\OneDrive\Desktop\AI dementia dection\AI-Powered-Multimodal-Dementia-System\data\audio\features\mfcc\test\Harry Belafonte\HarryBelafonte_1_chunk_009.npy,40,313,False
test,Harry Belafonte,nodementia,nodementia/Harry Belafonte/HarryBelafonte_1.wav,HarryBelafonte_1,10,C:\Users\sricb\OneDrive\Desktop\AI dementia dection\AI-Powered-Multimodal-Dementia-System\data\audio\features\mfcc\test\Harry Belafonte\HarryBelafonte_1_chunk_010.npy,40,313,False
test,Harry Belafonte,nodementia,nodementia/Harry Belafonte/HarryBelafonte_1.wav,HarryBelafonte_1,11,C:\Users\sricb\OneDrive\Desktop\AI dementia dection\AI-Powered-Multimodal-Dementia-System\data\audio\features\mfcc\test\Harry Belafonte\HarryBelafonte_1_chunk_011.npy,40,313,False
test,Harry Belafonte,nodementia,nodementia/Harry Belafonte/HarryBelafonte_1.wav,HarryBelafonte_1,12,C:\Users\sricb\OneDrive\Desktop\AI dementia dection\AI-Powered-Multimodal-Dementia-System\data\audio\features\mfcc\test\Harry Belafonte\HarryBelafonte_1_chunk_012.npy,40,313,False
test,Harry Belafonte,nodementia,nodementia/Harry Belafonte/HarryBelafonte_1.wav,HarryBelafonte_1,13,C:\Users\sricb\OneDrive\Desktop\AI dementia dection\AI-Powered-Multimodal-Dementia-System\data\audio\features\mfcc\test\Harry Belafonte\HarryBelafonte_1_chunk_013.npy,40,313,False
test,Harry Belafonte,nodementia,nodementia/Harry Belafonte/HarryBelafonte_1.wav,HarryBelafonte_1,14,C:\Users\sricb\OneDrive\Desktop\AI dementia dection\AI-Powered-Multimodal-Dementia-System\data\audio\features\mfcc\test\Harry Belafonte\HarryBelafonte_1_chunk_014.npy,40,313,False
test,Harry Belafonte,nodementia,nodementia/Harry Belafonte/HarryBelafonte_1.wav,HarryBelafonte_1,15,C:\Users\sricb\OneDrive\Desktop\AI dementia dection\AI-Powered-Multimodal-Dementia-System\data\audio\features\mfcc\test\Harry Belafonte\HarryBelafonte_1_chunk_015.npy,40,313,False
test,Harry Belafonte,nodementia,nodementia/Harry Belafonte/HarryBelafonte_1.wav,HarryBelafonte_1,16,C:\Users\sricb\OneDrive\Desktop\AI dementia dection\AI-Powered-Multimodal-Dementia-System\data\audio\features\mfcc\test\Harry Belafonte\HarryBelafonte_1_chunk_016.npy,40,313,False
test,Harry Belafonte,nodementia,nodementia/Harry Belafonte/HarryBelafonte_1.wav,HarryBelafonte_1,17,C:\Users\sricb\OneDrive\Desktop\AI dementia dection\AI-Powered-Multimodal-Dementia-System\data\audio\features\mfcc\test\Harry Belafonte\HarryBelafonte_1_chunk_017.npy,40,313,False
test,Harry Belafonte,nodementia,nodementia/Harry Belafonte/HarryBelafonte_1.wav,HarryBelafonte_1,18,C:\Users\sricb\OneDrive\Desktop\AI dementia dection\AI-Powered-Multimodal-Dementia-System\data\audio\features\mfcc\test\Harry Belafonte\HarryBelafonte_1_chunk_018.npy,40,313,True
test,Harry Belafonte,nodementia,nodementia/Harry Belafonte/HarryBelafonte_2.wav,HarryBelafonte_2,1,C:\Users\sricb\OneDrive\Desktop\AI dementia dection\AI-Powered-Multimodal-Dementia-System\data\audio\features\mfcc\test\Harry Belafonte\HarryBelafonte_2_chunk_001.npy,40,313,False
test,Harry Belafonte,nodementia,nodementia/Harry Belafonte/HarryBelafonte_2.wav,HarryBelafonte_2,2,C:\Users\sricb\OneDrive\Desktop\AI dementia dection\AI-Powered-Multimodal-Dementia-System\data\audio\features\mfcc\test\Harry Belafonte\HarryBelafonte_2_chunk_002.npy,40,313,False
test,Harry Belafonte,nodementia,nodementia/Harry Belafonte/HarryBelafonte_2.wav,HarryBelafonte_2,3,C:\Users\sricb\OneDrive\Desktop\AI dementia dection\AI-Powered-Multimodal-Dementia-System\data\audio\features\mfcc\test\Harry Belafonte\HarryBelafonte_2_chunk_003.npy,40,313,False
test,Harry Belafonte,nodementia,nodementia/Harry Belafonte/HarryBelafonte_2.wav,HarryBelafonte_2,4,C:\Users\sricb\OneDrive\Desktop\AI dementia dection\AI-Powered-Multimodal-Dementia-System\data\audio\features\mfcc\test\Harry Belafonte\HarryBelafonte_2_chunk_004.npy,40,313,False
test,Harry Belafonte,nodementia,nodementia/Harry Belafonte/HarryBelafonte_2.wav,HarryBelafonte_2,5,C:\Users\sricb\OneDrive\Desktop\AI dementia dection\AI-Powered-Multimodal-Dementia-System\data\audio\features\mfcc\test\Harry Belafonte\HarryBelafonte_2_chunk_005.npy,40,313,False
test,Harry Belafonte,nodementia,nodementia/Harry Belafonte/HarryBelafonte_2.wav,HarryBelafonte_2,6,C:\Users\sricb\OneDrive\Desktop\AI dementia dection\AI-Powered-Multimodal-Dementia-System\data\audio\features\mfcc\test\Harry Belafonte\HarryBelafonte_2_chunk_006.npy,40,313,False
test,Harry Belafonte,nodementia,nodementia/Harry Belafonte/HarryBelafonte_2.wav,HarryBelafonte_2,7,C:\Users\sricb\OneDrive\Desktop\AI dementia dection\AI-Powered-Multimodal-Dementia-System\data\audio\features\mfcc\test\Harry Belafonte\HarryBelafonte_2_chunk_007.npy,40,313,False
test,Harry Belafonte,nodementia,nodementia/Harry Belafonte/HarryBelafonte_2.wav,HarryBelafonte_2,8,C:\Users\sricb\OneDrive\Desktop\AI dementia dection\AI-Powered-Multimodal-Dementia-System\data\audio\features\mfcc\test\Harry Belafonte\HarryBelafonte_2_chunk_008.npy,40,313,False
test,Harry Belafonte,nodementia,nodementia/Harry Belafonte/HarryBelafonte_2.wav,HarryBelafonte_2,9,C:\Users\sricb\OneDrive\Desktop\AI dementia dection\AI-Powered-Multimodal-Dementia-System\data\audio\features\mfcc\test\Harry Belafonte\HarryBelafonte_2_chunk_009.npy,40,313,False
test,Harry Belafonte,nodementia,nodementia/Harry Belafonte/HarryBelafonte_2.wav,HarryBelafonte_2,10,C:\Users\sricb\OneDrive\Desktop\AI dementia dection\AI-Powered-Multimodal-Dementia-System\data\audio\features\mfcc\test\Harry Belafonte\HarryBelafonte_2_chunk_010.npy,40,313,False
test,Harry Belafonte,nodementia,nodementia/Harry Belafonte/HarryBelafonte_2.wav,HarryBelafonte_2,11,C:\Users\sricb\OneDrive\Desktop\AI dementia dection\AI-Powered-Multimodal-Dementia-System\data\audio\features\mfcc\test\Harry Belafonte\HarryBelafonte_2_chunk_011.npy,40,313,False
test,Harry Belafonte,nodementia,nodementia/Harry Belafonte/HarryBelafonte_2.wav,HarryBelafonte_2,12,C:\Users\sricb\OneDrive\Desktop\AI dementia dection\AI-Powered-Multimodal-Dementia-System\data\audio\features\mfcc\test\Harry Belafonte\HarryBelafonte_2_chunk_012.npy,40,313,False
test,Harry Belafonte,nodementia,nodementia/Harry Belafonte/HarryBelafonte_2.wav,HarryBelafonte_2,13,C:\Users\sricb\OneDrive\Desktop\AI dementia dection\AI-Powered-Multimodal-Dementia-System\data\audio\features\mfcc\test\Harry Belafonte\HarryBelafonte_2_chunk_013.npy,40,313,True
test,Harry Belafonte,nodementia,nodementia/Harry Belafonte/HarryBelafonte_2.wav,HarryBelafonte_2,14,C:\Users\sricb\OneDrive\Desktop\AI dementia dection\AI-Powered-Multimodal-Dementia-System\data\audio\features\mfcc\test\Harry Belafonte\HarryBelafonte_2_chunk_014.npy,40,313,True
test,Harry Belafonte,nodementia,nodementia/Harry Belafonte/HarryBelafonte_3.wav,HarryBelafonte_3,1,C:\Users\sricb\OneDrive\Desktop\AI dementia dection\AI-Powered-Multimodal-Dementia-System\data\audio\features\mfcc\test\Harry Belafonte\HarryBelafonte_3_chunk_001.npy,40,313,False
test,Harry Belafonte,nodementia,nodementia/Harry Belafonte/HarryBelafonte_3.wav,HarryBelafonte_3,2,C:\Users\sricb\OneDrive\Desktop\AI dementia dection\AI-Powered-Multimodal-Dementia-System\data\audio\features\mfcc\test\Harry Belafonte\HarryBelafonte_3_chunk_002.npy,40,313,False
test,Harry Belafonte,nodementia,nodementia/Harry Belafonte/HarryBelafonte_3.wav,HarryBelafonte_3,3,C:\Users\sricb\OneDrive\Desktop\AI dementia dection\AI-Powered-Multimodal-Dementia-System\data\audio\features\mfcc\test\Harry Belafonte\HarryBelafonte_3_chunk_003.npy,40,313,False
test,Harry Belafonte,nodementia,nodementia/Harry Belafonte/HarryBelafonte_3.wav,HarryBelafonte_3,4,C:\Users\sricb\OneDrive\Desktop\AI dementia dection\AI-Powered-Multimodal-Dementia-System\data\audio\features\mfcc\test\Harry Belafonte\HarryBelafonte_3_chunk_004.npy,40,313,False
test,Harry Belafonte,nodementia,nodementia/Harry Belafonte/HarryBelafonte_3.wav,HarryBelafonte_3,5,C:\Users\sricb\OneDrive\Desktop\AI dementia dection\AI-Powered-Multimodal-Dementia-System\data\audio\features\mfcc\test\Harry Belafonte\HarryBelafonte_3_chunk_005.npy,40,313,False
test,Harry Belafonte,nodementia,nodementia/Harry Belafonte/HarryBelafonte_3.wav,HarryBelafonte_3,6,C:\Users\sricb\OneDrive\Desktop\AI dementia dection\AI-Powered-Multimodal-Dementia-System\data\audio\features\mfcc\test\Harry Belafonte\HarryBelafonte_3_chunk_006.npy,40,313,False
test,Harry Belafonte,nodementia,nodementia/Harry Belafonte/HarryBelafonte_3.wav,HarryBelafonte_3,7,C:\Users\sricb\OneDrive\Desktop\AI dementia dection\AI-Powered-Multimodal-Dementia-System\data\audio\features\mfcc\test\Harry Belafonte\HarryBelafonte_3_chunk_007.npy,40,313,False
test,Harry Belafonte,nodementia,nodementia/Harry Belafonte/HarryBelafonte_3.wav,HarryBelafonte_3,8,C:\Users\sricb\OneDrive\Desktop\AI dementia dection\AI-Powered-Multimodal-Dementia-System\data\audio\features\mfcc\test\Harry Belafonte\HarryBelafonte_3_chunk_008.npy,40,313,False
test,Harry Belafonte,nodementia,nodementia/Harry Belafonte/HarryBelafonte_3.wav,HarryBelafonte_3,9,C:\Users\sricb\OneDrive\Desktop\AI dementia dection\AI-Powered-Multimodal-Dementia-System\data\audio\features\mfcc\test\Harry Belafonte\HarryBelafonte_3_chunk_009.npy,40,313,False
test,Harry Belafonte,nodementia,nodementia/Harry Belafonte/HarryBelafonte_3.wav,HarryBelafonte_3,10,C:\Users\sricb\OneDrive\Desktop\AI dementia dection\AI-Powered-Multimodal-Dementia-System\data\audio\features\mfcc\test\Harry Belafonte\HarryBelafonte_3_chunk_010.npy,40,313,False
test,Harry Belafonte,nodementia,nodementia/Harry Belafonte/HarryBelafonte_3.wav,HarryBelafonte_3,11,C:\Users\sricb\OneDrive\Desktop\AI dementia dection\AI-Powered-Multimodal-Dementia-System\data\audio\features\mfcc\test\Harry Belafonte\HarryBelafonte_3_chunk_011.npy,40,313,False
test,Harry Belafonte,nodementia,nodementia/Harry Belafonte/HarryBelafonte_3.wav,HarryBelafonte_3,12,C:\Users\sricb\OneDrive\Desktop\AI dementia dection\AI-Powered-Multimodal-Dementia-System\data\audio\features\mfcc\test\Harry Belafonte\HarryBelafonte_3_chunk_012.npy,40,313,False
test,Harry Belafonte,nodementia,nodementia/Harry Belafonte/HarryBelafonte_3.wav,HarryBelafonte_3,13,C:\Users\sricb\OneDrive\Desktop\AI dementia dection\AI-Powered-Multimodal-Dementia-System\data\audio\features\mfcc\test\Harry Belafonte\HarryBelafonte_3_chunk_013.npy,40,313,True
test,Joe Pesci,nodementia,nodementia/Joe Pesci/JoePesci_1.wav,JoePesci_1,1,C:\Users\sricb\OneDrive\Desktop\AI dementia dection\AI-Powered-Multimodal-Dementia-System\data\audio\features\mfcc\test\Joe Pesci\JoePesci_1_chunk_001.npy,40,313,False
test,Joe Pesci,nodementia,nodementia/Joe Pesci/JoePesci_1.wav,JoePesci_1,2,C:\Users\sricb\OneDrive\Desktop\AI dementia dection\AI-Powered-Multimodal-Dementia-System\data\audio\features\mfcc\test\Joe Pesci\JoePesci_1_chunk_002.npy,40,313,False
test,Joe Pesci,nodementia,nodementia/Joe Pesci/JoePesci_1.wav,JoePesci_1,3,C:\Users\sricb\OneDrive\Desktop\AI dementia dection\AI-Powered-Multimodal-Dementia-System\data\audio\features\mfcc\test\Joe Pesci\JoePesci_1_chunk_003.npy,40,313,False
test,Joe Pesci,nodementia,nodementia/Joe Pesci/JoePesci_1.wav,JoePesci_1,4,C:\Users\sricb\OneDrive\Desktop\AI dementia dection\AI-Powered-Multimodal-Dementia-System\data\audio\features\mfcc\test\Joe Pesci\JoePesci_1_chunk_004.npy,40,313,False
test,Joe Pesci,nodementia,nodementia/Joe Pesci/JoePesci_1.wav,JoePesci_1,5,C:\Users\sricb\OneDrive\Desktop\AI dementia dection\AI-Powered-Multimodal-Dementia-System\data\audio\features\mfcc\test\Joe Pesci\JoePesci_1_chunk_005.npy,40,313,True
test,Joe Pesci,nodementia,nodementia/Joe Pesci/JoePesci_1.wav,JoePesci_1,6,C:\Users\sricb\OneDrive\Desktop\AI dementia dection\AI-Powered-Multimodal-Dementia-System\data\audio\features\mfcc\test\Joe Pesci\JoePesci_1_chunk_006.npy,40,313,True
test,Joe Pesci,nodementia,nodementia/Joe Pesci/JoePesci_2.wav,JoePesci_2,1,C:\Users\sricb\OneDrive\Desktop\AI dementia dection\AI-Powered-Multimodal-Dementia-System\data\audio\features\mfcc\test\Joe Pesci\JoePesci_2_chunk_001.npy,40,313,False
test,Joe Pesci,nodementia,nodementia/Joe Pesci/JoePesci_2.wav,JoePesci_2,2,C:\Users\sricb\OneDrive\Desktop\AI dementia dection\AI-Powered-Multimodal-Dementia-System\data\audio\features\mfcc\test\Joe Pesci\JoePesci_2_chunk_002.npy,40,313,False
test,Joe Pesci,nodementia,nodementia/Joe Pesci/JoePesci_2.wav,JoePesci_2,3,C:\Users\sricb\OneDrive\Desktop\AI dementia dection\AI-Powered-Multimodal-Dementia-System\data\audio\features\mfcc\test\Joe Pesci\JoePesci_2_chunk_003.npy,40,313,False
test,Joe Pesci,nodementia,nodementia/Joe Pesci/JoePesci_2.wav,JoePesci_2,4,C:\Users\sricb\OneDrive\Desktop\AI dementia dection\AI-Powered-Multimodal-Dementia-System\data\audio\features\mfcc\test\Joe Pesci\JoePesci_2_chunk_004.npy,40,313,False
test,Joe Pesci,nodementia,nodementia/Joe Pesci/JoePesci_2.wav,JoePesci_2,5,C:\Users\sricb\OneDrive\Desktop\AI dementia dection\AI-Powered-Multimodal-Dementia-System\data\audio\features\mfcc\test\Joe Pesci\JoePesci_2_chunk_005.npy,40,313,False
test,Joe Pesci,nodementia,nodementia/Joe Pesci/JoePesci_2.wav,JoePesci_2,6,C:\Users\sricb\OneDrive\Desktop\AI dementia dection\AI-Powered-Multimodal-Dementia-System\data\audio\features\mfcc\test\Joe Pesci\JoePesci_2_chunk_006.npy,40,313,False
test,Joe Pesci,nodementia,nodementia/Joe Pesci/JoePesci_2.wav,JoePesci_2,7,C:\Users\sricb\OneDrive\Desktop\AI dementia dection\AI-Powered-Multimodal-Dementia-System\data\audio\features\mfcc\test\Joe Pesci\JoePesci_2_chunk_007.npy,40,313,False
test,Joe Pesci,nodementia,nodementia/Joe Pesci/JoePesci_2.wav,JoePesci_2,8,C:\Users\sricb\OneDrive\Desktop\AI dementia dection\AI-Powered-Multimodal-Dementia-System\data\audio\features\mfcc\test\Joe Pesci\JoePesci_2_chunk_008.npy,40,313,False
test,Joe Pesci,nodementia,nodementia/Joe Pesci/JoePesci_2.wav,JoePesci_2,9,C:\Users\sricb\OneDrive\Desktop\AI dementia dection\AI-Powered-Multimodal-Dementia-System\data\audio\features\mfcc\test\Joe Pesci\JoePesci_2_chunk_009.npy,40,313,False
test,Joe Pesci,nodementia,nodementia/Joe Pesci/JoePesci_2.wav,JoePesci_2,10,C:\Users\sricb\OneDrive\Desktop\AI dementia dection\AI-Powered-Multimodal-Dementia-System\data\audio\features\mfcc\test\Joe Pesci\JoePesci_2_chunk_010.npy,40,313,False
test,Joe Pesci,nodementia,nodementia/Joe Pesci/JoePesci_2.wav,JoePesci_2,11,C:\Users\sricb\OneDrive\Desktop\AI dementia dection\AI-Powered-Multimodal-Dementia-System\data\audio\features\mfcc\test\Joe Pesci\JoePesci_2_chunk_011.npy,40,313,False
test,Joe Pesci,nodementia,nodementia/Joe Pesci/JoePesci_2.wav,JoePesci_2,12,C:\Users\sricb\OneDrive\Desktop\AI dementia dection\AI-Powered-Multimodal-Dementia-System\data\audio\features\mfcc\test\Joe Pesci\JoePesci_2_chunk_012.npy,40,313,False
test,Joe Pesci,nodementia,nodementia/Joe Pesci/JoePesci_2.wav,JoePesci_2,13,C:\Users\sricb\OneDrive\Desktop\AI dementia dection\AI-Powered-Multimodal-Dementia-System\data\audio\features\mfcc\test\Joe Pesci\JoePesci_2_chunk_013.npy,40,313,True
test,Joe Pesci,nodementia,nodementia/Joe Pesci/JoePesci_2.wav,JoePesci_2,14,C:\Users\sricb\OneDrive\Desktop\AI dementia dection\AI-Powered-Multimodal-Dementia-System\data\audio\features\mfcc\test\Joe Pesci\JoePesci_2_chunk_014.npy,40,313,True
test,Joe Pesci,nodementia,nodementia/Joe Pesci/JoePesci_3.wav,JoePesci_3,1,C:\Users\sricb\OneDrive\Desktop\AI dementia dection\AI-Powered-Multimodal-Dementia-System\data\audio\features\mfcc\test\Joe Pesci\JoePesci_3_chunk_001.npy,40,313,False
test,Joe Pesci,nodementia,nodementia/Joe Pesci/JoePesci_3.wav,JoePesci_3,2,C:\Users\sricb\OneDrive\Desktop\AI dementia dection\AI-Powered-Multimodal-Dementia-System\data\audio\features\mfcc\test\Joe Pesci\JoePesci_3_chunk_002.npy,40,313,False
test,Joe Pesci,nodementia,nodementia/Joe Pesci/JoePesci_3.wav,JoePesci_3,3,C:\Users\sricb\OneDrive\Desktop\AI dementia dection\AI-Powered-Multimodal-Dementia-System\data\audio\features\mfcc\test\Joe Pesci\JoePesci_3_chunk_003.npy,40,313,False
test,Joe Pesci,nodementia,nodementia/Joe Pesci/JoePesci_3.wav,JoePesci_3,4,C:\Users\sricb\OneDrive\Desktop\AI dementia dection\AI-Powered-Multimodal-Dementia-System\data\audio\features\mfcc\test\Joe Pesci\JoePesci_3_chunk_004.npy,40,313,False
test,Joe Pesci,nodementia,nodementia/Joe Pesci/JoePesci_3.wav,JoePesci_3,5,C:\Users\sricb\OneDrive\Desktop\AI dementia dection\AI-Powered-Multimodal-Dementia-System\data\audio\features\mfcc\test\Joe Pesci\JoePesci_3_chunk_005.npy,40,313,False
test,Joe Pesci,nodementia,nodementia/Joe Pesci/JoePesci_3.wav,JoePesci_3,6,C:\Users\sricb\OneDrive\Desktop\AI dementia dection\AI-Powered-Multimodal-Dementia-System\data\audio\features\mfcc\test\Joe Pesci\JoePesci_3_chunk_006.npy,40,313,False
test,Joe Pesci,nodementia,nodementia/Joe Pesci/JoePesci_3.wav,JoePesci_3,7,C:\Users\sricb\OneDrive\Desktop\AI dementia dection\AI-Powered-Multimodal-Dementia-System\data\audio\features\mfcc\test\Joe Pesci\JoePesci_3_chunk_007.npy,40,313,False
test,Joe Pesci,nodementia,nodementia/Joe Pesci/JoePesci_3.wav,JoePesci_3,8,C:\Users\sricb\OneDrive\Desktop\AI dementia dection\AI-Powered-Multimodal-Dementia-System\data\audio\features\mfcc\test\Joe Pesci\JoePesci_3_chunk_008.npy,40,313,False
test,Joe Pesci,nodementia,nodementia/Joe Pesci/JoePesci_3.wav,JoePesci_3,9,C:\Users\sricb\OneDrive\Desktop\AI dementia dection\AI-Powered-Multimodal-Dementia-System\data\audio\features\mfcc\test\Joe Pesci\JoePesci_3_chunk_009.npy,40,313,True
test,Joe Pesci,nodementia,nodementia/Joe Pesci/JoePesci_3.wav,JoePesci_3,10,C:\Users\sricb\OneDrive\Desktop\AI dementia dection\AI-Powered-Multimodal-Dementia-System\data\audio\features\mfcc\test\Joe Pesci\JoePesci_3_chunk_010.npy,40,313,True
test,Kirk Douglas,nodementia,nodementia/Kirk Douglas/Kirk Douglas_1.wav,Kirk Douglas_1,1,C:\Users\sricb\OneDrive\Desktop\AI dementia dection\AI-Powered-Multimodal-Dementia-System\data\audio\features\mfcc\test\Kirk Douglas\Kirk Douglas_1_chunk_001.npy,40,313,False
test,Kirk Douglas,nodementia,nodementia/Kirk Douglas/Kirk Douglas_1.wav,Kirk Douglas_1,2,C:\Users\sricb\OneDrive\Desktop\AI dementia dection\AI-Powered-Multimodal-Dementia-System\data\audio\features\mfcc\test\Kirk Douglas\Kirk Douglas_1_chunk_002.npy,40,313,False
test,Kirk Douglas,nodementia,nodementia/Kirk Douglas/Kirk Douglas_1.wav,Kirk Douglas_1,3,C:\Users\sricb\OneDrive\Desktop\AI dementia dection\AI-Powered-Multimodal-Dementia-System\data\audio\features\mfcc\test\Kirk Douglas\Kirk Douglas_1_chunk_003.npy,40,313,False
test,Kirk Douglas,nodementia,nodementia/Kirk Douglas/Kirk Douglas_1.wav,Kirk Douglas_1,4,C:\Users\sricb\OneDrive\Desktop\AI dementia dection\AI-Powered-Multimodal-Dementia-System\data\audio\features\mfcc\test\Kirk Douglas\Kirk Douglas_1_chunk_004.npy,40,313,False
test,Kirk Douglas,nodementia,nodementia/Kirk Douglas/Kirk Douglas_1.wav,Kirk Douglas_1,5,C:\Users\sricb\OneDrive\Desktop\AI dementia dection\AI-Powered-Multimodal-Dementia-System\data\audio\features\mfcc\test\Kirk Douglas\Kirk Douglas_1_chunk_005.npy,40,313,False
test,Kirk Douglas,nodementia,nodementia/Kirk Douglas/Kirk Douglas_1.wav,Kirk Douglas_1,6,C:\Users\sricb\OneDrive\Desktop\AI dementia dection\AI-Powered-Multimodal-Dementia-System\data\audio\features\mfcc\test\Kirk Douglas\Kirk Douglas_1_chunk_006.npy,40,313,False
test,Kirk Douglas,nodementia,nodementia/Kirk Douglas/Kirk Douglas_1.wav,Kirk Douglas_1,7,C:\Users\sricb\OneDrive\Desktop\AI dementia dection\AI-Powered-Multimodal-Dementia-System\data\audio\features\mfcc\test\Kirk Douglas\Kirk Douglas_1_chunk_007.npy,40,313,False
test,Kirk Douglas,nodementia,nodementia/Kirk Douglas/Kirk Douglas_1.wav,Kirk Douglas_1,8,C:\Users\sricb\OneDrive\Desktop\AI dementia dection\AI-Powered-Multimodal-Dementia-System\data\audio\features\mfcc\test\Kirk Douglas\Kirk Douglas_1_chunk_008.npy,40,313,False
test,Kirk Douglas,nodementia,nodementia/Kirk Douglas/Kirk Douglas_1.wav,Kirk Douglas_1,9,C:\Users\sricb\OneDrive\Desktop\AI dementia dection\AI-Powered-Multimodal-Dementia-System\data\audio\features\mfcc\test\Kirk Douglas\Kirk Douglas_1_chunk_009.npy,40,313,False
test,Kirk Douglas,nodementia,nodementia/Kirk Douglas/Kirk Douglas_1.wav,Kirk Douglas_1,10,C:\Users\sricb\OneDrive\Desktop\AI dementia dection\AI-Powered-Multimodal-Dementia-System\data\audio\features\mfcc\test\Kirk Douglas\Kirk Douglas_1_chunk_010.npy,40,313,False
test,Kirk Douglas,nodementia,nodementia/Kirk Douglas/Kirk Douglas_1.wav,Kirk Douglas_1,11,C:\Users\sricb\OneDrive\Desktop\AI dementia dection\AI-Powered-Multimodal-Dementia-System\data\audio\features\mfcc\test\Kirk Douglas\Kirk Douglas_1_chunk_011.npy,40,313,False
test,Kirk Douglas,nodementia,nodementia/Kirk Douglas/Kirk Douglas_1.wav,Kirk Douglas_1,12,C:\Users\sricb\OneDrive\Desktop\AI dementia dection\AI-Powered-Multimodal-Dementia-System\data\audio\features\mfcc\test\Kirk Douglas\Kirk Douglas_1_chunk_012.npy,40,313,True
test,Kirk Douglas,nodementia,nodementia/Kirk Douglas/Kirk Douglas_1.wav,Kirk Douglas_1,13,C:\Users\sricb\OneDrive\Desktop\AI dementia dection\AI-Powered-Multimodal-Dementia-System\data\audio\features\mfcc\test\Kirk Douglas\Kirk Douglas_1_chunk_013.npy,40,313,True
test,Kirk Douglas,nodementia,nodementia/Kirk Douglas/Kirk Douglas_2.wav,Kirk Douglas_2,1,C:\Users\sricb\OneDrive\Desktop\AI dementia dection\AI-Powered-Multimodal-Dementia-System\data\audio\features\mfcc\test\Kirk Douglas\Kirk Douglas_2_chunk_001.npy,40,313,False
test,Kirk Douglas,nodementia,nodementia/Kirk Douglas/Kirk Douglas_2.wav,Kirk Douglas_2,2,C:\Users\sricb\OneDrive\Desktop\AI dementia dection\AI-Powered-Multimodal-Dementia-System\data\audio\features\mfcc\test\Kirk Douglas\Kirk Douglas_2_chunk_002.npy,40,313,False
test,Kirk Douglas,nodementia,nodementia/Kirk Douglas/Kirk Douglas_2.wav,Kirk Douglas_2,3,C:\Users\sricb\OneDrive\Desktop\AI dementia dection\AI-Powered-Multimodal-Dementia-System\data\audio\features\mfcc\test\Kirk Douglas\Kirk Douglas_2_chunk_003.npy,40,313,False
test,Kirk Douglas,nodementia,nodementia/Kirk Douglas/Kirk Douglas_2.wav,Kirk Douglas_2,4,C:\Users\sricb\OneDrive\Desktop\AI dementia dection\AI-Powered-Multimodal-Dementia-System\data\audio\features\mfcc\test\Kirk Douglas\Kirk Douglas_2_chunk_004.npy,40,313,False
test,Kirk Douglas,nodementia,nodementia/Kirk Douglas/Kirk Douglas_2.wav,Kirk Douglas_2,5,C:\Users\sricb\OneDrive\Desktop\AI dementia dection\AI-Powered-Multimodal-Dementia-System\data\audio\features\mfcc\test\Kirk Douglas\Kirk Douglas_2_chunk_005.npy,40,313,False
test,Kirk Douglas,nodementia,nodementia/Kirk Douglas/Kirk Douglas_2.wav,Kirk Douglas_2,6,C:\Users\sricb\OneDrive\Desktop\AI dementia dection\AI-Powered-Multimodal-Dementia-System\data\audio\features\mfcc\test\Kirk Douglas\Kirk Douglas_2_chunk_006.npy,40,313,False
test,Kirk Douglas,nodementia,nodementia/Kirk Douglas/Kirk Douglas_2.wav,Kirk Douglas_2,7,C:\Users\sricb\OneDrive\Desktop\AI dementia dection\AI-Powered-Multimodal-Dementia-System\data\audio\features\mfcc\test\Kirk Douglas\Kirk Douglas_2_chunk_007.npy,40,313,False
test,Kirk Douglas,nodementia,nodementia/Kirk Douglas/Kirk Douglas_2.wav,Kirk Douglas_2,8,C:\Users\sricb\OneDrive\Desktop\AI dementia dection\AI-Powered-Multimodal-Dementia-System\data\audio\features\mfcc\test\Kirk Douglas\Kirk Douglas_2_chunk_008.npy,40,313,False
test,Kirk Douglas,nodementia,nodementia/Kirk Douglas/Kirk Douglas_2.wav,Kirk Douglas_2,9,C:\Users\sricb\OneDrive\Desktop\AI dementia dection\AI-Powered-Multimodal-Dementia-System\data\audio\features\mfcc\test\Kirk Douglas\Kirk Douglas_2_chunk_009.npy,40,313,False
test,Kirk Douglas,nodementia,nodementia/Kirk Douglas/Kirk Douglas_2.wav,Kirk Douglas_2,10,C:\Users\sricb\OneDrive\Desktop\AI dementia dection\AI-Powered-Multimodal-Dementia-System\data\audio\features\mfcc\test\Kirk Douglas\Kirk Douglas_2_chunk_010.npy,40,313,False
test,Kirk Douglas,nodementia,nodementia/Kirk Douglas/Kirk Douglas_2.wav,Kirk Douglas_2,11,C:\Users\sricb\OneDrive\Desktop\AI dementia dection\AI-Powered-Multimodal-Dementia-System\data\audio\features\mfcc\test\Kirk Douglas\Kirk Douglas_2_chunk_011.npy,40,313,False
test,Kirk Douglas,nodementia,nodementia/Kirk Douglas/Kirk Douglas_2.wav,Kirk Douglas_2,12,C:\Users\sricb\OneDrive\Desktop\AI dementia dection\AI-Powered-Multimodal-Dementia-System\data\audio\features\mfcc\test\Kirk Douglas\Kirk Douglas_2_chunk_012.npy,40,313,False
test,Kirk Douglas,nodementia,nodementia/Kirk Douglas/Kirk Douglas_2.wav,Kirk Douglas_2,13,C:\Users\sricb\OneDrive\Desktop\AI dementia dection\AI-Powered-Multimodal-Dementia-System\data\audio\features\mfcc\test\Kirk Douglas\Kirk Douglas_2_chunk_013.npy,40,313,False
test,Kirk Douglas,nodementia,nodementia/Kirk Douglas/Kirk Douglas_2.wav,Kirk Douglas_2,14,C:\Users\sricb\OneDrive\Desktop\AI dementia dection\AI-Powered-Multimodal-Dementia-System\data\audio\features\mfcc\test\Kirk Douglas\Kirk Douglas_2_chunk_014.npy,40,313,True
test,Kirk Douglas,nodementia,nodementia/Kirk Douglas/Kirk Douglas_2.wav,Kirk Douglas_2,15,C:\Users\sricb\OneDrive\Desktop\AI dementia dection\AI-Powered-Multimodal-Dementia-System\data\audio\features\mfcc\test\Kirk Douglas\Kirk Douglas_2_chunk_015.npy,40,313,True
test,Kirk Douglas,nodementia,nodementia/Kirk Douglas/Kirk Douglas_3.wav,Kirk Douglas_3,1,C:\Users\sricb\OneDrive\Desktop\AI dementia dection\AI-Powered-Multimodal-Dementia-System\data\audio\features\mfcc\test\Kirk Douglas\Kirk Douglas_3_chunk_001.npy,40,313,False
test,Kirk Douglas,nodementia,nodementia/Kirk Douglas/Kirk Douglas_3.wav,Kirk Douglas_3,2,C:\Users\sricb\OneDrive\Desktop\AI dementia dection\AI-Powered-Multimodal-Dementia-System\data\audio\features\mfcc\test\Kirk Douglas\Kirk Douglas_3_chunk_002.npy,40,313,False
test,Kirk Douglas,nodementia,nodementia/Kirk Douglas/Kirk Douglas_3.wav,Kirk Douglas_3,3,C:\Users\sricb\OneDrive\Desktop\AI dementia dection\AI-Powered-Multimodal-Dementia-System\data\audio\features\mfcc\test\Kirk Douglas\Kirk Douglas_3_chunk_003.npy,40,313,False
test,Kirk Douglas,nodementia,nodementia/Kirk Douglas/Kirk Douglas_3.wav,Kirk Douglas_3,4,C:\Users\sricb\OneDrive\Desktop\AI dementia dection\AI-Powered-Multimodal-Dementia-System\data\audio\features\mfcc\test\Kirk Douglas\Kirk Douglas_3_chunk_004.npy,40,313,False
test,Kirk Douglas,nodementia,nodementia/Kirk Douglas/Kirk Douglas_3.wav,Kirk Douglas_3,5,C:\Users\sricb\OneDrive\Desktop\AI dementia dection\AI-Powered-Multimodal-Dementia-System\data\audio\features\mfcc\test\Kirk Douglas\Kirk Douglas_3_chunk_005.npy,40,313,False
test,Kirk Douglas,nodementia,nodementia/Kirk Douglas/Kirk Douglas_3.wav,Kirk Douglas_3,6,C:\Users\sricb\OneDrive\Desktop\AI dementia dection\AI-Powered-Multimodal-Dementia-System\data\audio\features\mfcc\test\Kirk Douglas\Kirk Douglas_3_chunk_006.npy,40,313,True
test,Mel brooks,nodementia,nodementia/Mel brooks/Mel brooks_1.wav,Mel brooks_1,1,C:\Users\sricb\OneDrive\Desktop\AI dementia dection\AI-Powered-Multimodal-Dementia-System\data\audio\features\mfcc\test\Mel brooks\Mel brooks_1_chunk_001.npy,40,313,False
test,Mel brooks,nodementia,nodementia/Mel brooks/Mel brooks_1.wav,Mel brooks_1,2,C:\Users\sricb\OneDrive\Desktop\AI dementia dection\AI-Powered-Multimodal-Dementia-System\data\audio\features\mfcc\test\Mel brooks\Mel brooks_1_chunk_002.npy,40,313,False
test,Mel brooks,nodementia,nodementia/Mel brooks/Mel brooks_1.wav,Mel brooks_1,3,C:\Users\sricb\OneDrive\Desktop\AI dementia dection\AI-Powered-Multimodal-Dementia-System\data\audio\features\mfcc\test\Mel brooks\Mel brooks_1_chunk_003.npy,40,313,False
test,Mel brooks,nodementia,nodementia/Mel brooks/Mel brooks_1.wav,Mel brooks_1,4,C:\Users\sricb\OneDrive\Desktop\AI dementia dection\AI-Powered-Multimodal-Dementia-System\data\audio\features\mfcc\test\Mel brooks\Mel brooks_1_chunk_004.npy,40,313,False
test,Mel brooks,nodementia,nodementia/Mel brooks/Mel brooks_1.wav,Mel brooks_1,5,C:\Users\sricb\OneDrive\Desktop\AI dementia dection\AI-Powered-Multimodal-Dementia-System\data\audio\features\mfcc\test\Mel brooks\Mel brooks_1_chunk_005.npy,40,313,False
test,Mel brooks,nodementia,nodementia/Mel brooks/Mel brooks_1.wav,Mel brooks_1,6,C:\Users\sricb\OneDrive\Desktop\AI dementia dection\AI-Powered-Multimodal-Dementia-System\data\audio\features\mfcc\test\Mel brooks\Mel brooks_1_chunk_006.npy,40,313,False
test,Mel brooks,nodementia,nodementia/Mel brooks/Mel brooks_1.wav,Mel brooks_1,7,C:\Users\sricb\OneDrive\Desktop\AI dementia dection\AI-Powered-Multimodal-Dementia-System\data\audio\features\mfcc\test\Mel brooks\Mel brooks_1_chunk_007.npy,40,313,True
test,Mel brooks,nodementia,nodementia/Mel brooks/Mel brooks_2.wav,Mel brooks_2,1,C:\Users\sricb\OneDrive\Desktop\AI dementia dection\AI-Powered-Multimodal-Dementia-System\data\audio\features\mfcc\test\Mel brooks\Mel brooks_2_chunk_001.npy,40,313,False
test,Mel brooks,nodementia,nodementia/Mel brooks/Mel brooks_2.wav,Mel brooks_2,2,C:\Users\sricb\OneDrive\Desktop\AI dementia dection\AI-Powered-Multimodal-Dementia-System\data\audio\features\mfcc\test\Mel brooks\Mel brooks_2_chunk_002.npy,40,313,False
test,Mel brooks,nodementia,nodementia/Mel brooks/Mel brooks_2.wav,Mel brooks_2,3,C:\Users\sricb\OneDrive\Desktop\AI dementia dection\AI-Powered-Multimodal-Dementia-System\data\audio\features\mfcc\test\Mel brooks\Mel brooks_2_chunk_003.npy,40,313,False
test,Mel brooks,nodementia,nodementia/Mel brooks/Mel brooks_2.wav,Mel brooks_2,4,C:\Users\sricb\OneDrive\Desktop\AI dementia dection\AI-Powered-Multimodal-Dementia-System\data\audio\features\mfcc\test\Mel brooks\Mel brooks_2_chunk_004.npy,40,313,False
test,Mel brooks,nodementia,nodementia/Mel brooks/Mel brooks_2.wav,Mel brooks_2,5,C:\Users\sricb\OneDrive\Desktop\AI dementia dection\AI-Powered-Multimodal-Dementia-System\data\audio\features\mfcc\test\Mel brooks\Mel brooks_2_chunk_005.npy,40,313,False
test,Mel brooks,nodementia,nodementia/Mel brooks/Mel brooks_2.wav,Mel brooks_2,6,C:\Users\sricb\OneDrive\Desktop\AI dementia dection\AI-Powered-Multimodal-Dementia-System\data\audio\features\mfcc\test\Mel brooks\Mel brooks_2_chunk_006.npy,40,313,False
test,Mel brooks,nodementia,nodementia/Mel brooks/Mel brooks_2.wav,Mel brooks_2,7,C:\Users\sricb\OneDrive\Desktop\AI dementia dection\AI-Powered-Multimodal-Dementia-System\data\audio\features\mfcc\test\Mel brooks\Mel brooks_2_chunk_007.npy,40,313,False
test,Mel brooks,nodementia,nodementia/Mel brooks/Mel brooks_2.wav,Mel brooks_2,8,C:\Users\sricb\OneDrive\Desktop\AI dementia dection\AI-Powered-Multimodal-Dementia-System\data\audio\features\mfcc\test\Mel brooks\Mel brooks_2_chunk_008.npy,40,313,False
test,Mel brooks,nodementia,nodementia/Mel brooks/Mel brooks_2.wav,Mel brooks_2,9,C:\Users\sricb\OneDrive\Desktop\AI dementia dection\AI-Powered-Multimodal-Dementia-System\data\audio\features\mfcc\test\Mel brooks\Mel brooks_2_chunk_009.npy,40,313,False
test,Mel brooks,nodementia,nodementia/Mel brooks/Mel brooks_2.wav,Mel brooks_2,10,C:\Users\sricb\OneDrive\Desktop\AI dementia dection\AI-Powered-Multimodal-Dementia-System\data\audio\features\mfcc\test\Mel brooks\Mel brooks_2_chunk_010.npy,40,313,False
test,Mel brooks,nodementia,nodementia/Mel brooks/Mel brooks_2.wav,Mel brooks_2,11,C:\Users\sricb\OneDrive\Desktop\AI dementia dection\AI-Powered-Multimodal-Dementia-System\data\audio\features\mfcc\test\Mel brooks\Mel brooks_2_chunk_011.npy,40,313,False
test,Mel brooks,nodementia,nodementia/Mel brooks/Mel brooks_2.wav,Mel brooks_2,12,C:\Users\sricb\OneDrive\Desktop\AI dementia dection\AI-Powered-Multimodal-Dementia-System\data\audio\features\mfcc\test\Mel brooks\Mel brooks_2_chunk_012.npy,40,313,False
test,Mel brooks,nodementia,nodementia/Mel brooks/Mel brooks_2.wav,Mel brooks_2,13,C:\Users\sricb\OneDrive\Desktop\AI dementia dection\AI-Powered-Multimodal-Dementia-System\data\audio\features\mfcc\test\Mel brooks\Mel brooks_2_chunk_013.npy,40,313,False
test,Mel brooks,nodementia,nodementia/Mel brooks/Mel brooks_2.wav,Mel brooks_2,14,C:\Users\sricb\OneDrive\Desktop\AI dementia dection\AI-Powered-Multimodal-Dementia-System\data\audio\features\mfcc\test\Mel brooks\Mel brooks_2_chunk_014.npy,40,313,False
test,Mel brooks,nodementia,nodementia/Mel brooks/Mel brooks_2.wav,Mel brooks_2,15,C:\Users\sricb\OneDrive\Desktop\AI dementia dection\AI-Powered-Multimodal-Dementia-System\data\audio\features\mfcc\test\Mel brooks\Mel brooks_2_chunk_015.npy,40,313,False
test,Mel brooks,nodementia,nodementia/Mel brooks/Mel brooks_2.wav,Mel brooks_2,16,C:\Users\sricb\OneDrive\Desktop\AI dementia dection\AI-Powered-Multimodal-Dementia-System\data\audio\features\mfcc\test\Mel brooks\Mel brooks_2_chunk_016.npy,40,313,False
test,Mel brooks,nodementia,nodementia/Mel brooks/Mel brooks_2.wav,Mel brooks_2,17,C:\Users\sricb\OneDrive\Desktop\AI dementia dection\AI-Powered-Multimodal-Dementia-System\data\audio\features\mfcc\test\Mel brooks\Mel brooks_2_chunk_017.npy,40,313,False
test,Mel brooks,nodementia,nodementia/Mel brooks/Mel brooks_2.wav,Mel brooks_2,18,C:\Users\sricb\OneDrive\Desktop\AI dementia dection\AI-Powered-Multimodal-Dementia-System\data\audio\features\mfcc\test\Mel brooks\Mel brooks_2_chunk_018.npy,40,313,True
test,Mel brooks,nodementia,nodementia/Mel brooks/Mel brooks_3.wav,Mel brooks_3,1,C:\Users\sricb\OneDrive\Desktop\AI dementia dection\AI-Powered-Multimodal-Dementia-System\data\audio\features\mfcc\test\Mel brooks\Mel brooks_3_chunk_001.npy,40,313,False
test,Mel brooks,nodementia,nodementia/Mel brooks/Mel brooks_3.wav,Mel brooks_3,2,C:\Users\sricb\OneDrive\Desktop\AI dementia dection\AI-Powered-Multimodal-Dementia-System\data\audio\features\mfcc\test\Mel brooks\Mel brooks_3_chunk_002.npy,40,313,False
test,Mel brooks,nodementia,nodementia/Mel brooks/Mel brooks_3.wav,Mel brooks_3,3,C:\Users\sricb\OneDrive\Desktop\AI dementia dection\AI-Powered-Multimodal-Dementia-System\data\audio\features\mfcc\test\Mel brooks\Mel brooks_3_chunk_003.npy,40,313,False
test,Mel brooks,nodementia,nodementia/Mel brooks/Mel brooks_3.wav,Mel brooks_3,4,C:\Users\sricb\OneDrive\Desktop\AI dementia dection\AI-Powered-Multimodal-Dementia-System\data\audio\features\mfcc\test\Mel brooks\Mel brooks_3_chunk_004.npy,40,313,False
test,Mel brooks,nodementia,nodementia/Mel brooks/Mel brooks_3.wav,Mel brooks_3,5,C:\Users\sricb\OneDrive\Desktop\AI dementia dection\AI-Powered-Multimodal-Dementia-System\data\audio\features\mfcc\test\Mel brooks\Mel brooks_3_chunk_005.npy,40,313,True
test,Morgen Freeman,nodementia,nodementia/Morgen Freeman/Morgen Freeman_1.wav,Morgen Freeman_1,1,C:\Users\sricb\OneDrive\Desktop\AI dementia dection\AI-Powered-Multimodal-Dementia-System\data\audio\features\mfcc\test\Morgen Freeman\Morgen Freeman_1_chunk_001.npy,40,313,False
test,Morgen Freeman,nodementia,nodementia/Morgen Freeman/Morgen Freeman_1.wav,Morgen Freeman_1,2,C:\Users\sricb\OneDrive\Desktop\AI dementia dection\AI-Powered-Multimodal-Dementia-System\data\audio\features\mfcc\test\Morgen Freeman\Morgen Freeman_1_chunk_002.npy,40,313,False
test,Morgen Freeman,nodementia,nodementia/Morgen Freeman/Morgen Freeman_1.wav,Morgen Freeman_1,3,C:\Users\sricb\OneDrive\Desktop\AI dementia dection\AI-Powered-Multimodal-Dementia-System\data\audio\features\mfcc\test\Morgen Freeman\Morgen Freeman_1_chunk_003.npy,40,313,False
test,Morgen Freeman,nodementia,nodementia/Morgen Freeman/Morgen Freeman_1.wav,Morgen Freeman_1,4,C:\Users\sricb\OneDrive\Desktop\AI dementia dection\AI-Powered-Multimodal-Dementia-System\data\audio\features\mfcc\test\Morgen Freeman\Morgen Freeman_1_chunk_004.npy,40,313,False
test,Morgen Freeman,nodementia,nodementia/Morgen Freeman/Morgen Freeman_1.wav,Morgen Freeman_1,5,C:\Users\sricb\OneDrive\Desktop\AI dementia dection\AI-Powered-Multimodal-Dementia-System\data\audio\features\mfcc\test\Morgen Freeman\Morgen Freeman_1_chunk_005.npy,40,313,False
test,Morgen Freeman,nodementia,nodementia/Morgen Freeman/Morgen Freeman_1.wav,Morgen Freeman_1,6,C:\Users\sricb\OneDrive\Desktop\AI dementia dection\AI-Powered-Multimodal-Dementia-System\data\audio\features\mfcc\test\Morgen Freeman\Morgen Freeman_1_chunk_006.npy,40,313,False
test,Morgen Freeman,nodementia,nodementia/Morgen Freeman/Morgen Freeman_1.wav,Morgen Freeman_1,7,C:\Users\sricb\OneDrive\Desktop\AI dementia dection\AI-Powered-Multimodal-Dementia-System\data\audio\features\mfcc\test\Morgen Freeman\Morgen Freeman_1_chunk_007.npy,40,313,False
test,Morgen Freeman,nodementia,nodementia/Morgen Freeman/Morgen Freeman_1.wav,Morgen Freeman_1,8,C:\Users\sricb\OneDrive\Desktop\AI dementia dection\AI-Powered-Multimodal-Dementia-System\data\audio\features\mfcc\test\Morgen Freeman\Morgen Freeman_1_chunk_008.npy,40,313,False
test,Morgen Freeman,nodementia,nodementia/Morgen Freeman/Morgen Freeman_1.wav,Morgen Freeman_1,9,C:\Users\sricb\OneDrive\Desktop\AI dementia dection\AI-Powered-Multimodal-Dementia-System\data\audio\features\mfcc\test\Morgen Freeman\Morgen Freeman_1_chunk_009.npy,40,313,False
test,Morgen Freeman,nodementia,nodementia/Morgen Freeman/Morgen Freeman_1.wav,Morgen Freeman_1,10,C:\Users\sricb\OneDrive\Desktop\AI dementia dection\AI-Powered-Multimodal-Dementia-System\data\audio\features\mfcc\test\Morgen Freeman\Morgen Freeman_1_chunk_010.npy,40,313,False
test,Morgen Freeman,nodementia,nodementia/Morgen Freeman/Morgen Freeman_1.wav,Morgen Freeman_1,11,C:\Users\sricb\OneDrive\Desktop\AI dementia dection\AI-Powered-Multimodal-Dementia-System\data\audio\features\mfcc\test\Morgen Freeman\Morgen Freeman_1_chunk_011.npy,40,313,False
test,Morgen Freeman,nodementia,nodementia/Morgen Freeman/Morgen Freeman_1.wav,Morgen Freeman_1,12,C:\Users\sricb\OneDrive\Desktop\AI dementia dection\AI-Powered-Multimodal-Dementia-System\data\audio\features\mfcc\test\Morgen Freeman\Morgen Freeman_1_chunk_012.npy,40,313,False
test,Morgen Freeman,nodementia,nodementia/Morgen Freeman/Morgen Freeman_1.wav,Morgen Freeman_1,13,C:\Users\sricb\OneDrive\Desktop\AI dementia dection\AI-Powered-Multimodal-Dementia-System\data\audio\features\mfcc\test\Morgen Freeman\Morgen Freeman_1_chunk_013.npy,40,313,True
test,Morgen Freeman,nodementia,nodementia/Morgen Freeman/Morgen Freeman_2.wav,Morgen Freeman_2,1,C:\Users\sricb\OneDrive\Desktop\AI dementia dection\AI-Powered-Multimodal-Dementia-System\data\audio\features\mfcc\test\Morgen Freeman\Morgen Freeman_2_chunk_001.npy,40,313,False
test,Morgen Freeman,nodementia,nodementia/Morgen Freeman/Morgen Freeman_2.wav,Morgen Freeman_2,2,C:\Users\sricb\OneDrive\Desktop\AI dementia dection\AI-Powered-Multimodal-Dementia-System\data\audio\features\mfcc\test\Morgen Freeman\Morgen Freeman_2_chunk_002.npy,40,313,False
test,Morgen Freeman,nodementia,nodementia/Morgen Freeman/Morgen Freeman_2.wav,Morgen Freeman_2,3,C:\Users\sricb\OneDrive\Desktop\AI dementia dection\AI-Powered-Multimodal-Dementia-System\data\audio\features\mfcc\test\Morgen Freeman\Morgen Freeman_2_chunk_003.npy,40,313,False
test,Morgen Freeman,nodementia,nodementia/Morgen Freeman/Morgen Freeman_2.wav,Morgen Freeman_2,4,C:\Users\sricb\OneDrive\Desktop\AI dementia dection\AI-Powered-Multimodal-Dementia-System\data\audio\features\mfcc\test\Morgen Freeman\Morgen Freeman_2_chunk_004.npy,40,313,False
test,Morgen Freeman,nodementia,nodementia/Morgen Freeman/Morgen Freeman_2.wav,Morgen Freeman_2,5,C:\Users\sricb\OneDrive\Desktop\AI dementia dection\AI-Powered-Multimodal-Dementia-System\data\audio\features\mfcc\test\Morgen Freeman\Morgen Freeman_2_chunk_005.npy,40,313,False
test,Morgen Freeman,nodementia,nodementia/Morgen Freeman/Morgen Freeman_2.wav,Morgen Freeman_2,6,C:\Users\sricb\OneDrive\Desktop\AI dementia dection\AI-Powered-Multimodal-Dementia-System\data\audio\features\mfcc\test\Morgen Freeman\Morgen Freeman_2_chunk_006.npy,40,313,False
test,Morgen Freeman,nodementia,nodementia/Morgen Freeman/Morgen Freeman_2.wav,Morgen Freeman_2,7,C:\Users\sricb\OneDrive\Desktop\AI dementia dection\AI-Powered-Multimodal-Dementia-System\data\audio\features\mfcc\test\Morgen Freeman\Morgen Freeman_2_chunk_007.npy,40,313,False
test,Morgen Freeman,nodementia,nodementia/Morgen Freeman/Morgen Freeman_2.wav,Morgen Freeman_2,8,C:\Users\sricb\OneDrive\Desktop\AI dementia dection\AI-Powered-Multimodal-Dementia-System\data\audio\features\mfcc\test\Morgen Freeman\Morgen Freeman_2_chunk_008.npy,40,313,False
test,Morgen Freeman,nodementia,nodementia/Morgen Freeman/Morgen Freeman_2.wav,Morgen Freeman_2,9,C:\Users\sricb\OneDrive\Desktop\AI dementia dection\AI-Powered-Multimodal-Dementia-System\data\audio\features\mfcc\test\Morgen Freeman\Morgen Freeman_2_chunk_009.npy,40,313,False
test,Morgen Freeman,nodementia,nodementia/Morgen Freeman/Morgen Freeman_2.wav,Morgen Freeman_2,10,C:\Users\sricb\OneDrive\Desktop\AI dementia dection\AI-Powered-Multimodal-Dementia-System\data\audio\features\mfcc\test\Morgen Freeman\Morgen Freeman_2_chunk_010.npy,40,313,False
test,Morgen Freeman,nodementia,nodementia/Morgen Freeman/Morgen Freeman_2.wav,Morgen Freeman_2,11,C:\Users\sricb\OneDrive\Desktop\AI dementia dection\AI-Powered-Multimodal-Dementia-System\data\audio\features\mfcc\test\Morgen Freeman\Morgen Freeman_2_chunk_011.npy,40,313,False
test,Morgen Freeman,nodementia,nodementia/Morgen Freeman/Morgen Freeman_2.wav,Morgen Freeman_2,12,C:\Users\sricb\OneDrive\Desktop\AI dementia dection\AI-Powered-Multimodal-Dementia-System\data\audio\features\mfcc\test\Morgen Freeman\Morgen Freeman_2_chunk_012.npy,40,313,False
test,Morgen Freeman,nodementia,nodementia/Morgen Freeman/Morgen Freeman_2.wav,Morgen Freeman_2,13,C:\Users\sricb\OneDrive\Desktop\AI dementia dection\AI-Powered-Multimodal-Dementia-System\data\audio\features\mfcc\test\Morgen Freeman\Morgen Freeman_2_chunk_013.npy,40,313,False
test,Morgen Freeman,nodementia,nodementia/Morgen Freeman/Morgen Freeman_2.wav,Morgen Freeman_2,14,C:\Users\sricb\OneDrive\Desktop\AI dementia dection\AI-Powered-Multimodal-Dementia-System\data\audio\features\mfcc\test\Morgen Freeman\Morgen Freeman_2_chunk_014.npy,40,313,False
test,Morgen Freeman,nodementia,nodementia/Morgen Freeman/Morgen Freeman_2.wav,Morgen Freeman_2,15,C:\Users\sricb\OneDrive\Desktop\AI dementia dection\AI-Powered-Multimodal-Dementia-System\data\audio\features\mfcc\test\Morgen Freeman\Morgen Freeman_2_chunk_015.npy,40,313,False
test,Morgen Freeman,nodementia,nodementia/Morgen Freeman/Morgen Freeman_2.wav,Morgen Freeman_2,16,C:\Users\sricb\OneDrive\Desktop\AI dementia dection\AI-Powered-Multimodal-Dementia-System\data\audio\features\mfcc\test\Morgen Freeman\Morgen Freeman_2_chunk_016.npy,40,313,False
test,Morgen Freeman,nodementia,nodementia/Morgen Freeman/Morgen Freeman_2.wav,Morgen Freeman_2,17,C:\Users\sricb\OneDrive\Desktop\AI dementia dection\AI-Powered-Multimodal-Dementia-System\data\audio\features\mfcc\test\Morgen Freeman\Morgen Freeman_2_chunk_017.npy,40,313,True
test,Morgen Freeman,nodementia,nodementia/Morgen Freeman/Morgen Freeman_3.wav,Morgen Freeman_3,1,C:\Users\sricb\OneDrive\Desktop\AI dementia dection\AI-Powered-Multimodal-Dementia-System\data\audio\features\mfcc\test\Morgen Freeman\Morgen Freeman_3_chunk_001.npy,40,313,False
test,Morgen Freeman,nodementia,nodementia/Morgen Freeman/Morgen Freeman_3.wav,Morgen Freeman_3,2,C:\Users\sricb\OneDrive\Desktop\AI dementia dection\AI-Powered-Multimodal-Dementia-System\data\audio\features\mfcc\test\Morgen Freeman\Morgen Freeman_3_chunk_002.npy,40,313,False
test,Morgen Freeman,nodementia,nodementia/Morgen Freeman/Morgen Freeman_3.wav,Morgen Freeman_3,3,C:\Users\sricb\OneDrive\Desktop\AI dementia dection\AI-Powered-Multimodal-Dementia-System\data\audio\features\mfcc\test\Morgen Freeman\Morgen Freeman_3_chunk_003.npy,40,313,False
test,Morgen Freeman,nodementia,nodementia/Morgen Freeman/Morgen Freeman_3.wav,Morgen Freeman_3,4,C:\Users\sricb\OneDrive\Desktop\AI dementia dection\AI-Powered-Multimodal-Dementia-System\data\audio\features\mfcc\test\Morgen Freeman\Morgen Freeman_3_chunk_004.npy,40,313,False
test,Morgen Freeman,nodementia,nodementia/Morgen Freeman/Morgen Freeman_3.wav,Morgen Freeman_3,5,C:\Users\sricb\OneDrive\Desktop\AI dementia dection\AI-Powered-Multimodal-Dementia-System\data\audio\features\mfcc\test\Morgen Freeman\Morgen Freeman_3_chunk_005.npy,40,313,False
test,Morgen Freeman,nodementia,nodementia/Morgen Freeman/Morgen Freeman_3.wav,Morgen Freeman_3,6,C:\Users\sricb\OneDrive\Desktop\AI dementia dection\AI-Powered-Multimodal-Dementia-System\data\audio\features\mfcc\test\Morgen Freeman\Morgen Freeman_3_chunk_006.npy,40,313,False
test,Morgen Freeman,nodementia,nodementia/Morgen Freeman/Morgen Freeman_3.wav,Morgen Freeman_3,7,C:\Users\sricb\OneDrive\Desktop\AI dementia dection\AI-Powered-Multimodal-Dementia-System\data\audio\features\mfcc\test\Morgen Freeman\Morgen Freeman_3_chunk_007.npy,40,313,True
test,Morgen Freeman,nodementia,nodementia/Morgen Freeman/Morgen Freeman_3.wav,Morgen Freeman_3,8,C:\Users\sricb\OneDrive\Desktop\AI dementia dection\AI-Powered-Multimodal-Dementia-System\data\audio\features\mfcc\test\Morgen Freeman\Morgen Freeman_3_chunk_008.npy,40,313,True
test,Patrick Stewart,nodementia,nodementia/Patrick Stewart/Patrick Stewart_1.wav,Patrick Stewart_1,1,C:\Users\sricb\OneDrive\Desktop\AI dementia dection\AI-Powered-Multimodal-Dementia-System\data\audio\features\mfcc\test\Patrick Stewart\Patrick Stewart_1_chunk_001.npy,40,313,False
test,Patrick Stewart,nodementia,nodementia/Patrick Stewart/Patrick Stewart_1.wav,Patrick Stewart_1,2,C:\Users\sricb\OneDrive\Desktop\AI dementia dection\AI-Powered-Multimodal-Dementia-System\data\audio\features\mfcc\test\Patrick Stewart\Patrick Stewart_1_chunk_002.npy,40,313,False
test,Patrick Stewart,nodementia,nodementia/Patrick Stewart/Patrick Stewart_1.wav,Patrick Stewart_1,3,C:\Users\sricb\OneDrive\Desktop\AI dementia dection\AI-Powered-Multimodal-Dementia-System\data\audio\features\mfcc\test\Patrick Stewart\Patrick Stewart_1_chunk_003.npy,40,313,False
test,Patrick Stewart,nodementia,nodementia/Patrick Stewart/Patrick Stewart_1.wav,Patrick Stewart_1,4,C:\Users\sricb\OneDrive\Desktop\AI dementia dection\AI-Powered-Multimodal-Dementia-System\data\audio\features\mfcc\test\Patrick Stewart\Patrick Stewart_1_chunk_004.npy,40,313,False
test,Patrick Stewart,nodementia,nodementia/Patrick Stewart/Patrick Stewart_1.wav,Patrick Stewart_1,5,C:\Users\sricb\OneDrive\Desktop\AI dementia dection\AI-Powered-Multimodal-Dementia-System\data\audio\features\mfcc\test\Patrick Stewart\Patrick Stewart_1_chunk_005.npy,40,313,False
test,Patrick Stewart,nodementia,nodementia/Patrick Stewart/Patrick Stewart_1.wav,Patrick Stewart_1,6,C:\Users\sricb\OneDrive\Desktop\AI dementia dection\AI-Powered-Multimodal-Dementia-System\data\audio\features\mfcc\test\Patrick Stewart\Patrick Stewart_1_chunk_006.npy,40,313,False
test,Patrick Stewart,nodementia,nodementia/Patrick Stewart/Patrick Stewart_1.wav,Patrick Stewart_1,7,C:\Users\sricb\OneDrive\Desktop\AI dementia dection\AI-Powered-Multimodal-Dementia-System\data\audio\features\mfcc\test\Patrick Stewart\Patrick Stewart_1_chunk_007.npy,40,313,False
test,Patrick Stewart,nodementia,nodementia/Patrick Stewart/Patrick Stewart_1.wav,Patrick Stewart_1,8,C:\Users\sricb\OneDrive\Desktop\AI dementia dection\AI-Powered-Multimodal-Dementia-System\data\audio\features\mfcc\test\Patrick Stewart\Patrick Stewart_1_chunk_008.npy,40,313,False
test,Patrick Stewart,nodementia,nodementia/Patrick Stewart/Patrick Stewart_1.wav,Patrick Stewart_1,9,C:\Users\sricb\OneDrive\Desktop\AI dementia dection\AI-Powered-Multimodal-Dementia-System\data\audio\features\mfcc\test\Patrick Stewart\Patrick Stewart_1_chunk_009.npy,40,313,False
test,Patrick Stewart,nodementia,nodementia/Patrick Stewart/Patrick Stewart_1.wav,Patrick Stewart_1,10,C:\Users\sricb\OneDrive\Desktop\AI dementia dection\AI-Powered-Multimodal-Dementia-System\data\audio\features\mfcc\test\Patrick Stewart\Patrick Stewart_1_chunk_010.npy,40,313,False
test,Patrick Stewart,nodementia,nodementia/Patrick Stewart/Patrick Stewart_1.wav,Patrick Stewart_1,11,C:\Users\sricb\OneDrive\Desktop\AI dementia dection\AI-Powered-Multimodal-Dementia-System\data\audio\features\mfcc\test\Patrick Stewart\Patrick Stewart_1_chunk_011.npy,40,313,False
test,Patrick Stewart,nodementia,nodementia/Patrick Stewart/Patrick Stewart_1.wav,Patrick Stewart_1,12,C:\Users\sricb\OneDrive\Desktop\AI dementia dection\AI-Powered-Multimodal-Dementia-System\data\audio\features\mfcc\test\Patrick Stewart\Patrick Stewart_1_chunk_012.npy,40,313,False
test,Patrick Stewart,nodementia,nodementia/Patrick Stewart/Patrick Stewart_1.wav,Patrick Stewart_1,13,C:\Users\sricb\OneDrive\Desktop\AI dementia dection\AI-Powered-Multimodal-Dementia-System\data\audio\features\mfcc\test\Patrick Stewart\Patrick Stewart_1_chunk_013.npy,40,313,False
test,Patrick Stewart,nodementia,nodementia/Patrick Stewart/Patrick Stewart_1.wav,Patrick Stewart_1,14,C:\Users\sricb\OneDrive\Desktop\AI dementia dection\AI-Powered-Multimodal-Dementia-System\data\audio\features\mfcc\test\Patrick Stewart\Patrick Stewart_1_chunk_014.npy,40,313,False
test,Patrick Stewart,nodementia,nodementia/Patrick Stewart/Patrick Stewart_1.wav,Patrick Stewart_1,15,C:\Users\sricb\OneDrive\Desktop\AI dementia dection\AI-Powered-Multimodal-Dementia-System\data\audio\features\mfcc\test\Patrick Stewart\Patrick Stewart_1_chunk_015.npy,40,313,False
test,Patrick Stewart,nodementia,nodementia/Patrick Stewart/Patrick Stewart_1.wav,Patrick Stewart_1,16,C:\Users\sricb\OneDrive\Desktop\AI dementia dection\AI-Powered-Multimodal-Dementia-System\data\audio\features\mfcc\test\Patrick Stewart\Patrick Stewart_1_chunk_016.npy,40,313,False
test,Patrick Stewart,nodementia,nodementia/Patrick Stewart/Patrick Stewart_1.wav,Patrick Stewart_1,17,C:\Users\sricb\OneDrive\Desktop\AI dementia dection\AI-Powered-Multimodal-Dementia-System\data\audio\features\mfcc\test\Patrick Stewart\Patrick Stewart_1_chunk_017.npy,40,313,False
test,Patrick Stewart,nodementia,nodementia/Patrick Stewart/Patrick Stewart_1.wav,Patrick Stewart_1,18,C:\Users\sricb\OneDrive\Desktop\AI dementia dection\AI-Powered-Multimodal-Dementia-System\data\audio\features\mfcc\test\Patrick Stewart\Patrick Stewart_1_chunk_018.npy,40,313,True
test,Patrick Stewart,nodementia,nodementia/Patrick Stewart/Patrick Stewart_2.wav,Patrick Stewart_2,1,C:\Users\sricb\OneDrive\Desktop\AI dementia dection\AI-Powered-Multimodal-Dementia-System\data\audio\features\mfcc\test\Patrick Stewart\Patrick Stewart_2_chunk_001.npy,40,313,False
test,Patrick Stewart,nodementia,nodementia/Patrick Stewart/Patrick Stewart_2.wav,Patrick Stewart_2,2,C:\Users\sricb\OneDrive\Desktop\AI dementia dection\AI-Powered-Multimodal-Dementia-System\data\audio\features\mfcc\test\Patrick Stewart\Patrick Stewart_2_chunk_002.npy,40,313,False
test,Patrick Stewart,nodementia,nodementia/Patrick Stewart/Patrick Stewart_2.wav,Patrick Stewart_2,3,C:\Users\sricb\OneDrive\Desktop\AI dementia dection\AI-Powered-Multimodal-Dementia-System\data\audio\features\mfcc\test\Patrick Stewart\Patrick Stewart_2_chunk_003.npy,40,313,False
test,Patrick Stewart,nodementia,nodementia/Patrick Stewart/Patrick Stewart_2.wav,Patrick Stewart_2,4,C:\Users\sricb\OneDrive\Desktop\AI dementia dection\AI-Powered-Multimodal-Dementia-System\data\audio\features\mfcc\test\Patrick Stewart\Patrick Stewart_2_chunk_004.npy,40,313,False
test,Patrick Stewart,nodementia,nodementia/Patrick Stewart/Patrick Stewart_2.wav,Patrick Stewart_2,5,C:\Users\sricb\OneDrive\Desktop\AI dementia dection\AI-Powered-Multimodal-Dementia-System\data\audio\features\mfcc\test\Patrick Stewart\Patrick Stewart_2_chunk_005.npy,40,313,False
test,Patrick Stewart,nodementia,nodementia/Patrick Stewart/Patrick Stewart_2.wav,Patrick Stewart_2,6,C:\Users\sricb\OneDrive\Desktop\AI dementia dection\AI-Powered-Multimodal-Dementia-System\data\audio\features\mfcc\test\Patrick Stewart\Patrick Stewart_2_chunk_006.npy,40,313,False
test,Patrick Stewart,nodementia,nodementia/Patrick Stewart/Patrick Stewart_2.wav,Patrick Stewart_2,7,C:\Users\sricb\OneDrive\Desktop\AI dementia dection\AI-Powered-Multimodal-Dementia-System\data\audio\features\mfcc\test\Patrick Stewart\Patrick Stewart_2_chunk_007.npy,40,313,False
test,Patrick Stewart,nodementia,nodementia/Patrick Stewart/Patrick Stewart_2.wav,Patrick Stewart_2,8,C:\Users\sricb\OneDrive\Desktop\AI dementia dection\AI-Powered-Multimodal-Dementia-System\data\audio\features\mfcc\test\Patrick Stewart\Patrick Stewart_2_chunk_008.npy,40,313,False
test,Patrick Stewart,nodementia,nodementia/Patrick Stewart/Patrick Stewart_2.wav,Patrick Stewart_2,9,C:\Users\sricb\OneDrive\Desktop\AI dementia dection\AI-Powered-Multimodal-Dementia-System\data\audio\features\mfcc\test\Patrick Stewart\Patrick Stewart_2_chunk_009.npy,40,313,False
test,Patrick Stewart,nodementia,nodementia/Patrick Stewart/Patrick Stewart_2.wav,Patrick Stewart_2,10,C:\Users\sricb\OneDrive\Desktop\AI dementia dection\AI-Powered-Multimodal-Dementia-System\data\audio\features\mfcc\test\Patrick Stewart\Patrick Stewart_2_chunk_010.npy,40,313,False
test,Patrick Stewart,nodementia,nodementia/Patrick Stewart/Patrick Stewart_2.wav,Patrick Stewart_2,11,C:\Users\sricb\OneDrive\Desktop\AI dementia dection\AI-Powered-Multimodal-Dementia-System\data\audio\features\mfcc\test\Patrick Stewart\Patrick Stewart_2_chunk_011.npy,40,313,False
test,Patrick Stewart,nodementia,nodementia/Patrick Stewart/Patrick Stewart_2.wav,Patrick Stewart_2,12,C:\Users\sricb\OneDrive\Desktop\AI dementia dection\AI-Powered-Multimodal-Dementia-System\data\audio\features\mfcc\test\Patrick Stewart\Patrick Stewart_2_chunk_012.npy,40,313,False
test,Patrick Stewart,nodementia,nodementia/Patrick Stewart/Patrick Stewart_2.wav,Patrick Stewart_2,13,C:\Users\sricb\OneDrive\Desktop\AI dementia dection\AI-Powered-Multimodal-Dementia-System\data\audio\features\mfcc\test\Patrick Stewart\Patrick Stewart_2_chunk_013.npy,40,313,True
test,Patrick Stewart,nodementia,nodementia/Patrick Stewart/Patrick Stewart_2.wav,Patrick Stewart_2,14,C:\Users\sricb\OneDrive\Desktop\AI dementia dection\AI-Powered-Multimodal-Dementia-System\data\audio\features\mfcc\test\Patrick Stewart\Patrick Stewart_2_chunk_014.npy,40,313,True
test,Patrick Stewart,nodementia,nodementia/Patrick Stewart/Patrick Stewart_3.wav,Patrick Stewart_3,1,C:\Users\sricb\OneDrive\Desktop\AI dementia dection\AI-Powered-Multimodal-Dementia-System\data\audio\features\mfcc\test\Patrick Stewart\Patrick Stewart_3_chunk_001.npy,40,313,False
test,Patrick Stewart,nodementia,nodementia/Patrick Stewart/Patrick Stewart_3.wav,Patrick Stewart_3,2,C:\Users\sricb\OneDrive\Desktop\AI dementia dection\AI-Powered-Multimodal-Dementia-System\data\audio\features\mfcc\test\Patrick Stewart\Patrick Stewart_3_chunk_002.npy,40,313,False
test,Patrick Stewart,nodementia,nodementia/Patrick Stewart/Patrick Stewart_3.wav,Patrick Stewart_3,3,C:\Users\sricb\OneDrive\Desktop\AI dementia dection\AI-Powered-Multimodal-Dementia-System\data\audio\features\mfcc\test\Patrick Stewart\Patrick Stewart_3_chunk_003.npy,40,313,False
test,Patrick Stewart,nodementia,nodementia/Patrick Stewart/Patrick Stewart_3.wav,Patrick Stewart_3,4,C:\Users\sricb\OneDrive\Desktop\AI dementia dection\AI-Powered-Multimodal-Dementia-System\data\audio\features\mfcc\test\Patrick Stewart\Patrick Stewart_3_chunk_004.npy,40,313,False
test,Patrick Stewart,nodementia,nodementia/Patrick Stewart/Patrick Stewart_3.wav,Patrick Stewart_3,5,C:\Users\sricb\OneDrive\Desktop\AI dementia dection\AI-Powered-Multimodal-Dementia-System\data\audio\features\mfcc\test\Patrick Stewart\Patrick Stewart_3_chunk_005.npy,40,313,False
test,Patrick Stewart,nodementia,nodementia/Patrick Stewart/Patrick Stewart_3.wav,Patrick Stewart_3,6,C:\Users\sricb\OneDrive\Desktop\AI dementia dection\AI-Powered-Multimodal-Dementia-System\data\audio\features\mfcc\test\Patrick Stewart\Patrick Stewart_3_chunk_006.npy,40,313,False
test,Patrick Stewart,nodementia,nodementia/Patrick Stewart/Patrick Stewart_3.wav,Patrick Stewart_3,7,C:\Users\sricb\OneDrive\Desktop\AI dementia dection\AI-Powered-Multimodal-Dementia-System\data\audio\features\mfcc\test\Patrick Stewart\Patrick Stewart_3_chunk_007.npy,40,313,False
test,Patrick Stewart,nodementia,nodementia/Patrick Stewart/Patrick Stewart_3.wav,Patrick Stewart_3,8,C:\Users\sricb\OneDrive\Desktop\AI dementia dection\AI-Powered-Multimodal-Dementia-System\data\audio\features\mfcc\test\Patrick Stewart\Patrick Stewart_3_chunk_008.npy,40,313,False
test,Patrick Stewart,nodementia,nodementia/Patrick Stewart/Patrick Stewart_3.wav,Patrick Stewart_3,9,C:\Users\sricb\OneDrive\Desktop\AI dementia dection\AI-Powered-Multimodal-Dementia-System\data\audio\features\mfcc\test\Patrick Stewart\Patrick Stewart_3_chunk_009.npy,40,313,False
test,Patrick Stewart,nodementia,nodementia/Patrick Stewart/Patrick Stewart_3.wav,Patrick Stewart_3,10,C:\Users\sricb\OneDrive\Desktop\AI dementia dection\AI-Powered-Multimodal-Dementia-System\data\audio\features\mfcc\test\Patrick Stewart\Patrick Stewart_3_chunk_010.npy,40,313,False
test,Patrick Stewart,nodementia,nodementia/Patrick Stewart/Patrick Stewart_3.wav,Patrick Stewart_3,11,C:\Users\sricb\OneDrive\Desktop\AI dementia dection\AI-Powered-Multimodal-Dementia-System\data\audio\features\mfcc\test\Patrick Stewart\Patrick Stewart_3_chunk_011.npy,40,313,False
test,Patrick Stewart,nodementia,nodementia/Patrick Stewart/Patrick Stewart_3.wav,Patrick Stewart_3,12,C:\Users\sricb\OneDrive\Desktop\AI dementia dection\AI-Powered-Multimodal-Dementia-System\data\audio\features\mfcc\test\Patrick Stewart\Patrick Stewart_3_chunk_012.npy,40,313,False
test,Patrick Stewart,nodementia,nodementia/Patrick Stewart/Patrick Stewart_3.wav,Patrick Stewart_3,13,C:\Users\sricb\OneDrive\Desktop\AI dementia dection\AI-Powered-Multimodal-Dementia-System\data\audio\features\mfcc\test\Patrick Stewart\Patrick Stewart_3_chunk_013.npy,40,313,False
test,Patrick Stewart,nodementia,nodementia/Patrick Stewart/Patrick Stewart_3.wav,Patrick Stewart_3,14,C:\Users\sricb\OneDrive\Desktop\AI dementia dection\AI-Powered-Multimodal-Dementia-System\data\audio\features\mfcc\test\Patrick Stewart\Patrick Stewart_3_chunk_014.npy,40,313,False
test,Patrick Stewart,nodementia,nodementia/Patrick Stewart/Patrick Stewart_3.wav,Patrick Stewart_3,15,C:\Users\sricb\OneDrive\Desktop\AI dementia dection\AI-Powered-Multimodal-Dementia-System\data\audio\features\mfcc\test\Patrick Stewart\Patrick Stewart_3_chunk_015.npy,40,313,False
test,Patrick Stewart,nodementia,nodementia/Patrick Stewart/Patrick Stewart_3.wav,Patrick Stewart_3,16,C:\Users\sricb\OneDrive\Desktop\AI dementia dection\AI-Powered-Multimodal-Dementia-System\data\audio\features\mfcc\test\Patrick Stewart\Patrick Stewart_3_chunk_016.npy,40,313,False
test,Patrick Stewart,nodementia,nodementia/Patrick Stewart/Patrick Stewart_3.wav,Patrick Stewart_3,17,C:\Users\sricb\OneDrive\Desktop\AI dementia dection\AI-Powered-Multimodal-Dementia-System\data\audio\features\mfcc\test\Patrick Stewart\Patrick Stewart_3_chunk_017.npy,40,313,False
test,Patrick Stewart,nodementia,nodementia/Patrick Stewart/Patrick Stewart_3.wav,Patrick Stewart_3,18,C:\Users\sricb\OneDrive\Desktop\AI dementia dection\AI-Powered-Multimodal-Dementia-System\data\audio\features\mfcc\test\Patrick Stewart\Patrick Stewart_3_chunk_018.npy,40,313,True
test,Patrick Stewart,nodementia,nodementia/Patrick Stewart/Patrick Stewart_3.wav,Patrick Stewart_3,19,C:\Users\sricb\OneDrive\Desktop\AI dementia dection\AI-Powered-Multimodal-Dementia-System\data\audio\features\mfcc\test\Patrick Stewart\Patrick Stewart_3_chunk_019.npy,40,313,True
test,Raquel Welch,nodementia,nodementia/Raquel Welch/RaquelWelch_1.wav,RaquelWelch_1,1,C:\Users\sricb\OneDrive\Desktop\AI dementia dection\AI-Powered-Multimodal-Dementia-System\data\audio\features\mfcc\test\Raquel Welch\RaquelWelch_1_chunk_001.npy,40,313,False
test,Raquel Welch,nodementia,nodementia/Raquel Welch/RaquelWelch_1.wav,RaquelWelch_1,2,C:\Users\sricb\OneDrive\Desktop\AI dementia dection\AI-Powered-Multimodal-Dementia-System\data\audio\features\mfcc\test\Raquel Welch\RaquelWelch_1_chunk_002.npy,40,313,False
test,Raquel Welch,nodementia,nodementia/Raquel Welch/RaquelWelch_1.wav,RaquelWelch_1,3,C:\Users\sricb\OneDrive\Desktop\AI dementia dection\AI-Powered-Multimodal-Dementia-System\data\audio\features\mfcc\test\Raquel Welch\RaquelWelch_1_chunk_003.npy,40,313,False
test,Raquel Welch,nodementia,nodementia/Raquel Welch/RaquelWelch_1.wav,RaquelWelch_1,4,C:\Users\sricb\OneDrive\Desktop\AI dementia dection\AI-Powered-Multimodal-Dementia-System\data\audio\features\mfcc\test\Raquel Welch\RaquelWelch_1_chunk_004.npy,40,313,False
test,Raquel Welch,nodementia,nodementia/Raquel Welch/RaquelWelch_1.wav,RaquelWelch_1,5,C:\Users\sricb\OneDrive\Desktop\AI dementia dection\AI-Powered-Multimodal-Dementia-System\data\audio\features\mfcc\test\Raquel Welch\RaquelWelch_1_chunk_005.npy,40,313,True
test,Raquel Welch,nodementia,nodementia/Raquel Welch/RaquelWelch_1.wav,RaquelWelch_1,6,C:\Users\sricb\OneDrive\Desktop\AI dementia dection\AI-Powered-Multimodal-Dementia-System\data\audio\features\mfcc\test\Raquel Welch\RaquelWelch_1_chunk_006.npy,40,313,True
test,Raquel Welch,nodementia,nodementia/Raquel Welch/RaquelWelch_2.wav,RaquelWelch_2,1,C:\Users\sricb\OneDrive\Desktop\AI dementia dection\AI-Powered-Multimodal-Dementia-System\data\audio\features\mfcc\test\Raquel Welch\RaquelWelch_2_chunk_001.npy,40,313,False
test,Raquel Welch,nodementia,nodementia/Raquel Welch/RaquelWelch_2.wav,RaquelWelch_2,2,C:\Users\sricb\OneDrive\Desktop\AI dementia dection\AI-Powered-Multimodal-Dementia-System\data\audio\features\mfcc\test\Raquel Welch\RaquelWelch_2_chunk_002.npy,40,313,False
test,Raquel Welch,nodementia,nodementia/Raquel Welch/RaquelWelch_2.wav,RaquelWelch_2,3,C:\Users\sricb\OneDrive\Desktop\AI dementia dection\AI-Powered-Multimodal-Dementia-System\data\audio\features\mfcc\test\Raquel Welch\RaquelWelch_2_chunk_003.npy,40,313,False
test,Raquel Welch,nodementia,nodementia/Raquel Welch/RaquelWelch_2.wav,RaquelWelch_2,4,C:\Users\sricb\OneDrive\Desktop\AI dementia dection\AI-Powered-Multimodal-Dementia-System\data\audio\features\mfcc\test\Raquel Welch\RaquelWelch_2_chunk_004.npy,40,313,False
test,Raquel Welch,nodementia,nodementia/Raquel Welch/RaquelWelch_2.wav,RaquelWelch_2,5,C:\Users\sricb\OneDrive\Desktop\AI dementia dection\AI-Powered-Multimodal-Dementia-System\data\audio\features\mfcc\test\Raquel Welch\RaquelWelch_2_chunk_005.npy,40,313,True
test,Raquel Welch,nodementia,nodementia/Raquel Welch/RaquelWelch_2.wav,RaquelWelch_2,6,C:\Users\sricb\OneDrive\Desktop\AI dementia dection\AI-Powered-Multimodal-Dementia-System\data\audio\features\mfcc\test\Raquel Welch\RaquelWelch_2_chunk_006.npy,40,313,True
test,Raquel Welch,nodementia,nodementia/Raquel Welch/RaquelWelch_3.wav,RaquelWelch_3,1,C:\Users\sricb\OneDrive\Desktop\AI dementia dection\AI-Powered-Multimodal-Dementia-System\data\audio\features\mfcc\test\Raquel Welch\RaquelWelch_3_chunk_001.npy,40,313,False
test,Raquel Welch,nodementia,nodementia/Raquel Welch/RaquelWelch_3.wav,RaquelWelch_3,2,C:\Users\sricb\OneDrive\Desktop\AI dementia dection\AI-Powered-Multimodal-Dementia-System\data\audio\features\mfcc\test\Raquel Welch\RaquelWelch_3_chunk_002.npy,40,313,False
test,Raquel Welch,nodementia,nodementia/Raquel Welch/RaquelWelch_3.wav,RaquelWelch_3,3,C:\Users\sricb\OneDrive\Desktop\AI dementia dection\AI-Powered-Multimodal-Dementia-System\data\audio\features\mfcc\test\Raquel Welch\RaquelWelch_3_chunk_003.npy,40,313,False
test,Raquel Welch,nodementia,nodementia/Raquel Welch/RaquelWelch_3.wav,RaquelWelch_3,4,C:\Users\sricb\OneDrive\Desktop\AI dementia dection\AI-Powered-Multimodal-Dementia-System\data\audio\features\mfcc\test\Raquel Welch\RaquelWelch_3_chunk_004.npy,40,313,False
test,Raquel Welch,nodementia,nodementia/Raquel Welch/RaquelWelch_3.wav,RaquelWelch_3,5,C:\Users\sricb\OneDrive\Desktop\AI dementia dection\AI-Powered-Multimodal-Dementia-System\data\audio\features\mfcc\test\Raquel Welch\RaquelWelch_3_chunk_005.npy,40,313,True
test,Raquel Welch,nodementia,nodementia/Raquel Welch/RaquelWelch_3.wav,RaquelWelch_3,6,C:\Users\sricb\OneDrive\Desktop\AI dementia dection\AI-Powered-Multimodal-Dementia-System\data\audio\features\mfcc\test\Raquel Welch\RaquelWelch_3_chunk_006.npy,40,313,True
test,Terry Gilliam,nodementia,nodementia/Terry Gilliam/TerryGilliam_1.wav,TerryGilliam_1,1,C:\Users\sricb\OneDrive\Desktop\AI dementia dection\AI-Powered-Multimodal-Dementia-System\data\audio\features\mfcc\test\Terry Gilliam\TerryGilliam_1_chunk_001.npy,40,313,False
test,Terry Gilliam,nodementia,nodementia/Terry Gilliam/TerryGilliam_1.wav,TerryGilliam_1,2,C:\Users\sricb\OneDrive\Desktop\AI dementia dection\AI-Powered-Multimodal-Dementia-System\data\audio\features\mfcc\test\Terry Gilliam\TerryGilliam_1_chunk_002.npy,40,313,False
test,Terry Gilliam,nodementia,nodementia/Terry Gilliam/TerryGilliam_1.wav,TerryGilliam_1,3,C:\Users\sricb\OneDrive\Desktop\AI dementia dection\AI-Powered-Multimodal-Dementia-System\data\audio\features\mfcc\test\Terry Gilliam\TerryGilliam_1_chunk_003.npy,40,313,False
test,Terry Gilliam,nodementia,nodementia/Terry Gilliam/TerryGilliam_1.wav,TerryGilliam_1,4,C:\Users\sricb\OneDrive\Desktop\AI dementia dection\AI-Powered-Multimodal-Dementia-System\data\audio\features\mfcc\test\Terry Gilliam\TerryGilliam_1_chunk_004.npy,40,313,False
test,Terry Gilliam,nodementia,nodementia/Terry Gilliam/TerryGilliam_1.wav,TerryGilliam_1,5,C:\Users\sricb\OneDrive\Desktop\AI dementia dection\AI-Powered-Multimodal-Dementia-System\data\audio\features\mfcc\test\Terry Gilliam\TerryGilliam_1_chunk_005.npy,40,313,False
test,Terry Gilliam,nodementia,nodementia/Terry Gilliam/TerryGilliam_1.wav,TerryGilliam_1,6,C:\Users\sricb\OneDrive\Desktop\AI dementia dection\AI-Powered-Multimodal-Dementia-System\data\audio\features\mfcc\test\Terry Gilliam\TerryGilliam_1_chunk_006.npy,40,313,False
test,Terry Gilliam,nodementia,nodementia/Terry Gilliam/TerryGilliam_1.wav,TerryGilliam_1,7,C:\Users\sricb\OneDrive\Desktop\AI dementia dection\AI-Powered-Multimodal-Dementia-System\data\audio\features\mfcc\test\Terry Gilliam\TerryGilliam_1_chunk_007.npy,40,313,False
test,Terry Gilliam,nodementia,nodementia/Terry Gilliam/TerryGilliam_1.wav,TerryGilliam_1,8,C:\Users\sricb\OneDrive\Desktop\AI dementia dection\AI-Powered-Multimodal-Dementia-System\data\audio\features\mfcc\test\Terry Gilliam\TerryGilliam_1_chunk_008.npy,40,313,False
test,Terry Gilliam,nodementia,nodementia/Terry Gilliam/TerryGilliam_1.wav,TerryGilliam_1,9,C:\Users\sricb\OneDrive\Desktop\AI dementia dection\AI-Powered-Multimodal-Dementia-System\data\audio\features\mfcc\test\Terry Gilliam\TerryGilliam_1_chunk_009.npy,40,313,False
test,Terry Gilliam,nodementia,nodementia/Terry Gilliam/TerryGilliam_1.wav,TerryGilliam_1,10,C:\Users\sricb\OneDrive\Desktop\AI dementia dection\AI-Powered-Multimodal-Dementia-System\data\audio\features\mfcc\test\Terry Gilliam\TerryGilliam_1_chunk_010.npy,40,313,False
test,Terry Gilliam,nodementia,nodementia/Terry Gilliam/TerryGilliam_1.wav,TerryGilliam_1,11,C:\Users\sricb\OneDrive\Desktop\AI dementia dection\AI-Powered-Multimodal-Dementia-System\data\audio\features\mfcc\test\Terry Gilliam\TerryGilliam_1_chunk_011.npy,40,313,False
test,Terry Gilliam,nodementia,nodementia/Terry Gilliam/TerryGilliam_1.wav,TerryGilliam_1,12,C:\Users\sricb\OneDrive\Desktop\AI dementia dection\AI-Powered-Multimodal-Dementia-System\data\audio\features\mfcc\test\Terry Gilliam\TerryGilliam_1_chunk_012.npy,40,313,False
test,Terry Gilliam,nodementia,nodementia/Terry Gilliam/TerryGilliam_1.wav,TerryGilliam_1,13,C:\Users\sricb\OneDrive\Desktop\AI dementia dection\AI-Powered-Multimodal-Dementia-System\data\audio\features\mfcc\test\Terry Gilliam\TerryGilliam_1_chunk_013.npy,40,313,False
test,Terry Gilliam,nodementia,nodementia/Terry Gilliam/TerryGilliam_1.wav,TerryGilliam_1,14,C:\Users\sricb\OneDrive\Desktop\AI dementia dection\AI-Powered-Multimodal-Dementia-System\data\audio\features\mfcc\test\Terry Gilliam\TerryGilliam_1_chunk_014.npy,40,313,False
test,Terry Gilliam,nodementia,nodementia/Terry Gilliam/TerryGilliam_1.wav,TerryGilliam_1,15,C:\Users\sricb\OneDrive\Desktop\AI dementia dection\AI-Powered-Multimodal-Dementia-System\data\audio\features\mfcc\test\Terry Gilliam\TerryGilliam_1_chunk_015.npy,40,313,False
test,Terry Gilliam,nodementia,nodementia/Terry Gilliam/TerryGilliam_1.wav,TerryGilliam_1,16,C:\Users\sricb\OneDrive\Desktop\AI dementia dection\AI-Powered-Multimodal-Dementia-System\data\audio\features\mfcc\test\Terry Gilliam\TerryGilliam_1_chunk_016.npy,40,313,False
test,Terry Gilliam,nodementia,nodementia/Terry Gilliam/TerryGilliam_1.wav,TerryGilliam_1,17,C:\Users\sricb\OneDrive\Desktop\AI dementia dection\AI-Powered-Multimodal-Dementia-System\data\audio\features\mfcc\test\Terry Gilliam\TerryGilliam_1_chunk_017.npy,40,313,False
test,Terry Gilliam,nodementia,nodementia/Terry Gilliam/TerryGilliam_1.wav,TerryGilliam_1,18,C:\Users\sricb\OneDrive\Desktop\AI dementia dection\AI-Powered-Multimodal-Dementia-System\data\audio\features\mfcc\test\Terry Gilliam\TerryGilliam_1_chunk_018.npy,40,313,True
test,Terry Gilliam,nodementia,nodementia/Terry Gilliam/TerryGilliam_2.wav,TerryGilliam_2,1,C:\Users\sricb\OneDrive\Desktop\AI dementia dection\AI-Powered-Multimodal-Dementia-System\data\audio\features\mfcc\test\Terry Gilliam\TerryGilliam_2_chunk_001.npy,40,313,False
test,Terry Gilliam,nodementia,nodementia/Terry Gilliam/TerryGilliam_2.wav,TerryGilliam_2,2,C:\Users\sricb\OneDrive\Desktop\AI dementia dection\AI-Powered-Multimodal-Dementia-System\data\audio\features\mfcc\test\Terry Gilliam\TerryGilliam_2_chunk_002.npy,40,313,False
test,Terry Gilliam,nodementia,nodementia/Terry Gilliam/TerryGilliam_2.wav,TerryGilliam_2,3,C:\Users\sricb\OneDrive\Desktop\AI dementia dection\AI-Powered-Multimodal-Dementia-System\data\audio\features\mfcc\test\Terry Gilliam\TerryGilliam_2_chunk_003.npy,40,313,False
test,Terry Gilliam,nodementia,nodementia/Terry Gilliam/TerryGilliam_2.wav,TerryGilliam_2,4,C:\Users\sricb\OneDrive\Desktop\AI dementia dection\AI-Powered-Multimodal-Dementia-System\data\audio\features\mfcc\test\Terry Gilliam\TerryGilliam_2_chunk_004.npy,40,313,False
test,Terry Gilliam,nodementia,nodementia/Terry Gilliam/TerryGilliam_2.wav,TerryGilliam_2,5,C:\Users\sricb\OneDrive\Desktop\AI dementia dection\AI-Powered-Multimodal-Dementia-System\data\audio\features\mfcc\test\Terry Gilliam\TerryGilliam_2_chunk_005.npy,40,313,False
test,Terry Gilliam,nodementia,nodementia/Terry Gilliam/TerryGilliam_2.wav,TerryGilliam_2,6,C:\Users\sricb\OneDrive\Desktop\AI dementia dection\AI-Powered-Multimodal-Dementia-System\data\audio\features\mfcc\test\Terry Gilliam\TerryGilliam_2_chunk_006.npy,40,313,False
test,Terry Gilliam,nodementia,nodementia/Terry Gilliam/TerryGilliam_2.wav,TerryGilliam_2,7,C:\Users\sricb\OneDrive\Desktop\AI dementia dection\AI-Powered-Multimodal-Dementia-System\data\audio\features\mfcc\test\Terry Gilliam\TerryGilliam_2_chunk_007.npy,40,313,False
test,Terry Gilliam,nodementia,nodementia/Terry Gilliam/TerryGilliam_2.wav,TerryGilliam_2,8,C:\Users\sricb\OneDrive\Desktop\AI dementia dection\AI-Powered-Multimodal-Dementia-System\data\audio\features\mfcc\test\Terry Gilliam\TerryGilliam_2_chunk_008.npy,40,313,False
test,Terry Gilliam,nodementia,nodementia/Terry Gilliam/TerryGilliam_2.wav,TerryGilliam_2,9,C:\Users\sricb\OneDrive\Desktop\AI dementia dection\AI-Powered-Multimodal-Dementia-System\data\audio\features\mfcc\test\Terry Gilliam\TerryGilliam_2_chunk_009.npy,40,313,False
test,Terry Gilliam,nodementia,nodementia/Terry Gilliam/TerryGilliam_2.wav,TerryGilliam_2,10,C:\Users\sricb\OneDrive\Desktop\AI dementia dection\AI-Powered-Multimodal-Dementia-System\data\audio\features\mfcc\test\Terry Gilliam\TerryGilliam_2_chunk_010.npy,40,313,False
test,Terry Gilliam,nodementia,nodementia/Terry Gilliam/TerryGilliam_2.wav,TerryGilliam_2,11,C:\Users\sricb\OneDrive\Desktop\AI dementia dection\AI-Powered-Multimodal-Dementia-System\data\audio\features\mfcc\test\Terry Gilliam\TerryGilliam_2_chunk_011.npy,40,313,True
test,Terry Gilliam,nodementia,nodementia/Terry Gilliam/TerryGilliam_2.wav,TerryGilliam_2,12,C:\Users\sricb\OneDrive\Desktop\AI dementia dection\AI-Powered-Multimodal-Dementia-System\data\audio\features\mfcc\test\Terry Gilliam\TerryGilliam_2_chunk_012.npy,40,313,True
test,Terry Gilliam,nodementia,nodementia/Terry Gilliam/TerryGilliam_3.wav,TerryGilliam_3,1,C:\Users\sricb\OneDrive\Desktop\AI dementia dection\AI-Powered-Multimodal-Dementia-System\data\audio\features\mfcc\test\Terry Gilliam\TerryGilliam_3_chunk_001.npy,40,313,False
test,Terry Gilliam,nodementia,nodementia/Terry Gilliam/TerryGilliam_3.wav,TerryGilliam_3,2,C:\Users\sricb\OneDrive\Desktop\AI dementia dection\AI-Powered-Multimodal-Dementia-System\data\audio\features\mfcc\test\Terry Gilliam\TerryGilliam_3_chunk_002.npy,40,313,False
test,Terry Gilliam,nodementia,nodementia/Terry Gilliam/TerryGilliam_3.wav,TerryGilliam_3,3,C:\Users\sricb\OneDrive\Desktop\AI dementia dection\AI-Powered-Multimodal-Dementia-System\data\audio\features\mfcc\test\Terry Gilliam\TerryGilliam_3_chunk_003.npy,40,313,False
test,Terry Gilliam,nodementia,nodementia/Terry Gilliam/TerryGilliam_3.wav,TerryGilliam_3,4,C:\Users\sricb\OneDrive\Desktop\AI dementia dection\AI-Powered-Multimodal-Dementia-System\data\audio\features\mfcc\test\Terry Gilliam\TerryGilliam_3_chunk_004.npy,40,313,False
test,Terry Gilliam,nodementia,nodementia/Terry Gilliam/TerryGilliam_3.wav,TerryGilliam_3,5,C:\Users\sricb\OneDrive\Desktop\AI dementia dection\AI-Powered-Multimodal-Dementia-System\data\audio\features\mfcc\test\Terry Gilliam\TerryGilliam_3_chunk_005.npy,40,313,False
test,Terry Gilliam,nodementia,nodementia/Terry Gilliam/TerryGilliam_3.wav,TerryGilliam_3,6,C:\Users\sricb\OneDrive\Desktop\AI dementia dection\AI-Powered-Multimodal-Dementia-System\data\audio\features\mfcc\test\Terry Gilliam\TerryGilliam_3_chunk_006.npy,40,313,False
test,Terry Gilliam,nodementia,nodementia/Terry Gilliam/TerryGilliam_3.wav,TerryGilliam_3,7,C:\Users\sricb\OneDrive\Desktop\AI dementia dection\AI-Powered-Multimodal-Dementia-System\data\audio\features\mfcc\test\Terry Gilliam\TerryGilliam_3_chunk_007.npy,40,313,False
test,Terry Gilliam,nodementia,nodementia/Terry Gilliam/TerryGilliam_3.wav,TerryGilliam_3,8,C:\Users\sricb\OneDrive\Desktop\AI dementia dection\AI-Powered-Multimodal-Dementia-System\data\audio\features\mfcc\test\Terry Gilliam\TerryGilliam_3_chunk_008.npy,40,313,False
test,Terry Gilliam,nodementia,nodementia/Terry Gilliam/TerryGilliam_3.wav,TerryGilliam_3,9,C:\Users\sricb\OneDrive\Desktop\AI dementia dection\AI-Powered-Multimodal-Dementia-System\data\audio\features\mfcc\test\Terry Gilliam\TerryGilliam_3_chunk_009.npy,40,313,False
test,Terry Gilliam,nodementia,nodementia/Terry Gilliam/TerryGilliam_3.wav,TerryGilliam_3,10,C:\Users\sricb\OneDrive\Desktop\AI dementia dection\AI-Powered-Multimodal-Dementia-System\data\audio\features\mfcc\test\Terry Gilliam\TerryGilliam_3_chunk_010.npy,40,313,False
test,Terry Gilliam,nodementia,nodementia/Terry Gilliam/TerryGilliam_3.wav,TerryGilliam_3,11,C:\Users\sricb\OneDrive\Desktop\AI dementia dection\AI-Powered-Multimodal-Dementia-System\data\audio\features\mfcc\test\Terry Gilliam\TerryGilliam_3_chunk_011.npy,40,313,False
test,Terry Gilliam,nodementia,nodementia/Terry Gilliam/TerryGilliam_3.wav,TerryGilliam_3,12,C:\Users\sricb\OneDrive\Desktop\AI dementia dection\AI-Powered-Multimodal-Dementia-System\data\audio\features\mfcc\test\Terry Gilliam\TerryGilliam_3_chunk_012.npy,40,313,False
test,Terry Gilliam,nodementia,nodementia/Terry Gilliam/TerryGilliam_3.wav,TerryGilliam_3,13,C:\Users\sricb\OneDrive\Desktop\AI dementia dection\AI-Powered-Multimodal-Dementia-System\data\audio\features\mfcc\test\Terry Gilliam\TerryGilliam_3_chunk_013.npy,40,313,False
test,Terry Gilliam,nodementia,nodementia/Terry Gilliam/TerryGilliam_3.wav,TerryGilliam_3,14,C:\Users\sricb\OneDrive\Desktop\AI dementia dection\AI-Powered-Multimodal-Dementia-System\data\audio\features\mfcc\test\Terry Gilliam\TerryGilliam_3_chunk_014.npy,40,313,False
test,Terry Gilliam,nodementia,nodementia/Terry Gilliam/TerryGilliam_3.wav,TerryGilliam_3,15,C:\Users\sricb\OneDrive\Desktop\AI dementia dection\AI-Powered-Multimodal-Dementia-System\data\audio\features\mfcc\test\Terry Gilliam\TerryGilliam_3_chunk_015.npy,40,313,False
test,Terry Gilliam,nodementia,nodementia/Terry Gilliam/TerryGilliam_3.wav,TerryGilliam_3,16,C:\Users\sricb\OneDrive\Desktop\AI dementia dection\AI-Powered-Multimodal-Dementia-System\data\audio\features\mfcc\test\Terry Gilliam\TerryGilliam_3_chunk_016.npy,40,313,False
test,Terry Gilliam,nodementia,nodementia/Terry Gilliam/TerryGilliam_3.wav,TerryGilliam_3,17,C:\Users\sricb\OneDrive\Desktop\AI dementia dection\AI-Powered-Multimodal-Dementia-System\data\audio\features\mfcc\test\Terry Gilliam\TerryGilliam_3_chunk_017.npy,40,313,False
test,Terry Gilliam,nodementia,nodementia/Terry Gilliam/TerryGilliam_3.wav,TerryGilliam_3,18,C:\Users\sricb\OneDrive\Desktop\AI dementia dection\AI-Powered-Multimodal-Dementia-System\data\audio\features\mfcc\test\Terry Gilliam\TerryGilliam_3_chunk_018.npy,40,313,True
